codigo,descripcion,marca,grupo,categoria,producto_fresco
7792070001614,ACEI OLIV EX VIR BOT,NUCET,Almacén,Aceites,""
7792070001652,ACEI OLIV EX VIRGE C,NUCET,Almacén,Aceites,""
7790070265173,ACEI OLIVA EXT VIRGE,LIRA,Almacén,Aceites,""
7790070265333,ACEIT FRITOLIM CLASI,COCIN,Almacén,Aceites,""
7790070231864,ACEIT OLIV EV INTENS,COCINERO,Almacén,Aceites,""
7790070231871,ACEIT OLIV EV SUAVE,COCIN,Almacén,Aceites,""
7790060023684,ACEITE DE GIRASOL,COCINERO,Almacén,Aceites,""
7790070012050,ACEITE DE GIRASOL,COCINERO,Almacén,Aceites,""
7790272001005,ACEITE DE GIRASOL,NATUR,Almacén,Aceites,""
7790272001029,ACEITE DE GIRASOL,NATURA,Almacén,Aceites,""
7792180001641,ACEITE DE GIRASOL,CAÑUE,Almacén,Aceites,""
7792180001665,ACEITE DE GIRASOL,CAÑUE,Almacén,Aceites,""
7792180137944,ACEITE DE GIRASOL,PUREZ,Almacén,Aceites,""
7798316700808,ACEITE DE GIRASOL,LEGIT,Almacén,Aceites,""
7798316700815,ACEITE DE GIRASOL,LEGIT,Almacén,Aceites,""
7792180137937,ACEITE DE GIRASOL PUREZA PET 900 CC,PUREZA,Almacén,Aceites,""
7790272001036,"ACEITE DE GIRASOL, NATURA, 3000 cm3",NATURA,Almacén,Aceites,""
7790580160807,ACEITE DE MAIZ,ARCOR,Almacén,Aceites,""
7790070265104,ACEITE DE OLIVA EXTRA VIRGEN COCINERO BOT 250 ML,COCINERO,Almacén,Aceites,""
7790070265258,"ACEITE DE OLIVA EXTRA VIRGEN ORGAN., LIRA, 500 cm3",LIRA,Almacén,Aceites,""
7790199603757,"ACEITE DE OLIVA EXTRA VIRGEN PET, MORIXE, 500 cm3",MORIXE,Almacén,Aceites,""
7790070231420,ACEITE GIRASOL LIRA X 1.5 L,LIRA,Almacén,Aceites,""
7790070231468,ACEITE GIRASOL LIRA X 900 ML,LIRA,Almacén,Aceites,""
7790272000831,ACEITE GIRASOL NATURA AEROSOL X 120 CC,NATURA,Almacén,Aceites,""
7792180131935,ACEITE GIRASOL ROCIO VEGETAL CANUELAS X 150 GRS,CANUELAS,Almacén,Aceites,""
7790070231697,ACEITE MAIZ LIRA X 900 CC,LIRA,Almacén,Aceites,""
7790272006819,"ACEITE MEZCLA GIRASOL - OLIVA, COPISI, 900 cm3",COPISI,Almacén,Aceites,""
7790070231598,ACEITE MEZCLA GIRASOL OLIVA COCINERO PET X 900 ML,COCINERO,Almacén,Aceites,""
7790272000053,"ACEITE MEZCLA GIRASOL- OLIVA, NATURA, 1500 cm3",NATURA,Almacén,Aceites,""
7790060234868,"ACEITE MEZCLA, COCINERO, 900 cm3",COCINERO,Almacén,Aceites,""
7792180005182,ACEITE OLIV EV CLASI,CAÑUE,Almacén,Aceites,""
7798080520534,ACEITE OLIVA C ALBHA,TOSCA,Almacén,Aceites,""
7792180005205,ACEITE OLIVA CAÑU SUAVE,CAÑUELAS,Almacén,Aceites,""
7798061190183,ACEITE OLIVA E. VIRGEN CLASICO OLIOVITA BOT X500CC,OLIOVITA,Almacén,Aceites,""
7798080520084,ACEITE OLIVA EXTRA V,TOSCA,Almacén,Aceites,""
7790070231833,ACEITE OLIVA EXTRA VIRGEN LIRA PET X 500 CC,LIRA,Almacén,Aceites,""
7792180131942,ACEITE OLIVA ROCIO VEGETAL CANUELAS X 150 GRS,CANUELAS,Almacén,Aceites,""
7790272008394,ACEITE OLIVA SUAVE,NATURA,Almacén,Aceites,""
7798080520657,ACEITE OLIVA TOSCANA AJO,LA TOSCANA,Almacén,Aceites,""
7790070265340,Aceite FRITOLIM Manteca x126cc AER-126-ml.,FRITOLIM,Almacén,Aceites,""
7790272000848,Aceite MAZOLA De girasol Aerosol AER-125-ml.,MAZOLA,Almacén,Aceites,""
7790272000794,Aceite MAZOLA de maíz PET-900-cc.,MAZOLA,Almacén,Aceites,""
7790272000046,Aceite NATURA Blend Girasol & Oliva PET-900-ml.,NATURA,Almacén,Aceites,""
7790272008387,Aceite NATURA Oliva Andino X500cc BOT-500-ml.,NATURA,Almacén,Aceites,""
7790272008417,Aceite NATURA Oliva Fuerte Trivar x500cc BOT-500-ml.,NATURA,Almacén,Aceites,""
7790070265098,Aceite de Oliva COCINERO EV s/Tcc x500cc BOT-500-ml.,COCINERO,Almacén,Aceites,""
7790070265142,Aceite de Oliva COCINERO Puro s/T x500cc BOT-500-ml.,COCINERO,Almacén,Aceites,""
7798080520541,Aceite de Oliva La Toscana x250 BOT-250-cc.,LA TOSCANA,Almacén,Aceites,""
7790272000855,Aerosol MAZOLA De Manteca AER-125-ml.,MAZOLA,Almacén,Aceites,""
7798001880488,GRASA PORCINA ESANI SACHET X 500 GRS,ESANI,Almacén,Aceites,""
7792180131959,ROCIO VEG MANTECA,MAMA COCINA,Almacén,Aceites,""
7790272000954,"ROCIO VEGETAL OLIVA, NATURA, 120 cm3",NATURA,Almacén,Aceites,""
7798080520077,aceite de oliva LA TOSCANA BOT-500-cc.,LA TOSCANA,Almacén,Aceites,""
7798015650633,BABAGANUSH 180GR,NO APLICA MARCA,Almacén,Aderezos,""
7792052088381,Babaganush CUISINE & CO NBE MP 175gr FCO-175-gr.,CUISINE & CO,Almacén,Aderezos,""
7799120004014,CHECK JUGO LIM 500ML,CHECK,Almacén,Aderezos,""
7791620188065,DANICA MAY LIVI 475G,DANICA,Almacén,Aderezos,""
7798334803208,HUMMUS AJO AHUMADO,KYROS,Almacén,Aderezos,""
8480017006165,HUMMUS CLASICO,DIA,Almacén,Aderezos,""
7798015650725,HUMMUS DE ALCAUCIL SANTA MARIA FRA 180 GRM,SANTA MARIA,Almacén,Aderezos,""
7798015650718,HUMMUS DE GIRGOLAS 180GR,NO APLICA MARCA,Almacén,Aderezos,""
8480017033598,HUMMUS DE OLIVA,DIA,Almacén,Aderezos,""
8480017109033,HUMMUS DE PIMENTON,DIA,Almacén,Aderezos,""
7798015650572,HUMMUS DE REMOLACHA 180GR,NO APLICA MARCA,Almacén,Aderezos,""
7798334803475,HUMMUS REMOLACHA,KYROS,Almacén,Aderezos,""
7792052088633,Hummus Clasico 230 gr Cuisine & Co POT-230-gr.,CUISINE & CO,Almacén,Aderezos,""
7798383010138,Hummus KAMAR ajo y sesamo  230 gr POT-230-gr.,KAMAR,Almacén,Aderezos,""
7798383010121,Hummus KAMAR clasico 230 gr POT-230-gr.,KAMAR,Almacén,Aderezos,""
7798383010145,Hummus KAMAR guacamole  230 gr POT-230-gr.,KAMAR,Almacén,Aderezos,""
7798383010183,Hummus KAMAR guacamole  230 gr POT-230-gr.,KAMAR,Almacén,Aderezos,""
7798383010152,Hummus KAMAR olivas negras  230 gr POT-230-gr.,KAMAR,Almacén,Aderezos,""
7798383010169,Hummus KAMAR pimenton  230 gr POT-230-gr.,KAMAR,Almacén,Aderezos,""
7798334803017,Hummus KYROS Clasico 230gr POT-230-gr.,KYROS,Almacén,Aderezos,""
7798334803024,Hummus KYROS c Aceite de Oliva 230gr POT-230-gr.,KYROS,Almacén,Aderezos,""
7798334587122,Hummus de Garbanzo Molé 150Gr CJA-150-gr.,MOLÉ,Almacén,Aderezos,""
7792052088640,"Hummus piment, ajo y perejil  230gr C&Co POT-230-gr.",CUISINE & CO,Almacén,Aderezos,""
7790070507341,JUGO DE LIMON,MINERVA,Almacén,Aderezos,""
7790070507372,JUGO DE LIMON,MINER,Almacén,Aderezos,""
7791102072011,JUGO DE LIMON COOPERATIVA,COOPERATIVA,Almacén,Aderezos,""
7790130000713,JUGO DE LIMON MENOYO PET X 250 CC,MENOYO,Almacén,Aderezos,""
7790139003593,JUGO DE LIMON MONTE ALTO,MONTE ALTO,Almacén,Aderezos,""
7790139003609,JUGO DE LIMON MONTE ALTO,MONTE ALTO,Almacén,Aderezos,""
7792900809021,"JUGO DE LIMON, DOS ANCLAS, 500 cm3",DOS ANCLAS,Almacén,Aderezos,""
7790139100919,"JUGO DE LIMON, FAVINCO, 1000 cm3",FAVINCO,Almacén,Aderezos,""
7790139100926,Jugo de limon FAVINCO x500 ML BOT-500-ml.,FAVINCO,Almacén,Aderezos,""
7791866000381,KETCHUP,NATURA,Almacén,Aderezos,""
7794000006164,KETCHUP C/TOMATE DOY,HELLMANNS,Almacén,Aderezos,""
7794000006188,KETCHUP DOY PACK,HELLMANNS,Almacén,Aderezos,""
7793360103018,KETCHUP LA CAMPAGNOLA DOY PACK X 250 GRS,LA CAMPAGNOLA,Almacén,Aderezos,""
7798334803123,KYR HUMMUS CLASI230G,KYROS,Almacén,Aderezos,""
7798334803109,KYR HUMMUS OLIVA230G,KYROS,Almacén,Aderezos,""
7798334803116,KYR HUMMUS PIMEN230G,KYROS,Almacén,Aderezos,""
7791866001203,MAYONESA,NATUR,Almacén,Aderezos,""
7791866001357,MAYONESA,NATUR,Almacén,Aderezos,""
7790580135454,"MAYONESA BC DOY PACK, LA CAMPAGNOLA, 500 gr",LA CAMPAGNOLA,Almacén,Aderezos,""
7794000006072,MAYONESA CLASICA,HELLMANNS,Almacén,Aderezos,""
7798146138857,MAYONESA CON LIMON LIGHT HEINZ DP X 200 GRS,HEINZ,Almacén,Aderezos,""
7791620187723,MAYONESA D FIESTA X 237 GRS,FESTA,Almacén,Aderezos,""
7791620187655,MAYONESA DANICA DOY PACK X 250 CC,DANICA,Almacén,Aderezos,""
7791866001364,MAYONESA DOY PACK,NATUR,Almacén,Aderezos,""
7790580135461,MAYONESA LIGHT BC LA CAMPAGNOLA X 250 GRS,LA CAMPAGNOLA,Almacén,Aderezos,""
7791866000572,MAYONESA LIVIANA CADA DIA DOY PACK X 500 GRS,CADA DIA,Almacén,Aderezos,""
7794000007109,MAYONESA LIVIANA DP,HELLMANNS,Almacén,Aderezos,""
7791866000510,MOSTAZA,NATURA,Almacén,Aderezos,""
7791866004211,MOSTAZA DOY PACK,NATURA,Almacén,Aderezos,""
7794000006478,MOSTAZA ORIG DOY PAC,SAVORA,Almacén,Aderezos,""
7794000006485,MOSTAZA ORIG DOY PAC,SAVORA,Almacén,Aderezos,""
7791620187730,Mayonesa D FIESTA x500ml DOY-500-gr.,D'FIESTA,Almacén,Aderezos,""
7791866001579,Mayonesa MAYOLIVA PCH-460-gr.,MAYOLIVA,Almacén,Aderezos,""
7798126291060,Mostaza Alemana ARYTZA  x360 gr FCO-360-gr.,MARIAN ARYTZA,Almacén,Aderezos,""
7798126291046,Mostaza a la Antigua ARYTZA  X 360gr FCO-360-gr.,MARIAN ARYTZA,Almacén,Aderezos,""
7792052071987,Pasta acei. N Cuisine & Co NBE MP 175gr FCO-175-gr.,CUISINE & CO,Almacén,Aderezos,""
7792052071970,Pasta acei. V Cuisine & Co NBE MP 175gr FCO-175-gr.,CUISINE & CO,Almacén,Aderezos,""
7792900990774,SALSA ALIOLI,2ANCL,Almacén,Aderezos,""
7792900990682,SALSA BARBACOA DOS ANCLAS PET 410 GRM,DOS ANCLAS,Almacén,Aderezos,""
7793360123474,SALSA BARBACOA LA CAMPAGNOLA X 250 GRS,LA CAMPAGNOLA,Almacén,Aderezos,""
7792900990705,SALSA CAESAR LIGHT DOS ANCLAS BOT 360 GRM,DOS ANCLAS,Almacén,Aderezos,""
7798146139052,SALSA COLESLAW,TAU,Almacén,Aderezos,""
7792900990675,"SALSA DE AJI PICANTE, DOS ANCLAS, 260 gr",DOS ANCLAS,Almacén,Aderezos,""
7796373001463,SALSA DE AJI VERDE LA PARMESANA X 180 CC,LA PARMESANA,Almacén,Aderezos,""
7792900093895,SALSA DE SOJA DOS ANCLAS PET X 500 CC,DOS ANCLAS,Almacén,Aderezos,""
7791866000480,SALSA GOLF,NATURA,Almacén,Aderezos,""
7794000007741,SALSA GOLF SIN TACC,HELLMANNS,Almacén,Aderezos,""
7798146139434,SALSA GUACAMOLE,TAU,Almacén,Aderezos,""
7798146139229,SALSA SOJA LIBRE GLU,2ANCL,Almacén,Aderezos,""
7790070507358,jugo MINERVA limón x1lt BOT-1000-ml.,MINERVA,Almacén,Aderezos,""
7793360103025,ketchup LA CAMPAGNOLA DOY-250-gr.,LA CAMPAGNOLA,Almacén,Aderezos,""
7791866000558,mayonesa CADA DIA DOY-250-gr.,CADA DIA,Almacén,Aderezos,""
7795091000383,ARROZ 5 0 PRI PRECIO LF,PRIMER PRECIO,Almacén,Arroz y legumbres,""
7790070411792,ARROZ CARNAROLI,GALLO,Almacén,Arroz y legumbres,""
7790503000081,"ARROZ CARNAROLI ESTUCHE, DOS HERMANOS, 500 gr",DOS HERMANOS,Almacén,Arroz y legumbres,""
7790070431462,ARROZ DOBL. CAROLIN GRANDE  Y CREMO LUCCHETTI PAQ 1 KGM,LUCCHETTI,Almacén,Arroz y legumbres,""
7790070431431,ARROZ DOBLE CAROLINA,GALLO,Almacén,Arroz y legumbres,""
7790503199112,ARROZ DOBLE DOS HERMANOS,DOS HERMANOS,Almacén,Arroz y legumbres,""
7791120021558,ARROZ GRANO DOBLE,ALA,Almacén,Arroz y legumbres,""
7790503199105,ARROZ INT 2 HNOS,DOS HERMANOS,Almacén,Arroz y legumbres,""
7798078450454,ARROZ INT PRIMER PRECIO,PRIMER PRECIO,Almacén,Arroz y legumbres,""
7791120098888,ARROZ INTEGRAL,MOLINOS ALA,Almacén,Arroz y legumbres,""
7790070431585,ARROZ INTEGRAL GALLO CAJA X 1 KG,GALLO,Almacén,Arroz y legumbres,""
7792180139580,"ARROZ INTEGRAL, CAÑUELAS, 500 gr",CAÑUELAS,Almacén,Arroz y legumbres,""
7791120100819,ARROZ ITA CAABO LARG,MOLIN,Almacén,Arroz y legumbres,""
7790503198672,ARROZ KOSHIHIKARI DH,DOS HERMANOS,Almacén,Arroz y legumbres,""
7790070431486,ARROZ LARG FINO BOLS,LUCCHETTI,Almacén,Arroz y legumbres,""
7790070433145,ARROZ LARG FINO BOLS,GALLO,Almacén,Arroz y legumbres,""
7790070412126,ARROZ LARGO FINO,MAXIM,Almacén,Arroz y legumbres,""
7790070412171,ARROZ LARGO FINO,MAXIM,Almacén,Arroz y legumbres,""
7791120031557,ARROZ LARGO FINO,MOLINOS ALA,Almacén,Arroz y legumbres,""
7791120031564,ARROZ LARGO FINO,MOLIN,Almacén,Arroz y legumbres,""
7792180139535,ARROZ LARGO FINO,CAÑUE,Almacén,Arroz y legumbres,""
7798078450126,ARROZ LARGO FINO,VANGU,Almacén,Arroz y legumbres,""
7790503199082,ARROZ LARGO FINO 00000 DOS HERMANOS BOLSA X 1 KG,DOS HERMANOS,Almacén,Arroz y legumbres,""
7792180139542,"ARROZ LARGO FINO 00000, CAÑUELAS, 500 gr",CAÑUELAS,Almacén,Arroz y legumbres,""
7798078450393,ARROZ LARGO FINO CAL,VANGU,Almacén,Arroz y legumbres,""
7791120100970,ARROZ LARGO FINO ITÁ CAABÓ MOLINOS ALA CJA 500 GRM,MOLINOS ALA,Almacén,Arroz y legumbres,""
7791120103148,ARROZ MONOVARIETAL,MOLIN,Almacén,Arroz y legumbres,""
7790070431417,ARROZ PARBOIL,GALLO,Almacén,Arroz y legumbres,""
7791120037559,ARROZ PARBOIL,MOLINOS ALA,Almacén,Arroz y legumbres,""
7791120037566,ARROZ PARBOIL,MOLIN,Almacén,Arroz y legumbres,""
7790070431509,ARROZ PARBOIL BOLSA,LUCCHETTI,Almacén,Arroz y legumbres,""
7790070431516,ARROZ PARBOIL BOLSA,LUCCHETTI,Almacén,Arroz y legumbres,""
7798078450140,ARROZ PARBOIL CALIDA,VANGU,Almacén,Arroz y legumbres,""
7792180139566,ARROZ PARBOIL CAÑUELAS,CAÑUELAS,Almacén,Arroz y legumbres,""
7790503199099,ARROZ PARBOIL DOS HERMANOS BOLSA X 1 KG,DOS HERMANOS,Almacén,Arroz y legumbres,""
7790070433114,ARROZ PARBOIL SELECC,GALLO,Almacén,Arroz y legumbres,""
7792180139559,"ARROZ PARBOIL, CAÑUELAS, 500 gr",CAÑUELAS,Almacén,Arroz y legumbres,""
7790503199136,"ARROZ PARBOIL, DOS HERMANOS, 500 gr",DOS HERMANOS,Almacén,Arroz y legumbres,""
8480017242341,ARROZ PARBOLIZADO,DIA,Almacén,Arroz y legumbres,""
7790070432261,ARROZ PREPARADO QUESO SELEC GALLO DP X 240 GR,GALLO,Almacén,Arroz y legumbres,""
7790070432254,ARROZ PREPARADO VEGETALES SELEC GALLO DP X 240 GR,GALLO,Almacén,Arroz y legumbres,""
7790503460137,"ARROZ SELECCIONADO ORGANICO, DOS HERMANOS, 500 gr",DOS HERMANOS,Almacén,Arroz y legumbres,""
2611341000000,ARVEJAS PARTIDAS,CARREFOUR CRISTAL,Almacén,Arroz y legumbres,""
2800000181192,ARVEJAS PARTIDAS COSECHA CRIOLLA X 500 GRM,COSECHA CRIOLLA,Almacén,Arroz y legumbres,""
2003995700007,ARVEJAS PARTIDAS X KG,.,Almacén,Arroz y legumbres,""
7792006000056,Arroz  tio carlos 5/0 doble carolina BSA-1000-gr.,TIO CARLOS,Almacén,Arroz y legumbres,""
7792052998987,Arroz 00000 CUISINE & CO 1 KG PAQ-1000-gr.,CUISINE & CO,Almacén,Arroz y legumbres,""
7791120032554,Arroz 53 grano largo fino PAQ-1000-gr.,53,Almacén,Arroz y legumbres,""
7790070431578,Arroz GALLO Doble Carolina Selec x1kg CJA-1000-gr.,GALLO,Almacén,Arroz y legumbres,""
7790070433152,Arroz GALLO Integral Selec x500g SOB-500-gr.,GALLO,Almacén,Arroz y legumbres,""
7790070431448,Arroz GALLO Largo Fino Bolsa 1kg PAQ-1000-gr.,GALLO,Almacén,Arroz y legumbres,""
7790070433091,Arroz GALLO ORO Selec Paraboil x1kg EST-1000-gr.,GALLO,Almacén,Arroz y legumbres,""
7790070431493,Arroz LUCHETTI Largo Fino x500g PAQ-500-gr.,LUCCHETTI,Almacén,Arroz y legumbres,""
7791120021565,Arroz MOLINOS ALA Doble Carolina x500g PAQ-500-gr.,MOLINOS ALA,Almacén,Arroz y legumbres,""
7791120001352,Arroz MOLINOS ALA Integral x1kg PAQ-1000-gr.,MOLINOS ALA,Almacén,Arroz y legumbres,""
7791120001369,Arroz MOLINOS ALA Integral x500g PAQ-500-gr.,MOLINOS ALA,Almacén,Arroz y legumbres,""
7791120098895,Arroz MOLINOS ALA Integral x500g PAQ-500-gr.,MOLINOS ALA,Almacén,Arroz y legumbres,""
7791120099755,Arroz Molinos Ala Carnaroli Est 500gr EST-500-gr.,MOLINOS ALA,Almacén,Arroz y legumbres,""
7791120099762,Arroz Molinos Ala Yamani Est 500gr EST-500-gr.,MOLINOS ALA,Almacén,Arroz y legumbres,""
7792052999014,Arroz Parboil CUISINE & CO 1Kg PAQ-1000-gr.,CUISINE & CO,Almacén,Arroz y legumbres,""
7790070432278,Arroz Preparado GALLO Verdeo Selct x240g PAQ-240-gr.,GALLO,Almacén,Arroz y legumbres,""
7792006000100,Arroz Tio Carlos Integral x1kg PAQ-1000-gr.,TIO CARLOS,Almacén,Arroz y legumbres,""
7798143356025,Arroz Yamani BSA-400-gr.,SIN MARCA,Almacén,Arroz y legumbres,""
7798154951288,Arroz integral organico x500g PLANTY DOY-400-gr.,PLANTY,Almacén,Arroz y legumbres,""
7798143356056,Arroz para Risotto BSA-400-gr.,SIN MARCA,Almacén,Arroz y legumbres,""
7792006000124,Arroz tio  carlos l/fino BSA-1000-gr.,TIO CARLOS,Almacén,Arroz y legumbres,""
7798154951295,Arroz yamani organico x400g PLANTY DOY-400-gr.,PLANTY,Almacén,Arroz y legumbres,""
7798123134773,CHECK ARROZ LARGO FI,CHECK,Almacén,Arroz y legumbres,""
7799120005127,CHECK ARROZ LF 1KG,CHECK,Almacén,Arroz y legumbres,""
7798123134780,CHECK ARROZ PARBOIL,CHECK,Almacén,Arroz y legumbres,""
7790503199143,DOS HERMANOS ARROZ D,DOS HERMANOS,Almacén,Arroz y legumbres,""
7794000009578,KNORR RISOTTO 4 QUESOS,KNORR,Almacén,Arroz y legumbres,""
7790070431721,RISOTTO 4 QUESOS GALLO CAJA X 240 GRS,GALLO,Almacén,Arroz y legumbres,""
7790070431738,RISOTTO A LA ESPANOLA GALLO CAJA X 240 GRS,GALLO,Almacén,Arroz y legumbres,""
7794000009561,RISOTTO KNORR HONGOS,KNORR,Almacén,Arroz y legumbres,""
7790070431530,RISOTTO PARMESANO AZAFRAN GALLO CAJA X 240 GRS,GALLO,Almacén,Arroz y legumbres,""
7790070431745,RISOTTO PRIMAVERA GALLO CAJA X 240 GRS,GALLO,Almacén,Arroz y legumbres,""
7790070431523,Risotto GALLO Champiñones x240g PAQ-240-gr.,GALLO,Almacén,Arroz y legumbres,""
7790503000265,arroz DOS HERMANOS Yamani  CJA-500-gr.,DOS HERMANOS,Almacén,Arroz y legumbres,""
7790070411914,arroz GALLO Integral Yamani sin TACC CJA-500-gr.,GALLO,Almacén,Arroz y legumbres,""
7791120031656,arroz ÁPOSTOLES grano largo 00000 PAQ-1000-gr.,APOSTOLES,Almacén,Arroz y legumbres,""
7790150406915,AJI TRITURADO,ALICA,Almacén,Condimentos,""
7790150551745,ALICANTE PIMIENTA BL,ALICANTE,Almacén,Condimentos,""
7790150556740,ALICANTE PIMIENTA NE,ALICANTE,Almacén,Condimentos,""
2920724300003,CEBOLLA EN ESCAMAS X 50 GRS,CARREFOUR CRISTAL,Almacén,Condimentos,""
7790150465332,COMINO MOLIDO,ALICANTE,Almacén,Condimentos,""
7790150497272,CONDIMENTO EMPANADAS ALICANTE SOBRE 25GR,ALICANTE,Almacén,Condimentos,""
754697503503,CONDIMENTO PARA PREPARAR PESTO X 100 GRS POT-1-un.,SIN MARCA,Almacén,Condimentos,""
7798224212073,CONDIMENTO PIZZADOBO LA PARMESANA X 15 GRS,LA PARMESANA,Almacén,Condimentos,""
7790150496084,CONDIMENTO TUCO/GUIS,ALICA,Almacén,Condimentos,""
7790150532805,CURRY ALICANTE X 25 GRS,ALICANTE,Almacén,Condimentos,""
7790150436080,Canela rama ALICANTE ST x20G SOB-20-gr.,ALICANTE,Almacén,Condimentos,""
7792900009339,Comino dos anclas SOB-50-gr.,DOS ANCLAS,Almacén,Condimentos,""
7790150470350,Condimento ALICANTE arroz x25gr SOB-25-gr.,ALICANTE,Almacén,Condimentos,""
7790150480243,Condimento ALICANTE carnes x25gr SOB-25-gr.,ALICANTE,Almacén,Condimentos,""
7790150497081,Condimento ALICANTE milanesa x25gr SOB-25-gr.,ALICANTE,Almacén,Condimentos,""
7790580136215,Condimento Chimichurri LA CAMPAGNOLA 23g DOY-23-gr.,LA CAMPAGNOLA,Almacén,Condimentos,""
7792900910635,DOS ANCLAS CONDIMENT,DOS ANCLAS,Almacén,Condimentos,""
7793433000459,GENS SAL HIER 250G,GENSER,Almacén,Condimentos,""
7790598091650,NUEZ MOSC DON UBALDO MOL,DON UBALDO,Almacén,Condimentos,""
7791584000571,NUEZ MOSC P PRECIO,PRIMER PRECIO,Almacén,Condimentos,""
7790150540183,OREGANO,ALICANTE,Almacén,Condimentos,""
7790150540336,OREGANO ALICANTE SOBRE X 50 GRS,ALICANTE,Almacén,Condimentos,""
7790580136550,"OREGANO, LA CAMPAGNOLA, 23 gr",LA CAMPAGNOLA,Almacén,Condimentos,""
7790150564844,PIMENTON,ALICANTE,Almacén,Condimentos,""
7790150555446,PIMIENTA NEGRA MOLIDA ALICANTE SOBRE X 25 GRS,ALICANTE,Almacén,Condimentos,""
7790150570180,PROVENZAL,ALICANTE,Almacén,Condimentos,""
7790150570371,PROVENZAL ALICANTE SOBRE X 50 GRS,ALICANTE,Almacén,Condimentos,""
7790580136086,PROVENZAL LA CAMPAGNOLA SOBRE X 23 GRS,LA CAMPAGNOLA,Almacén,Condimentos,""
7798224212042,PROVENZAL LA PARMESANA X 15 GRS,LA PARMESANA,Almacén,Condimentos,""
7790580136529,Pimenton LA CAMPAGNOLA x48g CJA-48-gr.,LA CAMPAGNOLA,Almacén,Condimentos,""
7790580136079,Pimienta Negra LA CAMPAGNOLA Molida x23g SOB-23-gr.,LA CAMPAGNOLA,Almacén,Condimentos,""
7790150551363,Pimienta blanca ALICANTE grano x25gr SOB-25-gr.,ALICANTE,Almacén,Condimentos,""
7790150550465,Pimienta blanca ALICANTE molida x50gr SOB-50-gr.,ALICANTE,Almacén,Condimentos,""
7792900990552,Provenzal DOS ANCLAS x 50gr DOY-50-gr.,DOS ANCLAS,Almacén,Condimentos,""
7794268000157,REINA MORA NUEZ MOSC,REINA MORA,Almacén,Condimentos,""
7794268004810,REINA MORA NUEZ MOSC,REINA MORA,Almacén,Condimentos,""
7790150497906,SABORIZADOR BOLSA HORNO PIMENTON ALICANTE X 30 GRS,ALICANTE,Almacén,Condimentos,""
7791004000051,SAL ENTREFINA,CELUS,Almacén,Condimentos,""
7792900000138,SAL FINA DOS ANCLAS ESTUCHE X 500 GRS,DOS ANCLAS,Almacén,Condimentos,""
7790072002080,SAL FINA ESTUCHE,CELUSAL,Almacén,Condimentos,""
7790072001014,SAL FINA PAQUETE,CELUSAL,Almacén,Condimentos,""
7790072001038,SAL FINA SALERO,CELUS,Almacén,Condimentos,""
7791004000099,SAL GRUESA,CELUSAL,Almacén,Condimentos,""
7790150433652,Saborizador ALICANTE Verdura Sin Sal 4S PAQ-4-un.,ALICANTE,Almacén,Condimentos,""
7791004000044,Sal celusal entrefina CJA-1000-gr.,CELUSAL,Almacén,Condimentos,""
7791004000082,Sal celusal gruesa CJA-1000-gr.,CELUSAL,Almacén,Condimentos,""
7790150585412,Salsa Alicante En Polvo Champign X35gr PAQ-35-gr.,ALICANTE,Almacén,Condimentos,""
7790130000034,VINAGRE DE ALCOHOL,MENOYO,Almacén,Condimentos,""
7790130000058,VINAGRE DE ALCOHOL,MENOYO,Almacén,Condimentos,""
7790130000294,VINAGRE DE ALCOHOL ALCAZAR PET X 1 LT,ALCAZAR,Almacén,Condimentos,""
7790673000188,VINAGRE DE ALCOHOL FAVINCO BIDON X 5 LT,FAVINCO,Almacén,Condimentos,""
7790139101138,VINAGRE DE ALCOHOL FAVINCO PET X 1 LT,FAVINCO,Almacén,Condimentos,""
7790130000027,VINAGRE DE MANZANA,MENOYO,Almacén,Condimentos,""
7790130000065,VINAGRE DE VINO,MENOY,Almacén,Condimentos,""
7790130000720,VINAGRE DE VINO BLANCO MENOYO PET X 500 CC,MENOYO,Almacén,Condimentos,""
7790139003302,VINAGRE DE VINO CLASICO CASALTA PET X 1 LT,CASALTA,Almacén,Condimentos,""
7790130000089,Vinagre MENOYO de manzana PVC-1-lt.,MENOYO,Almacén,Condimentos,""
7790130000010,Vinagre MENOYO de vino PVC-1-lt.,MENOYO,Almacén,Condimentos,""
7790139003166,Vinagre de Alcohol CASALTA x 500cc. BOT-500-cc.,CASALTA,Almacén,Condimentos,""
7790139003173,Vinagre de alcohol clasicox1lt BOT-1-lt.,CASALTA,Almacén,Condimentos,""
7792900000428,sal fina DOS ANCLAS PAQ-500-gr.,DOS ANCLAS,Almacén,Condimentos,""
7792900093246,vinagre DOS ANCLAS PET-1-lt.,DOS ANCLAS,Almacén,Condimentos,""
7792070071754,PICKLES EN VINAGRE NUCETE DOYPACK X 220 GRS,NUCETE,Almacén,Conservas saladas,""
404624,aceit verdes MARVAVIC rell con morron BDE-1-Kg,MARVAVIC,Almacén,Conservas saladas,""
2800005262513,ARVEJA Y CHOCLO CIUDAD DEL LAGO LAT 300 GRM,C. DEL LAGO,Almacén,Enlatados,""
7790123001376,ARVEJAS AL NAT. VIGENTE TETRA RECARD 340,VIGENTE,Almacén,Enlatados,""
2800005827569,ARVEJAS COTO LAT 350 GRM,COTO,Almacén,Enlatados,""
7793360132384,ARVEJAS SECAS,LA CA,Almacén,Enlatados,""
7797470007426,ARVEJAS SECAS REMOJA,MAROL,Almacén,Enlatados,""
7790580132392,ARVEJAS SECAS REMOJADAS ARCOR LATA X 300 GRS,ARCOR,Almacén,Enlatados,""
2800005262490,ARVEJAS SECAS REMOJADAS CIUDAD DEL LAGO LAT 300 GRM,C. DEL LAGO,Almacén,Enlatados,""
7792350067019,Arvejas INALPA Secas Remojadas x300gr LAT-300-gr.,INALPA,Almacén,Enlatados,""
7792350067033,CHOCLO EN GRANOS AMARILLO INALPA LATA X 300 GRS,INALPA,Almacén,Enlatados,""
7793360132414,CHOCLO EN GRANOS AMARILLO LA CAMPAGNOLA X 300 GRS,LA CAMPAGNOLA,Almacén,Enlatados,""
7790580132422,CHOCLO ENTERO,ARCOR,Almacén,Enlatados,""
7792350067057,Choclo Blanco INALPA  Cremoso X300g LAT-300-gr.,INALPA,Almacén,Enlatados,""
7792350067071,GARBANZO SECO REMOJADO INALPA LATA X 300 GRS,INALPA,Almacén,Enlatados,""
7793360132469,GARBANZOS SECOS REMOJ LA CAMPAGNOLA X 300 GRS,LA CAMPAGNOLA,Almacén,Enlatados,""
7792350067064,LENTEJAS SECAS INALPA LAT 300 GRM,INALPA,Almacén,Enlatados,""
7790580132453,LENTEJAS SECAS REMOJ,ARCOR,Almacén,Enlatados,""
7790360720382,PATE DE FOIE,SWIFT,Almacén,Enlatados,""
7790360720115,PICADILLO DE CARNE,SWIFT,Almacén,Enlatados,""
2800005704297,PIM.MORRONES ENTEROS COMUNES CIUDAD DEL LAGO LAT 210 GRM,CIUDAD DEL LAGO,Almacén,Enlatados,""
2800005704198,PIM.MORRONES ENTEROS COMUNES COTO FRA 227 GRM,COTO,Almacén,Enlatados,""
7792350067095,POROTOS COLORADOS SECOS REMOJADOS INALPA X 300 GRS,INALPA,Almacén,Enlatados,""
7792350067101,POROTOS NEGROS INALPA LAT 300 GRM,INALPA,Almacén,Enlatados,""
7790580132477,garbanzos ARCOR x300g CJA-300-gr.,ARCOR,Almacén,Enlatados,""
7793360132445,lentejas LA CAMPAGNOLA 300gr CJA-300-gr.,ARCOR,Almacén,Enlatados,""
7798270248767,ACUENTA FIDEOS SPAGH,ACUENTA,Almacén,Fideos secos,""
7790580134839,ARCOR MOSTACHOL 500G,ARCOR,Almacén,Fideos secos,""
7790580133917,ARCOR TIRABUZON 500G,ARCOR,Almacén,Fideos secos,""
7798153719063,CHECK FIDEOS MUNICIO,CHECK,Almacén,Fideos secos,""
7791102070550,FID COOPERATIVA MOSTACHOL,COOPERATIVA,Almacén,Fideos secos,""
7793860600444,FID LAM P PCIO MOR CTA AN,PRIMER PRECIO,Almacén,Fideos secos,""
7790070336446,FID TERRABUSI MOST RAYADO,TERRABUSI,Almacén,Fideos secos,""
7790070335944,FIDEO PENNE RIGA N45,MATARAZZO,Almacén,Fideos secos,""
7790070336026,FIDEO TIRABUZON,LUCCHETTI,Almacén,Fideos secos,""
7790070318374,FIDEOS AVE MARIA LUCCHETTI BOLSA X 500 GRS,LUCCHETTI,Almacén,Fideos secos,""
7790070336323,FIDEOS BUCATTINI MATARAZZO X 500 GRS,MATARAZZO,Almacén,Fideos secos,""
7790070336552,FIDEOS CASERITO,DON VICENTE,Almacén,Fideos secos,""
7790070318343,FIDEOS CODITOS LUCCHETTI BOLSA X 500 GRS,LUCCHETTI,Almacén,Fideos secos,""
7790070318619,FIDEOS CODITOS RAYADOS MATARAZZO BOLS X 500 GRS,MATARAZZO,Almacén,Fideos secos,""
7790070318398,FIDEOS DEDALITOS,LUCCHETTI,Almacén,Fideos secos,""
7790070321435,FIDEOS DEDALITOS FAVORITA BOLSA X 500 GRS,FAVORITA,Almacén,Fideos secos,""
7790070320025,FIDEOS DEDALITOS MATARAZZO BOLSA X 500 GRS,MATARAZZO,Almacén,Fideos secos,""
7790070336545,FIDEOS FETUCCINI,DON VICENTE,Almacén,Fideos secos,""
7790070336644,FIDEOS FUSILLI,RINA,Almacén,Fideos secos,""
7790070336583,FIDEOS GUISEROS MONOS DON VICENTE BOLSA X 500 GRS,DON VICENTE,Almacén,Fideos secos,""
7790070335975,FIDEOS INTEGRALES SPAGHETTI MATARAZZO X 500 GRS,MATARAZZO,Almacén,Fideos secos,""
7790580134693,FIDEOS L.C SPAGHETTI X500G.,"",Almacén,Fideos secos,""
7790070336149,FIDEOS MOSTACHOL,LUCCHETTI,Almacén,Fideos secos,""
7790070336217,FIDEOS MOSTACHOL,MATARAZZO,Almacén,Fideos secos,""
7798031150384,"FIDEOS MOSTACHOL, BONAVITA, 500 gr",BONAVITA,Almacén,Fideos secos,""
7790070336361,FIDEOS PENNE RIGATE,LUCCHETTI,Almacén,Fideos secos,""
7790070336200,FIDEOS PENNE RIGATE MATARAZZO X 500 GRS,MATARAZZO,Almacén,Fideos secos,""
7790070322081,FIDEOS PROTEINA PLUS MOSTACHOL MATARAZZO X 400 GRS,MATARAZZO,Almacén,Fideos secos,""
7790070322074,FIDEOS PROTEINA PLUS TIRABUZON MATARAZZOX 400 GRS,MATARAZZO,Almacén,Fideos secos,""
7790070336606,FIDEOS RIGATTI DON VICENTE PAQ 500 GRM,DON VICENTE,Almacén,Fideos secos,""
7790070335999,FIDEOS S TACC PENNE RIGATE MATARAZZO X 500 GRS,MATARAZZO,Almacén,Fideos secos,""
7790070336002,FIDEOS S TACC SPAGHETTI MATARAZZO X 500 GRS,MATARAZZO,Almacén,Fideos secos,""
7790070335982,FIDEOS S TACC TIRABUZON MATARAZZO X 500 GRS,MATARAZZO,Almacén,Fideos secos,""
7790070336309,FIDEOS SPAGHETTI,MATARAZZO,Almacén,Fideos secos,""
7790070336385,FIDEOS SPAGHETTI,LUCCHETTI,Almacén,Fideos secos,""
8076800195057,FIDEOS SPAGHETTI BARILLA CAJA X 500 GRS,BARILLA,Almacén,Fideos secos,""
7790070336316,FIDEOS TALLARIN,MATARAZZO,Almacén,Fideos secos,""
7790070336576,FIDEOS TALLARIN,DON VICENTE,Almacén,Fideos secos,""
7790070336118,FIDEOS TALLARIN N5,LUCCHETTI,Almacén,Fideos secos,""
7790070336293,FIDEOS TIRABUZON,MATARAZZO,Almacén,Fideos secos,""
7790070336590,FIDEOS TIRABUZON,DONVI,Almacén,Fideos secos,""
7790070335937,FIDEOS TIRABUZON 3 VEGETALES MATARAZZO X 500 GRS,MATARAZZO,Almacén,Fideos secos,""
7790070336057,FIDEOS TIRABUZON VEG,LUCCHETTI,Almacén,Fideos secos,""
7790580133924,Fideos CODITO ARCOR X500G BSA-500-gr.,ARCOR,Almacén,Fideos secos,""
7790070335616,Fideos DON FELIPE  Spaghetti Fort x500g PAQ-500-gr.,DON FELIPE,Almacén,Fideos secos,""
7790070335623,Fideos DON FELIPE Tallarín Fort x500g PAQ-500-gr.,DON FELIPE,Almacén,Fideos secos,""
7790070335647,Fideos DON FELIPE Tirabuzón Fort x500g PAQ-500-gr.,DON FELIPE,Almacén,Fideos secos,""
7790070320155,Fideos LUCCHETTI Cabello de Angel x500g PAQ-500-gr.,LUCCHETTI,Almacén,Fideos secos,""
7790070337092,Fideos LUCCHETTI Mostac N51 Huevo x500g SOB-500-gr.,LUCCHETTI,Almacén,Fideos secos,""
7790070337108,Fideos LUCCHETTI Spaghet N5Huevo x500g SOB-500-gr.,LUCCHETTI,Almacén,Fideos secos,""
7790070337009,Fideos LUCCHETTI Tallarin Huev N7 x500g SOB-500-gr.,LUCCHETTI,Almacén,Fideos secos,""
7790070337085,Fideos LUCCHETTI Tirabuz N34 Huev x500g SOB-500-gr.,LUCCHETTI,Almacén,Fideos secos,""
7790230033031,Fideos MATARAZZO Guisero moño PAQ-500-gr.,MATARAZZO,Almacén,Fideos secos,""
7790070336224,Fideos MATARAZZO Tirabuzon Mix Leg x500g PAQ-500-gr.,MATARAZZO,Almacén,Fideos secos,""
5948935000274,Fideos PASTA D'ORO Fusilli Sin Tacc x500 PAQ-500-gr.,PASTA D' ORO,Almacén,Fideos secos,""
7790070336668,Fideos RINA Morron Spagh 500g PAQ-500-gr.,RINA,Almacén,Fideos secos,""
7790070336637,Fideos RINA Rigatti CE 500G PAQ-500-gr.,RINA,Almacén,Fideos secos,""
7790580134785,Fideos SPAGHETTI ARCOR X500G BSA-500-gr.,ARCOR,Almacén,Fideos secos,""
7798199870018,Fideos Spaghetti BONALMA de semola 500g PAQ-500-gr.,BONALMA,Almacén,Fideos secos,""
7790580134792,Fideos TALLARÍN ARCOR X500G BSA-500-gr.,ARCOR,Almacén,Fideos secos,""
7790070335678,Fideos TERRABUSI Coditos x500g PAQ-500-gr.,TERRABUSI,Almacén,Fideos secos,""
7790070336071,Fideos TERRABUSI Fusilli Vegetales x500g PAQ-500-gr.,TERRABUSI,Almacén,Fideos secos,""
7790070336453,Fideos TERRABUSI Fusilli x500g PAQ-500-gr.,TERRABUSI,Almacén,Fideos secos,""
7790070336460,Fideos TERRABUSI Spaghetti N3 x500g PAQ-500-gr.,TERRABUSI,Almacén,Fideos secos,""
7790070336477,Fideos TERRABUSI Tallarín N7 x500g PAQ-500-gr.,TERRABUSI,Almacén,Fideos secos,""
7730114100046,Fideos de arroz blue patna tirabuzon p/c PAQ-500-gr.,BLUE PATNA,Almacén,Fideos secos,""
7790070337016,LASAGNA PRECOCIDA MATARAZZO X 250 GRS,MATARAZZO,Almacén,Fideos secos,""
7790070318312,Lucc Nidos Fettuccini. NUTRIVITPLUS 15x5 PAQ-500-gr.,LUCCHETTI,Almacén,Fideos secos,""
7790070320001,PASTA CABELLO ANGEL,MATARAZZO,Almacén,Fideos secos,""
7798031470567,PASTA RISONI ALUBIAS ARROZ ESPINACA WAKAS X 300 GR,WAKAS,Almacén,Fideos secos,""
7798031470574,Risoni alubia&arroz zanahoria WAKAS 300g EST-300-gr.,WAKAS,Almacén,Fideos secos,""
7790070336651,SPAGHETTI RINA,MATAR,Almacén,Fideos secos,""
7790070318855,fideos LUCCHETTI Municiones PAQ-500-gr.,LUCCHETTI,Almacén,Fideos secos,""
7790070320018,fideos MATARAZZO Ave Maria PAQ-500-gr.,MATARAZZO,Almacén,Fideos secos,""
7790070320032,fideos MATARAZZO Municion PAQ-500-gr.,MATARAZZO,Almacén,Fideos secos,""
7798094170114,fideos SOYARROZ Especiales PAQ-300-gr.,SOYARROZ,Almacén,Fideos secos,""
7798270245025,ALIADA HAR 000,ALIADA,Almacén,Harinas,""
7798153719254,CHECK HARINA LEUDANT,CHECK,Almacén,Harinas,""
7798153719230,CHECK HARINA T 0000,CHECK,Almacén,Harinas,""
7798153719247,CHECK HARINA TR 000,CHECK,Almacén,Harinas,""
7792180140708,HARIN LEUDANTE VIT D,PUREZA,Almacén,Harinas,""
7792590000159,HARINA  000,CASERITA,Almacén,Harinas,""
7792590000227,HARINA  0000,CASER,Almacén,Harinas,""
7799037060400,"HARINA 00 NAPOLETANA, CHACABUCO, 1000 gr",CHACABUCO,Almacén,Harinas,""
7790070562258,HARINA 000 C/VITAMIN,FAVOR,Almacén,Harinas,""
7790199000013,HARINA 000 MORIXE X 1 KG,MORIXE,Almacén,Harinas,""
7792180004512,HARINA 000 ULTRA REF,PUREZ,Almacén,Harinas,""
7792180139320,HARINA 000 UR VIT D,CAÑUE,Almacén,Harinas,""
7790199000020,HARINA 0000,MORIXE,Almacén,Harinas,""
7790070562265,HARINA 0000 C/VITAMI,FAVORITA,Almacén,Harinas,""
7799037060028,HARINA 0000 CHACABUCO X 1 KG,CHACABUCO,Almacén,Harinas,""
7792180004871,HARINA 0000 ULTRA RE,PUREZA,Almacén,Harinas,""
7792180004567,HARINA C/LEV PIZ CAS,PUREZA,Almacén,Harinas,""
7792180144980,HARINA COOPE 000,COOPERATIVA,Almacén,Harinas,""
7792180144997,HARINA COOPE 0000,COOPERATIVA,Almacén,Harinas,""
7792180145000,HARINA COOPE LEUDAN,COOPERATIVA,Almacén,Harinas,""
7793323004468,HARINA DE ALGARROBA DICOMERE DOY PACK X 200GR,DICOMERE,Almacén,Harinas,""
7793323004901,HARINA DE ARROZ YAMANI DICOMERE 450g PAQ-450-gr.,DICOMERE,Almacén,Harinas,""
7799037060325,HARINA DE FUERZA,CHACA,Almacén,Harinas,""
7790199604730,HARINA DE FUERZA MORIXE X 1KG,MORIXE,Almacén,Harinas,""
7798370550241,HARINA DE MANI,NATUR,Almacén,Harinas,""
7799037060011,HARINA DE TRIGO 000,CHACA,Almacén,Harinas,""
8480017242723,HARINA DE TRIGO 000,DIA,Almacén,Harinas,""
8480017242730,HARINA DE TRIGO 0000,DIA,Almacén,Harinas,""
7790070562210,HARINA DE TRIGO 0000 BLANCAFLOR X 1 KG,BLANCAFLOR,Almacén,Harinas,""
7799037060349,"HARINA DE TRIGO ESPECIAL PASTELERIA, CHACABUCO, 1000 gr",CHACABUCO,Almacén,Harinas,""
7793323004253,HARINA DE TRIGO INTEGRAL DICOMERE 1kg PAQ-1000-gr.,DICOMERE,Almacén,Harinas,""
7790199603856,HARINA DE TRIGO INTEGRAL MORIXE X 1 KG,MORIXE,Almacén,Harinas,""
7799037060394,HARINA DE TRIGO INTEGRAL ORGANICA CHACABUCO X 750G,CHACABUCO,Almacén,Harinas,""
7793323004925,HARINA DE TRIGO SARRACENO S/TACC 450G PAQ-450-gr.,DICOMERE,Almacén,Harinas,""
7790199604075,HARINA FORTIVAC 000,MORIX,Almacén,Harinas,""
7792590001156,HARINA FRACCIO PIZZA,CASER,Almacén,Harinas,""
7792180137258,HARINA INTEG PIZZAS,PUREZ,Almacén,Harinas,""
7792180134516,HARINA INTEGRAL,PUREZA,Almacén,Harinas,""
8480017258229,HARINA INTEGRAL,DIA,Almacén,Harinas,""
7799037145176,"HARINA INTEGRAL CON LEGUMBRES, CHACABUCO, 750 gr",CHACABUCO,Almacén,Harinas,""
7799037060226,HARINA INTEGRAL FINA CHACABUCO X 1 KG,CHACABUCO,Almacén,Harinas,""
7790199000051,HARINA LEUDANTE,MORIX,Almacén,Harinas,""
7792590001064,HARINA LEUDANTE,CASER,Almacén,Harinas,""
8480017242747,HARINA LEUDANTE,DIA,Almacén,Harinas,""
7799037060493,HARINA LEUDANTE CHACABUCO X 1 KG,CHACABUCO,Almacén,Harinas,""
7790070562180,HARINA LEUDANTE FORT,BLANCAFLOR,Almacén,Harinas,""
7792180136657,HARINA LEUDANTE SIN SODIO PUREZA X 1 KG,PUREZA,Almacén,Harinas,""
7792180145758,HARINA MULTICEREAL C LEVADURA Y M MADRE PUREZA X1K,PUREZA,Almacén,Harinas,""
7798141971534,HARINA P PRECIO 000,PRIMER PRECIO,Almacén,Harinas,""
7798141971541,HARINA P PRECIO 0000,PRIMER PRECIO,Almacén,Harinas,""
7798141971558,HARINA P PRECIO LEUDANTE,PRIMER PRECIO,Almacén,Harinas,""
7790199604273,HARINA PARA PIZZA,MORIX,Almacén,Harinas,""
7792180141941,HARINA PIZZA M MADRE,PUREZ,Almacén,Harinas,""
7799037060332,"HARINA TRIGO + GRANOS ANCESTRALES, CHACABUCO, 750 gr",CHACABUCO,Almacén,Harinas,""
7790070562203,Harina 000 Fort. BLANCAFLOR x 1kg PET-1000-gr.,BLANCAFLOR,Almacén,Harinas,""
7792180134509,Harina BLANCAFLOR para pizza PAQ-1000-gr.,BLANCAFLOR,Almacén,Harinas,""
7792180004901,Harina Especial Pureza Panes Caseros PAQ-1000-gr.,PUREZA,Almacén,Harinas,""
7792180141095,Harina Integral BLANCAFLOR x1kg BSA-1000-gr.,BLANCAFLOR,Almacén,Harinas,""
7790070562234,Harina Leudante Vit. FAVORITAx 1kg SOB-1000-gr.,FAVORITA,Almacén,Harinas,""
7792180136671,Harina PUREZA Integral Leudante x1K PAQ-1000-gr.,PUREZA,Almacén,Harinas,""
7793323004017,Harina almendras 200 g s/tacc DICOMERE DOY-200-gr.,DICOMERE,Almacén,Harinas,""
7793323004079,Harina de arroz x 1 kg SIN TACC DICOMERE PAQ-1000-gr.,DICOMERE,Almacén,Harinas,""
7798079230284,harina SANTA MARIA de arroz PAQ-1000-gr.,SANTA MARIA,Almacén,Harinas,""
7898954933474,harina mix mezcla premium SHAR  500g PAQ-500-gr.,SCHAR,Almacén,Harinas,""
7840131004392,BIM GRISIN CEB 75G,BIMBO,Almacén,Pan envasado y tostadas,""
7840131004378,BIM GRISIN CIB 75G,BIMBO,Almacén,Pan envasado y tostadas,""
7798221641746,BIO PAN DE QUESO SIN,BIO,Almacén,Pan envasado y tostadas,""
7794529041547,BREVISS GRUESA LIGHT,BREVISS,Almacén,Pan envasado y tostadas,""
7799120005844,CHECK GRIS ORI 100G,CHECK,Almacén,Pan envasado y tostadas,""
7799120005776,CHECK TOS CLAS 200G,CHECK,Almacén,Pan envasado y tostadas,""
7799120005790,CHECK TOS CREAL 200G,CHECK,Almacén,Pan envasado y tostadas,""
7799120005806,CHECK TOS DUL 200G,CHECK,Almacén,Pan envasado y tostadas,""
7799120005813,CHECK TOS FIN 140G,CHECK,Almacén,Pan envasado y tostadas,""
7799120005783,CHECK TOS S SAL 200G,CHECK,Almacén,Pan envasado y tostadas,""
7790070320940,FAJITAS,LUCCH,Almacén,Pan envasado y tostadas,""
7793890260724,FAJITAS,TIARO,Almacén,Pan envasado y tostadas,""
8480017298621,GALLETA TOSTADITA,DIA,Almacén,Pan envasado y tostadas,""
8480017303776,GRISINES,DIA,Almacén,Pan envasado y tostadas,""
7798133510116,GRISINES CON CEBOLLA,"",Almacén,Pan envasado y tostadas,""
7798133510109,GRISINES DE SALVADO,PANEX,Almacén,Pan envasado y tostadas,""
2404644000002,GRISINES KG,"",Almacén,Pan envasado y tostadas,""
7798133510055,GRISINES MALTEADOS,S/D,Almacén,Pan envasado y tostadas,""
7794529042285,GRISINES PANADERÍA CLÁSICOS 100 GR BSA-100-gr.,FRESH MP,Almacén,Pan envasado y tostadas,""
7794529042292,GRISINES PANADERÍA PIZZA 100 GR BSA-100-gr.,FRESH MP,Almacén,Pan envasado y tostadas,""
7794529042308,GRISINES PANADERÍA SEMILLAS 100 GR BSA-100-gr.,FRESH MP,Almacén,Pan envasado y tostadas,""
0614143154553,Grisin BAMMI Mini PAQ-250-gr.,BAMMI,Almacén,Pan envasado y tostadas,""
7790071010123,Grisines Clásicos Libres RIERA 20 X 160g PCK-160-gr.,RIERA,Almacén,Pan envasado y tostadas,""
7790071010611,Grisines Finas hierbas Lib RIERA 20X160g PCK-160-gr.,RIERA,Almacén,Pan envasado y tostadas,""
7790071010215,Grisines Integrales Libres RIERA 20X160g PCK-160-gr.,RIERA,Almacén,Pan envasado y tostadas,""
0614143154584,Grisines Sin Sal Bammi x 145 gr PAQ-145-gr.,BAMMI,Almacén,Pan envasado y tostadas,""
7790071010512,Grisines Sésamo Libres RIERA 20 X 160g PCK-160-gr.,RIERA,Almacén,Pan envasado y tostadas,""
7790412001636,LEIVA TOST CLAS 125G,LEIVA,Almacén,Pan envasado y tostadas,""
7798110010011,Masas MEXICANITAS PAQ-12-un.,MEXICANITAS,Almacén,Pan envasado y tostadas,""
7798355480594,PAN ARABE CLASICO,DELIP,Almacén,Pan envasado y tostadas,""
7793890260885,PAN ARTESANO,BIMBO,Almacén,Pan envasado y tostadas,""
7798164190615,PAN ARTESANO,FRESH MP,Almacén,Pan envasado y tostadas,""
8480017192912,PAN ARTESANO,DIA,Almacén,Pan envasado y tostadas,""
7793890258752,PAN BLANCO,LACTAL,Almacén,Pan envasado y tostadas,""
7793890258769,PAN BLANCO,LACTAL,Almacén,Pan envasado y tostadas,""
7798355480013,PAN BLANCO,DELIP,Almacén,Pan envasado y tostadas,""
8480017286789,PAN BLANCO GRANDE,DIA,Almacén,Pan envasado y tostadas,""
7790606086005,PAN BLANCO LACT LIVI,NOLY,Almacén,Pan envasado y tostadas,""
7793890261479,PAN BLANCO LACTEADO FARGO BOLSA X 370 GRS,FARGO,Almacén,Pan envasado y tostadas,""
7793890262155,PAN BLANCO LACTEADO FARGO BOLSA X 510 GRS,FARGO,Almacén,Pan envasado y tostadas,""
8480017319142,PAN BRIOCHE,DIA,Almacén,Pan envasado y tostadas,""
7795293602088,PAN C/SALVADO PRIMER PREC,PRIMER PRECIO,Almacén,Pan envasado y tostadas,""
7793890261493,PAN CEREAL Y SEMILLA,FARGO,Almacén,Pan envasado y tostadas,""
7793890261219,PAN CON LINO BIMBO BOLSA X 420 GRS,BIMBO,Almacén,Pan envasado y tostadas,""
7790606000407,PAN DE MESA LACTEADO DONA NOLY X 360 GRS,DONA NOLY,Almacén,Pan envasado y tostadas,""
7793890261233,PAN DE MESA LIVIANO CHICO BIMBO X 400 GRS,BIMBO,Almacén,Pan envasado y tostadas,""
7791708001514,PAN DE MESA VENEZIANA X 600 GRS,VENEZIANA,Almacén,Pan envasado y tostadas,""
7798185030457,PAN DE MOLDE LACTEAD,LAPAN,Almacén,Pan envasado y tostadas,""
7798164190585,PAN DE MOLDE SALVADO,"",Almacén,Pan envasado y tostadas,""
7798185030464,PAN DE MOLDE SALVADO,LAPAN,Almacén,Pan envasado y tostadas,""
7798164190639,PAN DE MOLDE SEMILLA,FRESH MP,Almacén,Pan envasado y tostadas,""
8480017319135,PAN DE PAPA,DIA,Almacén,Pan envasado y tostadas,""
8480017319128,PAN DE PAPA CON QUES,DIA,Almacén,Pan envasado y tostadas,""
8480017319098,PAN DE PAPA CON SEMI,DIA,Almacén,Pan envasado y tostadas,""
7790903001404,PAN DE PAPA HAMBURGUESA C SESAMO LA PERLA X 4 UNI,CASERISIMO,Almacén,Pan envasado y tostadas,""
7793890259001,PAN DE PAPA P HAMBU ARTESANO BIMBO BOLSA X 4 UNI,ARTESANO,Almacén,Pan envasado y tostadas,""
7793890259605,PAN DE PAPA P PANCHO ARTESANO BIMBO BOLSA X 6 UNI,ARTESANO,Almacén,Pan envasado y tostadas,""
8480017091680,PAN DE SALVADO FORT,DIA,Almacén,Pan envasado y tostadas,""
8480017062413,PAN DE SALVADO S/SAL,DIA,Almacén,Pan envasado y tostadas,""
7798185030013,PAN DE VIENA P/PANCH,LAPAN,Almacén,Pan envasado y tostadas,""
7792963000076,PAN DE VIENA X 6 UNI,"",Almacén,Pan envasado y tostadas,""
8480017835543,PAN DIET,DIA,Almacén,Pan envasado y tostadas,""
8480017116314,PAN DOBLE INTEGRAL,DIA,Almacén,Pan envasado y tostadas,""
7793890259070,PAN HAMBURG C/SESAMO,BIMBO,Almacén,Pan envasado y tostadas,""
7793890258806,PAN HAMBURGUESA,LACTA,Almacén,Pan envasado y tostadas,""
7793890258998,PAN HAMBURGUESA,BIMBO,Almacén,Pan envasado y tostadas,""
7791708001248,PAN HAMBURGUESA AMERICANAS VENEZIANA X 4 UNI,VENEZIANA,Almacén,Pan envasado y tostadas,""
7793890258851,PAN HAMBURGUESA C/SE,FARGO,Almacén,Pan envasado y tostadas,""
7798164190097,PAN HAMBURGUESA C/SE,"",Almacén,Pan envasado y tostadas,""
7793890261837,PAN HOGAZA BLANCA OROWEAT,OROWEAT,Almacén,Pan envasado y tostadas,""
7793890261486,PAN INTEGRAL,FARGO,Almacén,Pan envasado y tostadas,""
7793890260892,PAN INTEGRAL ARTESAN,BIMBO,Almacén,Pan envasado y tostadas,""
7793890261196,PAN INTEGRAL BIMBO BOLSA X 420 GRS,BIMBO,Almacén,Pan envasado y tostadas,""
7793890262124,PAN INTEGRAL BIMBO BOLSA X 620 GRS,BIMBO,Almacén,Pan envasado y tostadas,""
7793890261226,PAN INTEGRAL CERO CERO BIMBO BOLSA X 430 GRS,CERO CERO,Almacén,Pan envasado y tostadas,""
7791708001484,PAN INTEGRAL CON SALVADO VENEZIANA X 360 GRS,VENEZIANA,Almacén,Pan envasado y tostadas,""
7795293000297,PAN INTEGRAL DON YEYO C S,DON YEYO,Almacén,Pan envasado y tostadas,""
7793890262629,PAN INTEGRAL FARGO,FARGO,Almacén,Pan envasado y tostadas,""
8480017196248,PAN LACTAL,"",Almacén,Pan envasado y tostadas,""
7798164190578,PAN LACTAL BLANCO,FRESH MP,Almacén,Pan envasado y tostadas,""
7798164190592,PAN LACTAL MULTICERE,FRESH MP,Almacén,Pan envasado y tostadas,""
8480017196361,PAN LACTAL SALVADO,"",Almacén,Pan envasado y tostadas,""
8480017196989,PAN LACTAL SALVADO,"",Almacén,Pan envasado y tostadas,""
8480017196996,PAN LACTAL X UNI,"",Almacén,Pan envasado y tostadas,""
7792963000168,PAN LACTEADO ARTESAN,"",Almacén,Pan envasado y tostadas,""
7798120540973,PAN LACTEADO ARTESAN,"",Almacén,Pan envasado y tostadas,""
7798360590356,PAN LACTEADO BLANCO,REYOR,Almacén,Pan envasado y tostadas,""
7795293202103,PAN LACTEADO D/YEYO,DON YEYO,Almacén,Pan envasado y tostadas,""
7795293202158,PAN LACTEADO DON YEYO,DON YEYO,Almacén,Pan envasado y tostadas,""
7793890261509,PAN LACTEADO RODAJAS FINAS FARGO X 370 GRS,FARGO,Almacén,Pan envasado y tostadas,""
7793890262148,PAN LACTEADO RODAJAS FINAS FARGO X 510 GRS,FARGO,Almacén,Pan envasado y tostadas,""
7793890262407,PAN MOLDE BRIOCHE ARTESAN,BIMBO,Almacén,Pan envasado y tostadas,""
7793890262643,PAN MOLDE FARGO CER/SEMIL,FARGO,Almacén,Pan envasado y tostadas,""
7795293202110,PAN MOLDE SALV  DON YEYO,DON YEYO,Almacén,Pan envasado y tostadas,""
7798360590233,PAN MOLDE SALVADO,REY O,Almacén,Pan envasado y tostadas,""
7798181511363,PAN MOLDE SEMI STACC,SMAMS,Almacén,Pan envasado y tostadas,""
7791708611379,PAN MULTICEAL CORMILLOT VENEZIANA X 410 GRS,VENEZIANA,Almacén,Pan envasado y tostadas,""
7798355480136,PAN MULTICEREAL C/SE,REGIN,Almacén,Pan envasado y tostadas,""
7798164191506,PAN MULTICEREAL FAMI,"",Almacén,Pan envasado y tostadas,""
7798355480785,PAN MULTICEREAL MASA,CRIST,Almacén,Pan envasado y tostadas,""
8480017834881,PAN P/HAMBURGUESAS,DIA,Almacén,Pan envasado y tostadas,""
7793890258790,PAN PANCHO,LACTA,Almacén,Pan envasado y tostadas,""
7793890258875,PAN PANCHO,FARGO,Almacén,Pan envasado y tostadas,""
7798185030020,PAN PARA HAMBURGUESA,LAPAN,Almacén,Pan envasado y tostadas,""
8480017056221,PAN PARA HAMBURGUESA,ELCHA,Almacén,Pan envasado y tostadas,""
7790606026728,PAN PARA HAMBURGUESA DONA NOLY X 4 U,DONA NOLY,Almacén,Pan envasado y tostadas,""
7791708001231,PAN PARA HAMBURGUESA VENEZIANA X 4 U,VENEZIANA,Almacén,Pan envasado y tostadas,""
7793890259087,PAN PARA PANCHO BIMBO X 6 UN,BIMBO,Almacén,Pan envasado y tostadas,""
7798164190028,PAN PARA PANCHO CORT,"",Almacén,Pan envasado y tostadas,""
7798164190011,PAN PARA PANCHO LARG,"",Almacén,Pan envasado y tostadas,""
7791708001378,PAN PARA PANCHO VENEZIANA X 6 UN,VENEZIANA,Almacén,Pan envasado y tostadas,""
7793890259025,PAN PARA PANCHOS,BIMBO,Almacén,Pan envasado y tostadas,""
8480017056191,PAN PARA PANCHOS,ELCHA,Almacén,Pan envasado y tostadas,""
8480017834898,PAN PARA PANCHOS,DIA,Almacén,Pan envasado y tostadas,""
7793890259698,PAN PARA SUPER PANCHO FARGO BOLSA X 390 GRS,FARGO,Almacén,Pan envasado y tostadas,""
7798181511356,PAN RODAJAS SIN TACC,SMAMS,Almacén,Pan envasado y tostadas,""
7898954933467,PAN S TACC MULTIGRANOS SCHAR PAQUETE X 200 GRS,SCHAR,Almacén,Pan envasado y tostadas,""
7793890258776,PAN SALVADO,LACTAL,Almacén,Pan envasado y tostadas,""
7793890258783,PAN SALVADO,LACTAL,Almacén,Pan envasado y tostadas,""
7793890261462,PAN SALVADO,FARGO,Almacén,Pan envasado y tostadas,""
7798355480044,PAN SALVADO,DELIP,Almacén,Pan envasado y tostadas,""
8480017383730,PAN SALVADO DIET,DIA,Almacén,Pan envasado y tostadas,""
7790606000421,PAN SALVADO LIGH GDE,NOLY,Almacén,Pan envasado y tostadas,""
7790606086012,PAN SALVADO LIVIANO,NOLY,Almacén,Pan envasado y tostadas,""
8480017054845,PAN SALVADO ROD FINA,DIA,Almacén,Pan envasado y tostadas,""
7793890261523,PAN SEMILLAS MASA MADRE OROWEAT X 600 GRS,OROWEAT,Almacén,Pan envasado y tostadas,""
7791708001422,PAN TRISALVADO LIGHT VENEZIANA X 620 GRS,VENEZIANA,Almacén,Pan envasado y tostadas,""
8480017268174,PANCITOS CLAS/PIZZA,DIA,Almacén,Pan envasado y tostadas,""
7793890259292,Pan Blanco 315g BSA-315-gr.,FRESH MP,Almacén,Pan envasado y tostadas,""
7798221641654,Pan De Hamburg Libr D Glut-bsa-gr120 Bio BSA-120-gr.,BIO,Almacén,Pan envasado y tostadas,""
7790522011969,Pan Lacteado MENDIA x360 g BSA-360-gr.,MENDIA,Almacén,Pan envasado y tostadas,""
7793890259322,Pan Pancho 210g BSA-210-gr.,FRESH MP,Almacén,Pan envasado y tostadas,""
7793890259308,Pan Salvado  330g BSA-330-gr.,FRESH MP,Almacén,Pan envasado y tostadas,""
7793890259261,Pan Salvado Semill ChiayLino LACTAL 330g BSA-330-gr.,LACTAL,Almacén,Pan envasado y tostadas,""
7793890259315,Pan Semillado  330g BSA-330-gr.,BRIOSH,Almacén,Pan envasado y tostadas,""
7793890259339,Pan Superpancho. BSA-390-gr.,FRESH MP,Almacén,Pan envasado y tostadas,""
7798221641647,Pan de hamburguesa BIO libre de gluten BSA-120-gr.,BIO,Almacén,Pan envasado y tostadas,""
7898954933689,Pan de hamburguesas SCHAR 130 gr PAQ-130-gr.,SCHAR,Almacén,Pan envasado y tostadas,""
7793890259018,Pan hamb ARTESANO Brioche 240g BSA-240-gr.,BIMBO,Almacén,Pan envasado y tostadas,""
7791708001477,Pan integral con salvado VENEZIANA PAQ-630-gr.,VENEZIANA,Almacén,Pan envasado y tostadas,""
7793890261905,RAPIDITAS CHIA&LINO BIMBO,BIMBO,Almacén,Pan envasado y tostadas,""
7793890258264,RAPIDITAS CLASICAS,BIMBO,Almacén,Pan envasado y tostadas,""
7793890258288,RAPIDITAS INTEGRALES,BIMBO,Almacén,Pan envasado y tostadas,""
7793890258271,RAPIDITAS LIGHT,BIMBO,Almacén,Pan envasado y tostadas,""
7793890262377,RAPIDITAS WRAP INTEGRALES,BIMBO,Almacén,Pan envasado y tostadas,""
7793890262360,RAPIDITAS WRAPS CLASICAS,BIMBO,Almacén,Pan envasado y tostadas,""
7798181510496,SMAMS PAN MOLDE SEMI,SMAMS,Almacén,Pan envasado y tostadas,""
7798181510489,SMAMS PAN MOLDE SIN,SMAMS,Almacén,Pan envasado y tostadas,""
7798355480570,TORTILL TRI ESPINACA,RAPID,Almacén,Pan envasado y tostadas,""
8480017302984,TORTILLA,"",Almacén,Pan envasado y tostadas,""
7793890260915,TORTILLA BURRERA,TIARO,Almacén,Pan envasado y tostadas,""
7798355480587,TORTILLA TRIGO INTEG,RAPID,Almacén,Pan envasado y tostadas,""
7798355480563,TORTILLAS TRIGO CLAS,RAPID,Almacén,Pan envasado y tostadas,""
7791708617500,TORTILLAS VENEZIANA BOLSA X 165 GRS,VENEZIANA,Almacén,Pan envasado y tostadas,""
7790071070318,TOST 100% INTE LIBRE,RIERA,Almacén,Pan envasado y tostadas,""
7791568006360,TOST P PRECIO CLASICA,PRIMER PRECIO,Almacén,Pan envasado y tostadas,""
7791568006407,TOST P PRECIO DULCES,PRIMER PRECIO,Almacén,Pan envasado y tostadas,""
7791568006384,TOST P PRECIO LIGHT,PRIMER PRECIO,Almacén,Pan envasado y tostadas,""
7790071070516,TOST RIERA ORG LIBRES,RIERA,Almacén,Pan envasado y tostadas,""
7790495004401,TOST YIN YANG CHIA,YIN YANG,Almacén,Pan envasado y tostadas,""
7790071090231,TOSTADA CLASIC LIBRE,RIERA,Almacén,Pan envasado y tostadas,""
7790071090125,TOSTADA DULCES LIBRE,RIERA,Almacén,Pan envasado y tostadas,""
7794529041608,TOSTADA GRUESA CLASI,TOSTI,Almacén,Pan envasado y tostadas,""
7798120180599,TOSTADA MANIERI SALV,MANIERI,Almacén,Pan envasado y tostadas,""
7791120098093,TOSTADAS CLASICAS,MOLINOS ALA,Almacén,Pan envasado y tostadas,""
7790040124509,TOSTADAS CLASICAS CRIOLLITAS X 195 GRS,CRIOLLITAS,Almacén,Pan envasado y tostadas,""
7792180137845,TOSTADAS CLASICAS PASEO PAQ 200 GRM,PASEO,Almacén,Pan envasado y tostadas,""
7794529041653,"TOSTADAS CLASICAS, TOSTI, 140 gr",TOSTI,Almacén,Pan envasado y tostadas,""
7790040124530,TOSTADAS DULCES,CRIOL,Almacén,Pan envasado y tostadas,""
8480017179531,TOSTADAS GRUESA LIGH,DIA,Almacén,Pan envasado y tostadas,""
7790071070134,TOSTADAS LIGHT LIBRE,RIERA,Almacén,Pan envasado y tostadas,""
7790071070219,TOSTADAS PROTEICAS LIBRES RIERA PAQ 200 GRM,RIERA,Almacén,Pan envasado y tostadas,""
7794529041677,TOSTADAS S SAL TOSTI X 140 GRS,TOSTI,Almacén,Pan envasado y tostadas,""
7791120098116,TOSTADAS S/SAL C/VIT,MOLINOS ALA,Almacén,Pan envasado y tostadas,""
7790071090422,TOSTADAS S/SAL LIBRE,RIERA,Almacén,Pan envasado y tostadas,""
7790040124516,TOSTADAS SALVADO CRIOLLITAS X 195 GRS,CRIOLLITAS,Almacén,Pan envasado y tostadas,""
7791708617364,TOSTADAS VENEZIANA C/SALVADO CORMILLOT X PAQ-200-gr.,VENEZIANA,Almacén,Pan envasado y tostadas,""
7791708617326,TOSTADAS VENEZIANA LIGHT GLUTEN S/SAL CO PAQ-200-gr.,VENEZIANA,Almacén,Pan envasado y tostadas,""
7791708617357,TOSTADAS VENEZIANA MULTICEREAL CORMILLOT PAQ-200-gr.,VENEZIANA,Almacén,Pan envasado y tostadas,""
0656750790502,TOSTADITA P PCIO ARR SEM,PRIMER PRECIO,Almacén,Pan envasado y tostadas,""
7791120102769,TOSTADITAS CLASICAS,MOLIN,Almacén,Pan envasado y tostadas,""
7794529041691,TOSTADITAS TOSTI MUL,TOSTI,Almacén,Pan envasado y tostadas,""
7790495004395,TOSTADITAS YIN YANG QUINO,YIN YANG,Almacén,Pan envasado y tostadas,""
7794529041615,TOSTI GRUESA SIN SAL,TOSTI,Almacén,Pan envasado y tostadas,""
7891962060453,Tostada BAUDUCCO Clásica 142gr BLI-142-gr.,BAUDUCCO,Almacén,Pan envasado y tostadas,""
7891962060460,Tostada BAUDUCCO Integral 142gr BLI-142-gr.,BAUDUCCO,Almacén,Pan envasado y tostadas,""
7891962060477,Tostada BAUDUCCO Multigrano 142gr BLI-142-gr.,BAUDUCCO,Almacén,Pan envasado y tostadas,""
7794529042230,Tostada BREVISS Light C/Fitoesterol110gr EST-110-gr.,BREVISS,Almacén,Pan envasado y tostadas,""
7794529041639,Tostada TOSTI Dulce PAQ-200-gr.,BREVISS,Almacén,Pan envasado y tostadas,""
7791708617432,Tostada veneziana dulce gluten light PAQ-200-gr.,VENEZIANA,Almacén,Pan envasado y tostadas,""
7790071070417,Tostadas 7 semillas Libres RIERA 18x200g PCK-200-gr.,RIERA,Almacén,Pan envasado y tostadas,""
7790040102750,Tostadas CRIOLLITAS Dulces 195gr PAQ-200-gr.,CRIOLLITAS,Almacén,Pan envasado y tostadas,""
0000000702461,Tostadas Cristal Clasicas (MarC) S/E-1-un.,FRESH MP,Almacén,Pan envasado y tostadas,""
7794529041820,Tostadas Cristal Clasicas (MarC) S/E-1-un.,FRESH MP,Almacén,Pan envasado y tostadas,""
7794529041837,Tostadas Cristal Dulces (MarC) S/E-1-un.,FRESH MP,Almacén,Pan envasado y tostadas,""
8008698028582,Tostadas SCHAR 87gr PAQ-87-gr.,SCHAR,Almacén,Pan envasado y tostadas,""
7798221642057,Tostadas clásicas BINFINIT s/gluten BSA-650-gr.,BINFINIT,Almacén,Pan envasado y tostadas,""
7798221642064,Tostadas con semillas BINFINIT s/gluten BSA-650-gr.,BINFINIT,Almacén,Pan envasado y tostadas,""
0614143154577,gRISINES iNTEGRALES bAMMI X 145 GR PAQ-145-gr.,BAMMI,Almacén,Pan envasado y tostadas,""
7794529042254,grisines TOSTI clasicos x100g BOB-100-gr.,TOSTI,Almacén,Pan envasado y tostadas,""
7791708001347,grisines VENEZIANA PAQ-180-gr.,VENEZIANA,Almacén,Pan envasado y tostadas,""
7791708002023,grisines VENEZIANA PAQ-180-gr.,VENEZIANA,Almacén,Pan envasado y tostadas,""
7791708611270,grisines VENEZIANA x 180 gr PAQ-180-gr.,VENEZIANA,Almacén,Pan envasado y tostadas,""
7798112430015,masas EL JALISQUEÑO PAQ-12-un.,EL JALISQUEÑO,Almacén,Pan envasado y tostadas,""
7798112430169,masas EL JALISQUEÑO PAQ-6-un.,EL JALISQUEÑO,Almacén,Pan envasado y tostadas,""
7798112430176,masas EL JALISQUEÑO PAQ-6-un.,EL JALISQUEÑO,Almacén,Pan envasado y tostadas,""
7798110010042,masas MEXICANITAS PAQ-12-un.,MEXICANITAS,Almacén,Pan envasado y tostadas,""
7791708611454,pan lacteado VENEZIANA x 400 grs PAQ-400-gr.,VENEZIANA,Almacén,Pan envasado y tostadas,""
7791708001569,tostada VENEZIANA Saladas PAQ-200-gr.,VENEZIANA,Almacén,Pan envasado y tostadas,""
7794529041622,tostadas TOSTI light x200g BOB-200-gr.,TOSTI,Almacén,Pan envasado y tostadas,""
0605388717238,CHECK PRALLAD 1KG,CHECK,Almacén,Pan rallado y rebozador,""
0605388717313,CHECK PRALLAD 500G,CHECK,Almacén,Pan rallado y rebozador,""
0605887173993,CHECK REBOZ 1KG,CHECK,Almacén,Pan rallado y rebozador,""
0605388717474,CHECK REBOZADOR X500,CHECK,Almacén,Pan rallado y rebozador,""
7792180140562,PAN RALL AJO Y PEREJ,MAMA,Almacén,Pan rallado y rebozador,""
7790199602910,PAN RALLADO,MORIX,Almacén,Pan rallado y rebozador,""
7790199602927,PAN RALLADO,MORIX,Almacén,Pan rallado y rebozador,""
7791954000026,PAN RALLADO,EXCLU,Almacén,Pan rallado y rebozador,""
7792180004741,PAN RALLADO,MAMA,Almacén,Pan rallado y rebozador,""
7792180004758,PAN RALLADO,MAMA,Almacén,Pan rallado y rebozador,""
8480017068880,PAN RALLADO,DIA,Almacén,Pan rallado y rebozador,""
7790070433176,PAN RALLADO FORT,PREFERIDO,Almacén,Pan rallado y rebozador,""
7790070433169,PAN RALLADO FORTIFIC,PREFERIDO,Almacén,Pan rallado y rebozador,""
7792180136480,PAN RALLADO INTEGRAL,PUREZ,Almacén,Pan rallado y rebozador,""
7790070100283,PAN RALLADO LIBRE DE GLUTEN PREFERIDO X 350 GRS,PREFERIDO,Almacén,Pan rallado y rebozador,""
7798120540980,PAN RALLADO PANADERI,"",Almacén,Pan rallado y rebozador,""
7792180145376,PAN RALLADO SIN TACC,MAMAC,Almacén,Pan rallado y rebozador,""
7792180142023,PANKO,MAMA,Almacén,Pan rallado y rebozador,""
7790070433237,Pan Rall PREFERIDO Ajo y Perej x500g PAQ-500-gr.,PREFERIDO,Almacén,Pan rallado y rebozador,""
7792180136978,Pan Rallado Cañuelas x 500 gr PAQ-500-gr.,CAÑUELAS,Almacén,Pan rallado y rebozador,""
7790070433312,Pan Rallado FAVORITA Fte Vit&Min x450g PET-450-gr.,FAVORITA,Almacén,Pan rallado y rebozador,""
7790070433329,Pan Rallado FAVORITA Fte.Vit y Min X900g PET-900-gr.,FAVORITA,Almacén,Pan rallado y rebozador,""
7790070433282,Pan Rallado LUCCHETTI Nutrivit X1kg PET-1000-gr.,LUCCHETTI,Almacén,Pan rallado y rebozador,""
7790070433275,Pan Rallado LUCCHETTI Nutrivit x500g PET-500-gr.,LUCCHETTI,Almacén,Pan rallado y rebozador,""
7798181511233,Pan Rallado SMAMS x 350gr BSA-350-gr.,SMAMS,Almacén,Pan rallado y rebozador,""
7798193377285,"REBOZADO, NATURALSUR, 500 gr",NATURALSUR,Almacén,Pan rallado y rebozador,""
8480017068873,REBOZADOR,DIA,Almacén,Pan rallado y rebozador,""
7792180004796,REBOZADOR HORNO FORTIFICADO MAMA COCINA X 1 KG,MAMA COCINA,Almacén,Pan rallado y rebozador,""
7790199602934,REBOZADOR MORIXE PAQUETE X 500 GRS,MORIXE,Almacén,Pan rallado y rebozador,""
7792180004789,REBOZADOR PARA HORNO,MAMA,Almacén,Pan rallado y rebozador,""
7790070433190,REBOZADOR PREFERIDO BOLSA X 1 KG,PREFERIDO,Almacén,Pan rallado y rebozador,""
7790070433183,REBOZADOR PREFERIDO BOLSA X 500 GRS,PREFERIDO,Almacén,Pan rallado y rebozador,""
7798128410087,REBOZADOR S TACC AGLU BOLSA X 450 GRS,AGLU,Almacén,Pan rallado y rebozador,""
7792052998871,Rebozador 850gr CUISINE & CO NBE MP PAQ-850-gr.,CUISINE & CO,Almacén,Pan rallado y rebozador,""
7792180004772,Rebozador MAMA COCINA para freir x 1kg BSA-1000-gr.,MAMA COCINA,Almacén,Pan rallado y rebozador,""
7792180004765,Rebozador MAMA COCINA para freir x 500gr BSA-500-gr.,MAMA COCINA,Almacén,Pan rallado y rebozador,""
7790199602941,Rebozador MORIXE PAQ-1000-gr.,MORIXE,Almacén,Pan rallado y rebozador,""
7798193377292,Rebozador NATURAL SUR C/ Semillas libre PAQ-350-gr.,NATURAL SUR,Almacén,Pan rallado y rebozador,""
7790070433268,Rebozador PREFERIDO Crunch fortifi 900g PAQ-900-gr.,PREFERIDO,Almacén,Pan rallado y rebozador,""
7790070433251,Rebozador PREFERIDO Crunch x450g PAQ-450-gr.,PREFERIDO,Almacén,Pan rallado y rebozador,""
7790070433244,Rebozador PREFERIDO Horno Fort x1kg PAQ-1000-gr.,PREFERIDO,Almacén,Pan rallado y rebozador,""
7790070433220,Rebozador PREFERIDO Horno x500g PAQ-500-gr.,PREFERIDO,Almacén,Pan rallado y rebozador,""
0681131411332,CHECK HARINA MAIZ CO,CHECK,Almacén,Polenta,""
7798334587085,COMIDAS LISTAS POLENTA MEDITERRANEA MOLE X 180 GRS,MOLE,Almacén,Polenta,""
7791476070118,EGRAN SEMOLA 400G,EGRAN,Almacén,Polenta,""
7790580138721,HARINA DE MAIZ,PREST,Almacén,Polenta,""
7791120103865,"HARINA DE MAIZ COCCION RAPIDA, MOLINOS ALA, 730 gr",MOLINOS ALA,Almacén,Polenta,""
7798349320165,HARINA DE MAIZ P PCIO COM,PRIMER PRECIO,Almacén,Polenta,""
7798349320158,HARINA DE MAIZ P PCIO INS,PRIMER PRECIO,Almacén,Polenta,""
7790580155025,"HARINA DE MAIZ SAB. 4 QUESOS, PRESTOPRONTA, 250 gr",PRESTOPRONTA,Almacén,Polenta,""
7790580126315,"HARINA DE MAIZ SAB.ESPIN.A LA CREMA, PRESTOPRONTA, 250 gr",PRESTOPRONTA,Almacén,Polenta,""
7790580137762,"HARINA DE MAIZ SAB.VEGETALES, PRESTOPRONTA, 250 gr",PRESTOPRONTA,Almacén,Polenta,""
7790580133955,HARINA MAIZ PARA AREPAS PRESTOPRONTA X 1 KG,PRESTOPRONTA,Almacén,Polenta,""
7790199603368,HARINA PARA AREPAS,MORIXE,Almacén,Polenta,""
7791476025002,Harina de maíz EGRAN BSA-500-gr.,EGRAN,Almacén,Polenta,""
7798066030750,LA ESP POLENTA 500G,LA ESPANOLA,Almacén,Polenta,""
7798066030743,LA ESPANOLA POLENTA,LA ESPANOLA,Almacén,Polenta,""
7798066030767,LA ESPANOLA POLENTA,LA ESPANOLA,Almacén,Polenta,""
7790580138738,POLENTA,PREST,Almacén,Polenta,""
7791120103858,POLENTA,MOLIN,Almacén,Polenta,""
8480017229755,POLENTA COCCION RAPI,DIA,Almacén,Polenta,""
7791102055007,POLENTA COOPE INSTANTANEA,COOPERATIVA,Almacén,Polenta,""
7794080000205,POLENTA INSTANTANEA DON BERNABEU X 500 GR,DON BERNABEU,Almacén,Polenta,""
7791476022001,POLENTA INSTANTANEA EGRAN BOLSA X 500 GRS,EGRAN,Almacén,Polenta,""
7793323004932,POLENTA ORGANICA DICOMERE PAQUETE X 450 GRS,DICOMERE,Almacén,Polenta,""
7790580126322,POLENTA PANCETA QUESO PRESTOPRONTA X 250 GRS,PRESTO PRONTA,Almacén,Polenta,""
7790070336996,"SEMOLA C/VEGETALES NUTRI VIT PLUS, VITINA, 250 gr",VITINA,Almacén,Polenta,""
7790070336972,SEMOLA CLASICA VITINA NUTRIMAX LUCCHETTI X 250 GRS,VITINA,Almacén,Polenta,""
7791476087017,SEMOLA DE TRIGO,SIN MARCA,Almacén,Polenta,""
7792180144157,SEMOLA DE TRIGO CANDEAL PUREZA X 500 GRS,PUREZA,Almacén,Polenta,""
7790070336965,SEMOLA NUTRIVIT MAX,VITINA,Almacén,Polenta,""
7798049544182,SEMOLA P PCIO DE TRIGO,PRIMER PRECIO,Almacén,Polenta,""
7799037145145,SEMOLIN CHACABUCO X 1 KG,CHACABUCO,Almacén,Polenta,""
7790070336989,Semola VITINA Espinaca x250g EST-250-gr.,VITINA,Almacén,Polenta,""
7791176025050,harina de maiz CADEA PAQ-500-gr.,CADEA,Almacén,Polenta,""
7791176021250,harina de maíz CADEA PAQ-500-gr.,CADEA,Almacén,Polenta,""
7794000007468,ALMIDON DE MAIZ,MAIZENA,Almacén,Polvos para preparar,""
8480017229700,ALMIDON DE MAIZ,DIA,Almacén,Polvos para preparar,""
7794000007451,ALMIDON DE MAIZ MAIZENA BOLSA X 220 GRS,MAIZENA,Almacén,Polvos para preparar,""
7791100000443,"ALMIDON DE MAIZ, CHANGO, 500 gr",CHANGO,Almacén,Polvos para preparar,""
7791476019001,"ALMIDON DE MAIZ, EGRAN, 500 gr",EGRAN,Almacén,Polvos para preparar,""
7790580126049,ARCOR PIZZA SIN TACC,ARCOR,Almacén,Polvos para preparar,""
7794906000242,Almidon de Maiz s/tacc KAPAC 500gr BSA-500-gr.,KAPAC,Almacén,Polvos para preparar,""
7791100000320,Almidon de maíz Chango PAQ-200-gr.,CHANGO,Almacén,Polvos para preparar,""
7790580131487,BAÑO DE REPOS SEMIAM,AGUIL,Almacén,Polvos para preparar,""
8480017303363,BAÑO DE REPOSTE BCO,DIA,Almacén,Polvos para preparar,""
7790580131494,"BAÑO DE REPOSTERIA BLANCO, AGUILA, 150 gr",AGUILA,Almacén,Polvos para preparar,""
8480017303394,BAÑO REP SEMIAMARGO,DIA,Almacén,Polvos para preparar,""
8480017303370,BAÑO REPOS LECHE,DIA,Almacén,Polvos para preparar,""
7790580131470,BAÑO REPOST C/LECHE,AGUIL,Almacén,Polvos para preparar,""
7792180139627,BIZC CHOCO MC VIT D,MAMA,Almacén,Polvos para preparar,""
7792180139603,BIZC VAINILLA VIT D,MAMA,Almacén,Polvos para preparar,""
7790070432964,BIZCOCH VAINILL FORT,EXQUISITA,Almacén,Polvos para preparar,""
7790070432971,BIZCOCHUE CHOCO FORT,EXQUISITA,Almacén,Polvos para preparar,""
7790199604198,BIZCOCHUELO CHOCOLAT,MORIX,Almacén,Polvos para preparar,""
7790070417299,BIZCOCHUELO CHOCOLATE FAVORITA X 450 GRS,FAVORITA,Almacén,Polvos para preparar,""
7790580131760,BIZCOCHUELO CHOCOLATE GODET CAJA X 480 GRS,GODET,Almacén,Polvos para preparar,""
7790070432995,BIZCOCHUELO LIMON EXQUISITA CAJA X 540 GRS,EXQUISITA,Almacén,Polvos para preparar,""
7790070432940,BIZCOCHUELO S TACC CHOCOLATE EXQUISITA X 450 GRS,EXQUISITA,Almacén,Polvos para preparar,""
7790070432933,BIZCOCHUELO S TACC VAINILLA EXQUISITA X 450 GRS,EXQUISITA,Almacén,Polvos para preparar,""
7790199604181,BIZCOCHUELO VAINILLA,MORIX,Almacén,Polvos para preparar,""
7790070417282,BIZCOCHUELO VAINILLA FAVORITA X 450 GRS,FAVORITA,Almacén,Polvos para preparar,""
7791100000399,Bicarbonato De Sodio Chango X50g-paquete PAQ-50-gr.,CHANGO,Almacén,Polvos para preparar,""
7794268000416,Bicarbonato MANISUR SOB-25-gr.,MANISUR,Almacén,Polvos para preparar,""
7792900092805,Bicarbonato de sodio DOS ANCLAS SOB-25-gr.,DOS ANCLAS,Almacén,Polvos para preparar,""
7797234000144,Bicarbonato de sodio PERGOLA s/TACC x 50 BSA-50-gr.,PERGOLA,Almacén,Polvos para preparar,""
7790580132286,Bizcochuelo AGUILA Chocolate x530gr CJA-530-gr.,AGUILA,Almacén,Polvos para preparar,""
7790580123420,Bizcochuelo AGUILA Marmolado x550gr CJA-550-gr.,AGUILA,Almacén,Polvos para preparar,""
7622201806668,Bizcochuelo ROYAL Chocolate x500g PCK-500-gr.,ROYAL,Almacén,Polvos para preparar,""
7622201806651,Bizcochuelo ROYAL Vainilla x500g PCK-500-gr.,ROYAL,Almacén,Polvos para preparar,""
7790580122287,Brownie AGUILA x425gr PAQ-425-gr.,AGUILA,Almacén,Polvos para preparar,""
7798143078798,CHECK ALMIDON DE MAI,CHECK,Almacén,Polvos para preparar,""
7792900917009,Crema Chantilly Dos Anclas BLI-50-gr.,DOS ANCLAS,Almacén,Polvos para preparar,""
7791476019025,EGRAN FECULA MAIZ,EGRAN,Almacén,Polvos para preparar,""
7798370550159,FALAFEL CLASICO,NATUR,Almacén,Polvos para preparar,""
7790598091148,FECULA DE MAIZ DON UBALDO,DON UBALDO,Almacén,Polvos para preparar,""
7793323004857,FECULA DE MAIZ SIN TACC DICOMERE 450G PAQ-450-gr.,DICOMERE,Almacén,Polvos para preparar,""
7793323004864,FECULA DE MANDIOCA DICOMERE PAQUETE X 450 GR,DICOMERE,Almacén,Polvos para preparar,""
7793323004918,FECULA DE PAPA SIN TACC DICOMERE 450G PAQ-450-gr.,DICOMERE,Almacén,Polvos para preparar,""
7797330109697,FECULA MANDIOCA SIN TACC GRANDIET 500G BSA-500-gr.,GRANDIET,Almacén,Polvos para preparar,""
7622201705299,FLAN VAINILLA LIGHT ROYAL X 16 GRS,ROYAL,Almacén,Polvos para preparar,""
7622201705268,FLAN VAINILLA ROYAL SOBRE X 60 GRS,ROYAL,Almacén,Polvos para preparar,""
7622201106034,GELATINA SIN SABOR ROYAL X 14 GRS,ROYAL,Almacén,Polvos para preparar,""
8480017303387,GOTAS DE REPOS SEMIA,DIA,Almacén,Polvos para preparar,""
7796373000206,GRANAS CELESTES LA PARMESANA BOLSA X 50 GRS,LA PARMESANA,Almacén,Polvos para preparar,""
7798224212646,"GRANAS MULTICOLOR, LA PARMESANA, 50 gr",LA PARMESANA,Almacén,Polvos para preparar,""
7796373000176,"GRANAS P/REPOSTERIA ROSAS, LA PARMESANA, 50 gr",LA PARMESANA,Almacén,Polvos para preparar,""
7797234000045,Goma Xantica ONZA DE ORO x50G BSA-50-gr.,ONZA DE ORO,Almacén,Polvos para preparar,""
0656750766064,Hummus instanharinaGarbanzosesamo 100 g BSA-100-gr.,NATURAL POP,Almacén,Polvos para preparar,""
7798370550036,Hummus instanharinaGarbanzosesamo 100 g BSA-100-gr.,NATURAL POP,Almacén,Polvos para preparar,""
7790580132293,IZCOCHUELO VAINILLA,AGUIL,Almacén,Polvos para preparar,""
7790813900989,LEVADURA AMASA FACIL,CALSA,Almacén,Polvos para preparar,""
7790813957280,LEVADURA C/MASA MADR,CALSA,Almacén,Polvos para preparar,""
7790813444469,LEVADURA FAMILIAR X2,CALSA,Almacén,Polvos para preparar,""
7798018851211,LEVADURA INST CON MASA MADRE LEVEX PAQUETE X 13 GR,LEVEX,Almacén,Polvos para preparar,""
7790813150131,LEVADURA INSTANTANEA,MI PAN,Almacén,Polvos para preparar,""
7798018851341,LEVADURA PRENSADA CUBITO LEVEX X 50 GRS,LEVEX,Almacén,Polvos para preparar,""
7798018850566,LEVADURA SAF INST,SIN MARCA,Almacén,Polvos para preparar,""
7798018850184,LEVADURA SECA INSTANTANEA LEVEX SOBRE X 20 GRS,LEVEX,Almacén,Polvos para preparar,""
7798018853192,"LEVADURA SECA PANES ESPECIALES, LEVEX, 12 gr",LEVEX,Almacén,Polvos para preparar,""
7790813110401,LEVADURA X 50 GR,CALSA,Almacén,Polvos para preparar,""
7790070432865,Lemonies EXQUISITA Fort x425g EST-425-gr.,EXQUISITA,Almacén,Polvos para preparar,""
7622201706029,MOUSSE CHOCOLATE ROYAL X 65 GRS,ROYAL,Almacén,Polvos para preparar,""
0714604171881,PANCAKES D/AVENA BANANA BYGIRO PAQ 268 GRM,BYGIRO,Almacén,Polvos para preparar,""
0714604171904,PANCAKES D/AVENA CACAO Y CHOC. BYGIRO PAQ 268 GRM,BYGIRO,Almacén,Polvos para preparar,""
0714604171874,PANCAKES D/AVENA CLASICO BYGIRO PAQ 268 GRM,BYGIRO,Almacén,Polvos para preparar,""
0714604171898,PANCAKES D/AVENA FRUT.ROJOS BYGIRO PAQ 268 GRM,BYGIRO,Almacén,Polvos para preparar,""
7790070433008,POLVO BIZCOCHU COCO,EXQUISITA,Almacén,Polvos para preparar,""
7792180144942,"POLVO P/PREP.BIZCO.CHOCO.CON CHIPS, MAMA COCINA, 540 gr",MAMA COCINA,Almacén,Polvos para preparar,""
7622300148119,POLVO PARA HORNEAR ROYAL POTE X 100 GRS,ROYAL,Almacén,Polvos para preparar,""
7622201464882,POLVO PARA HORNEAR ROYAL SOBRE X 50 GRS,ROYAL,Almacén,Polvos para preparar,""
7622201705169,POSTRE CHOCOLATE ROYAL SOBRE X 65 GRS,ROYAL,Almacén,Polvos para preparar,""
7790580129590,POSTRE GODET DDL,GODET,Almacén,Polvos para preparar,""
7790580129583,POSTRE GODET VAINILLA,GODET,Almacén,Polvos para preparar,""
7622201705077,POSTRE VAINILLA ROYAL Light X75G PCK-75-gr.,ROYAL,Almacén,Polvos para preparar,""
7622201704643,POSTRE VAINILLA ROYAL SOBRE X 75 GRS,ROYAL,Almacén,Polvos para preparar,""
8480017320599,PRE MEZCLA P/BROWNIE,CUQUE,Almacén,Polvos para preparar,""
7790070104465,PREM EXQUISITA BROW CARAM,EXQUISITA,Almacén,Polvos para preparar,""
7798370550098,PREM FALAF ARVE QUIN,NATURAL POP,Almacén,Polvos para preparar,""
7792180006752,PREM MAMA C ÑOQUIS PAPA,MAMA COCINA,Almacén,Polvos para preparar,""
7792180142207,PREM PIZZA PUREZA MASA MA,PUREZA,Almacén,Polvos para preparar,""
7798370550128,PREM STACC HUMM REMO,NATURAL POP,Almacén,Polvos para preparar,""
7792180142184,PREME BIZC VAINI S/T,MAMAC,Almacén,Polvos para preparar,""
7790070410801,PREME COOK CHO C/CHI,EXQUI,Almacén,Polvos para preparar,""
7790070410795,PREME COOK VAI C/CHI,EXQUI,Almacén,Polvos para preparar,""
7792180142115,PREMEZ BIZ NARANJ VD,M COC,Almacén,Polvos para preparar,""
7792180142191,PREMEZ BIZCO CH S/T,MAMAC,Almacén,Polvos para preparar,""
7792180139634,PREMEZ BROWNIE VIT D,MAMA,Almacén,Polvos para preparar,""
7799037070058,PREMEZ PAN/PIZZA S/G,CHACA,Almacén,Polvos para preparar,""
7792180142849,PREMEZ PIZZA PAN S/T,PUREZ,Almacén,Polvos para preparar,""
7790070432889,PREMEZ TORTA HUM CHO,EXQU,Almacén,Polvos para preparar,""
7790070432858,PREMEZCLA BROWNIES,EXQUISITA,Almacén,Polvos para preparar,""
7792180144607,PREMEZCLA BUNUELOS ESPINACA MAMA COCINA X 400 GRS,MAMA COCINA,Almacén,Polvos para preparar,""
7790070562074,PREMEZCLA CHIPA,LUCCHETTI,Almacén,Polvos para preparar,""
7792180145628,PREMEZCLA CHIPA S TACC PUREZA X 250 GRM,PUREZA,Almacén,Polvos para preparar,""
7792180136497,"PREMEZCLA COOKIES C/ CHIPS COLORE, MAMA COCINA, 300 gr",MAMA COCINA,Almacén,Polvos para preparar,""
7792180142542,PREMEZCLA COOKIES CHIPS CHOC MAMA COCINA X 300 GRS,MAMA COCINA,Almacén,Polvos para preparar,""
7792180142535,"PREMEZCLA COOKIES VAI.C/CHIPS NEG, MAMA COCINA, 300 gr",MAMA COCINA,Almacén,Polvos para preparar,""
7792180004833,PREMEZCLA MAMA COCINA PIZZA CLASICA PLUS PAQ 500 GRM,MAMA COCINA,Almacén,Polvos para preparar,""
8480017320582,PREMEZCLA P/BIZC LIM,CUQUE,Almacén,Polvos para preparar,""
8480017320575,PREMEZCLA P/BIZC NAR,CUQUE,Almacén,Polvos para preparar,""
8480017118295,PREMEZCLA P/CHIPA,DIA,Almacén,Polvos para preparar,""
7799037070034,"PREMEZCLA PAN DE QUESO S/GLU, CHACABUCO, 300 gr",CHACABUCO,Almacén,Polvos para preparar,""
7792180145963,PREMEZCLA PAN DULCE C MASA MADRE MAMACOCINA X 400G,MAMA COCINA,Almacén,Polvos para preparar,""
7790070562128,PREMEZCLA PARA PIZZA,LUCCHETTI,Almacén,Polvos para preparar,""
7792180005113,PREMEZCLA PIZZA CLAS,PUREZ,Almacén,Polvos para preparar,""
7792180005120,PREMEZCLA PIZZA INTE,PUREZ,Almacén,Polvos para preparar,""
7798221641760,PREMEZCLA PIZZA S TACC BINFINIT X 500 GRS,BINFINIT,Almacén,Polvos para preparar,""
7790580126087,PREMEZCLA S TACC BIZCOCHUELO CHOCO ARCOR X 500 GRS,ARCOR,Almacén,Polvos para preparar,""
7790580137960,PREMEZCLA S TACC BROWNIE ARCOR X 425 GRS,ARCOR,Almacén,Polvos para preparar,""
7790070432957,PREMEZCLA S TACC BROWNIE EXQUISITA X 400 GRS,EXQUISITA,Almacén,Polvos para preparar,""
7798370550173,PREMEZCLA S TACC CREPES VEG NATURAL POP X 210 GRS,NATURAL POP,Almacén,Polvos para preparar,""
7798370550166,PREMEZCLA S TACC HAMBUR VEG NATURAL POP X 210 GRS,NATURAL POP,Almacén,Polvos para preparar,""
7798370550135,PREMEZCLA S TACC HUMMUS NATURAL POP X 105 GRS,NATURAL POP,Almacén,Polvos para preparar,""
7790580126056,PREMEZCLA S TACC NOQUIS PAPA ARCOR X 400 GRS,ARCOR,Almacén,Polvos para preparar,""
7794000008243,PREMEZCLA S TACC P TAPA ALFAJOR MAIZENA X 400 GRS,MAIZENA,Almacén,Polvos para preparar,""
7794000008199,PREMEZCLA S TACC PAN PIZZA MAIZENA X 500 GRS,MAIZENA,Almacén,Polvos para preparar,""
7798079230048,PREMEZCLA S TACC PANAD REPOS SANTA MARIA X 1KG,SANTA MARIA,Almacén,Polvos para preparar,""
7798079230611,PREMEZCLA S TACC S LACT PAN REP SANTA MARIA X 1 KG,SANTA MARIA,Almacén,Polvos para preparar,""
7794906000150,PREMEZCLA S TACC TARTAS EMPANADAS KAPAC X 500G,KAPAC,Almacén,Polvos para preparar,""
7790070562067,PREMEZCLA TORT FRITA,LUCCH,Almacén,Polvos para preparar,""
7790070432872,PREMEZCLA TORTA CHIP,EXQUI,Almacén,Polvos para preparar,""
8480017303110,PVO BIZCOCHUE CHOCO,CUQUE,Almacén,Polvos para preparar,""
8480017303103,PVO BIZOCH VAINILLA,CUQUE,Almacén,Polvos para preparar,""
7792180006769,Pemezcla Ñoqui Espinaca MC plus 400 grs BSA-400-gr.,MAMA COCINA,Almacén,Polvos para preparar,""
7797234000199,Polvo para hornear PERGOLA s/TACC x 50 g BSA-50-gr.,PERGOLA,Almacén,Polvos para preparar,""
7622201705107,Postre ROYAL Chocolate x50g PCK-50-gr.,ROYAL,Almacén,Polvos para preparar,""
7622201704674,Postre ROYAL Frutilla X75G PCK-75-gr.,ROYAL,Almacén,Polvos para preparar,""
7792180142856,Premezcla  MAMA COCINA Chipa x400g DOY-400-gr.,MAMA COCINA,Almacén,Polvos para preparar,""
7790070508010,Premezcla BLANCAFLOR Pan y Pizza x500g PAQ-500-gr.,BLANCAFLOR,Almacén,Polvos para preparar,""
7790070507921,Premezcla BLANCAFLOR Pizza 400gr PAQ-400-gr.,BLANCAFLOR,Almacén,Polvos para preparar,""
7798334587139,Premezcla Falafel Molé 200Gr CJA-200-gr.,MOLE,Almacén,Polvos para preparar,""
7790070562043,Premezcla LUCHETTI Ñoquis x500g PAQ-500-gr.,LUCCHETTI,Almacén,Polvos para preparar,""
7798193377278,Premezcla para Pan Ingles NATURAL SUR s/ CJA-350-gr.,NATURAL SUR,Almacén,Polvos para preparar,""
7798193377261,Premezcla para Pizza NATURAL SUR s/TACCx CJA-500-gr.,NATURAL SUR,Almacén,Polvos para preparar,""
7791176000026,almidon de maíz CADEA x 400grs BSA-400-gr.,CADEA,Almacén,Polvos para preparar,""
7794268000690,almidón de maíz REINA MORA PAQ-400-gr.,REINA MORA,Almacén,Polvos para preparar,""
7794906000037,bizcochuelo KAPAC CJA-500-gr.,KAPAC,Almacén,Polvos para preparar,""
7794906000044,bizcochuelo KAPAC CJA-500-gr.,KAPAC,Almacén,Polvos para preparar,""
7794906000167,bizcochuelo KAPAC CJA-500-gr.,KAPAC,Almacén,Polvos para preparar,""
7794906000174,bizcochuelo KAPAC CJA-500-gr.,KAPAC,Almacén,Polvos para preparar,""
7794906000013,premezcla KAPAC CJA-500-gr.,KAPAC,Almacén,Polvos para preparar,""
7794906000129,premezcla KAPAC CJA-500-gr.,KAPAC,Almacén,Polvos para preparar,""
7794906000068,premezcla KAPAC Panaderia y Reposteria PAQ-500-gr.,KAPAC,Almacén,Polvos para preparar,""
7794906000181,premezcla KAPAC Panaderia y Reposteria PAQ-500-gr.,KAPAC,Almacén,Polvos para preparar,""
7798082000188,premezcla NATUZEN Panificados CJA-450-gr.,NATUZEN,Almacén,Polvos para preparar,""
7798082000201,premezcla NATUZEN Para pizza CJA-450-gr.,NATUZEN,Almacén,Polvos para preparar,""
2800004749213,PURE DE PAPA Y ZAPALLO COTO PAQ 100 GRM,COTO,Almacén,Puré de papa,""
7790580138868,PURE DE TOMATE,LA CAMPAGNOLA,Almacén,Puré y salsas de tomate,""
7790580146115,PURE DE TOMATE,ARCOR,Almacén,Puré y salsas de tomate,""
7793360000157,PURE DE TOMATE,SALSATI,Almacén,Puré y salsas de tomate,""
7797470199121,PURE DE TOMATE,MAROL,Almacén,Puré y salsas de tomate,""
7790580129279,PURE DE TOMATE ARCOR,ARCOR,Almacén,Puré y salsas de tomate,""
7790790019063,"PURE DE TOMATE BRICK         (1906), INCA, 520 gr",INCA,Almacén,Puré y salsas de tomate,""
7798131061498,PURE DE TOMATE ORGANICO PAMPAGOURMET X 500 GR,PAMPAGOURMET,Almacén,Puré y salsas de tomate,""
7791876000319,PURE DE TOMATES SIN GLUTEN CORPER X 520 GRS,CORPER,Almacén,Puré y salsas de tomate,""
7790070100313,RINA PASSATA 500G,RINA,Almacén,Puré y salsas de tomate,""
7790580133184,SALSA FILETTO ARCOR DOY PACK X 340 GRS,ARCOR,Almacén,Puré y salsas de tomate,""
7790070335340,SALSA MEDITERRANEA,RINA,Almacén,Puré y salsas de tomate,""
7790070335333,SALSA POMAROLA,RINA,Almacén,Puré y salsas de tomate,""
7790580133139,SALSA POMAROLA ARCOR DOY PACK X 340 GRS,ARCOR,Almacén,Puré y salsas de tomate,""
7794000008045,SALSA POMODORO C/ZAP,KNORR,Almacén,Puré y salsas de tomate,""
7790070335326,Salsa Filetto RINA 340g FCO-340-gr.,RINA,Almacén,Puré y salsas de tomate,""
7790580133177,Salsa SALSATI Filetto x340g DOY-340-gr.,LA CAMPAGNOLA,Almacén,Puré y salsas de tomate,""
7790580134440,Salsa SALSATI Italiana x340g DOY-340-gr.,LA CAMPAGNOLA,Almacén,Puré y salsas de tomate,""
7790580567903,TOMATE PERITA,ARCOR,Almacén,Puré y salsas de tomate,""
7790123001109,VIGENTE PURE DE TOMA,VIGENTE,Almacén,Puré y salsas de tomate,""
7790580134518,salsa ARCOR Tuco x340g DOY-340-gr.,ARCOR,Almacén,Puré y salsas de tomate,""
7794520869010,CHIZITOS,KRACH,Almacén,Snacks,""
7798334587177,CROQUETAS DE ARROZ C,MOLE,Almacén,Snacks,""
7798199770035,Galletitas Snack Crisppino Mini Jamon Bo BSA-50-gr.,CRISPPINO,Almacén,Snacks,""
7790310984475,MINI TOSTADITAS JAMON IBERICO TWISTOS X 155 GRS,TWISTOS,Almacén,Snacks,""
7790310984444,MINI TOSTADITAS QUESO TWISTOS X 155 GRS,TWISTOS,Almacén,Snacks,""
7790310987582,NACHOS DINAMITA FH,DORIT,Almacén,Snacks,""
7790538010260,NACHOS MACRITAS QUESO X150GR PAQ-150-gr.,MACRITAS,Almacén,Snacks,""
7790310985649,NACHOS SABOR QUESO,DORITOS,Almacén,Snacks,""
7790310985267,NACHOS SABOR QUESO DORITOS X 40 GRS,DORITOS,Almacén,Snacks,""
7790310987070,NACHOS SWEET CHILLI,DORIT,Almacén,Snacks,""
7790538010222,Nachos MACRITAS Ketchup X90g BSA-90-gr.,MACRITAS,Almacén,Snacks,""
7790310985274,PALITOS DE MAIZ QUESO CHEETOS X 43 GRS,CHEETOS,Almacén,Snacks,""
7790310985809,PALITOS DE MAIZ QUESO CHEETOS X 85 GRS,CHEETOS,Almacén,Snacks,""
7790310985526,PALITOS DE QUESO,PEHUAMAR,Almacén,Snacks,""
7790310984307,PALITOS SALAD PANCET,PEP,Almacén,Snacks,""
7790310985380,PALITOS SALADOS,PEHUAMAR,Almacén,Snacks,""
7794520868969,PALITOS SALADOS,KRACHITOS,Almacén,Snacks,""
7790310984291,PALITOS SALADOS PEP BOLSA X 84 GRS,PEP,Almacén,Snacks,""
7790310985441,PAPAS FR ACANALADAS,PEHUA,Almacén,Snacks,""
7790310985434,PAPAS FR JAMON SERRA,LAYS,Almacén,Snacks,""
7790310985557,PAPAS FRIT QUES&CEBO,LAYS,Almacén,Snacks,""
7790310985328,PAPAS FRITA FLAM HOT,LAYS,Almacén,Snacks,""
7790310987766,PAPAS FRITAS BARBACO,LAYS,Almacén,Snacks,""
7794520868877,PAPAS FRITAS CHEDDAR KRACHITOS BOLSA X 90 GRS,KRACHITOS,Almacén,Snacks,""
7790310984734,PAPAS FRITAS CLASICA,LAYS,Almacén,Snacks,""
7790310985458,PAPAS FRITAS CLASICA,LAYS,Almacén,Snacks,""
7790310985465,PAPAS FRITAS CLASICA,LAYS,Almacén,Snacks,""
7790310985236,PAPAS FRITAS CLASICAS LAYS X 40 GRS,LAYS,Almacén,Snacks,""
7790310985366,PAPAS FRITAS LISAS,PEHUAMAR,Almacén,Snacks,""
7790310985373,PAPAS FRITAS LISAS,PEHUA,Almacén,Snacks,""
7790310987780,PAPAS FRITAS PANCETA,LAYS,Almacén,Snacks,""
7790310986813,"PAPAS FRITAS SABOR PROVOLETA, LAYS, 77 gr",LAYS,Almacén,Snacks,""
7794520869294,PAPAS FRITAS TRADICI,KRACHITOS,Almacén,Snacks,""
7794520869300,PAPAS FRITAS TRADICI,KRACHITOS,Almacén,Snacks,""
7794520869317,PAPAS FRITAS TRADICIONALES KRACHITOS X275G,KRACHITOS,Almacén,Snacks,""
7790310984314,PEP Rueditas 74g BSA-74-gr.,PEP,Almacén,Snacks,""
7790310984390,Palitos PEHUAMAR Queso 90g BSA-90-gr.,PEHUAMAR,Almacén,Snacks,""
7790310984352,Palitos Salados PEHUAMAR 90g BSA-90-gr.,PEHUAMAR,Almacén,Snacks,""
7790310985335,Papas Fritas LAYS Ondas x30g BSA-30-gr.,LAYS,Almacén,Snacks,""
7798187211946,Papas Fritas QUENTO SNACKS Picante BSA-70-gr.,QUENTO SNACKS,Almacén,Snacks,""
7790310985588,Papas fritas LAYS Clasicas x330g BSA-330-gr.,LAYS,Almacén,Snacks,""
7790310985618,Papas fritas LAYS Jamon Serrano x122g BSA-120-gr.,LAYS,Almacén,Snacks,""
7790310985281,Papas fritas LAYS Queso y Cebolla x34g BSA-34-gr.,LAYS,Almacén,Snacks,""
7790310985502,Papas fritas LAYS ketchup x77g BSA-70-gr.,LAYS,Almacén,Snacks,""
7790310987902,RUEDITAS FLAMIN HOT,PEP,Almacén,Snacks,""
7790310984321,RUEDITAS SABOR PIZZA,PEP,Almacén,Snacks,""
7790310985793,SNACK DE QUESO,CHEETOS,Almacén,Snacks,""
7790310985656,SNACK QUESO,DORITOS,Almacén,Snacks,""
7790310985670,SNACK SAB QUES CREMA,CHEET,Almacén,Snacks,""
7790310985748,SNACK SABOR QUESO,CHEET,Almacén,Snacks,""
7794000008533,CALDO CARNE C/VEGETA,KNORR,Almacén,Sopas y caldos,""
7794000008601,"CALDO DE GALLINA CON VEGETALES, KNORR, 48 gr",KNORR,Almacén,Sopas y caldos,""
7794000008526,CALDO GALLINA BALANC,KNORR,Almacén,Sopas y caldos,""
7794000008540,CALDO GALLINA C/VEGE,KNORR,Almacén,Sopas y caldos,""
7794000004917,CALDO P/SAB CEB/AJO,KNORR,Almacén,Sopas y caldos,""
7794000004887,CALDO P/SAB POLLO,KNORR,Almacén,Sopas y caldos,""
7794000008281,CALDO VERD S/SAL 6UD,KNORR,Almacén,Sopas y caldos,""
7794000008519,CALDO VERDURA BALANCE KNORR X 12 UNI,KNORR,Almacén,Sopas y caldos,""
7794000008557,CALDO VERDURA C/VEGE,KNORR,Almacén,Sopas y caldos,""
7794000008595,CALDO VERDURA C/VEGE,KNORR,Almacén,Sopas y caldos,""
7794000008274,CALDO VERDURA CERO SODIO KNORR X 12 UNI,KNORR,Almacén,Sopas y caldos,""
7794000005815,SOP VEG C/PAST TRICO,KNORR,Almacén,Sopas y caldos,""
7790150441602,SOPA ALI NAT DE FIDEO Y V,ALICANTE,Almacén,Sopas y caldos,""
7790150440131,SOPA ALICANTE CRE CHOC,ALICANTE,Almacén,Sopas y caldos,""
7790150440483,SOPA ALICANTE CRIOLL VEG,ALICANTE,Almacén,Sopas y caldos,""
7790150440438,SOPA ALICANTE FIDEOS VERD,ALICANTE,Almacén,Sopas y caldos,""
7794000006881,SOPA BALANC VEGETALE,KNORR,Almacén,Sopas y caldos,""
7794000005853,SOPA CASERA POLLO C DED INTEG KNORR X 80 GRS,KNORR,Almacén,Sopas y caldos,""
7794000005884,SOPA CREM ZAPAL NUEZ,KNORR,Almacén,Sopas y caldos,""
7794000008687,SOPA CREMA CHOCLO C PUERRO KNORR X 70 GRS,KNORR,Almacén,Sopas y caldos,""
7794000005877,SOPA CREMA VEGETALES,KNORR,Almacén,Sopas y caldos,""
7794000006898,SOPA LIGHT ZAPALLO QUICK BALANCE KNORR X 5 UNI,KNORR,Almacén,Sopas y caldos,""
7794000005822,SOPA POLL C/FIDE CAB,KNORR,Almacén,Sopas y caldos,""
7794000005839,SOPA VEGETA C/LETRAS,KNORR,Almacén,Sopas y caldos,""
7794000006942,SOPA VEGETALES APIO,KNORR,Almacén,Sopas y caldos,""
7794000006911,SOPA ZAPALLO ROMERO,KNORR,Almacén,Sopas y caldos,""
7790150441282,Sopa ALICANTE pollo/arroz/veg x63g SOB-63-gr.,ALICANTE,Almacén,Sopas y caldos,""
7794000005846,Sopa Vegetales KNORR C/Pasta Verde X80gr SOB-80-gr.,KNORR,Almacén,Sopas y caldos,""
7791720038475,AZUCAR IMPALPABLE CARREFOUR CLASSIC SOBRE X 100 GR,CARREFOUR CLASSIC,Desayuno y merienda,Azúcar y edulcorantes,""
7791100000214,"AZUCAR IMPALPABLE, CHANGO, 250 gr",CHANGO,Desayuno y merienda,Azúcar y edulcorantes,""
7792900990620,"AZUCAR IMPALPABLE, DOS ANCLAS, 300 gr",DOS ANCLAS,Desayuno y merienda,Azúcar y edulcorantes,""
7792540293754,AZUCAR LIGHT,LEDES,Desayuno y merienda,Azúcar y edulcorantes,""
7794940000536,AZUCAR LIGHT,HILERET,Desayuno y merienda,Azúcar y edulcorantes,""
7794940000550,AZUCAR LIGHT,HILER,Desayuno y merienda,Azúcar y edulcorantes,""
7792540294607,AZUCAR SELECCION RUBIO MASCABO LEDESMA X 800 GRS,LEDESMA,Desayuno y merienda,Azúcar y edulcorantes,""
7792540250450,AZUCAR SUPERIOR,LEDES,Desayuno y merienda,Azúcar y edulcorantes,""
7798174970016,Azucar AZUCEL x 1kg BSA-1000-gr.,AZUCEL,Desayuno y merienda,Azúcar y edulcorantes,""
7791100000481,Azucar CHANGO  BSA 1Kg BSA-1000-gr.,CHANGO,Desayuno y merienda,Azúcar y edulcorantes,""
7791100000306,Azucar Negra Chango 250 grs PAQ-250-gr.,CHANGO,Desayuno y merienda,Azúcar y edulcorantes,""
7792900092904,Azucar Negra DOS ANCLAS x 250 gr PAQ-250-gr.,DOS ANCLAS,Desayuno y merienda,Azúcar y edulcorantes,""
7794940000796,EDULCORANT STEV FORT,HILERET,Desayuno y merienda,Azúcar y edulcorantes,""
7798401690076,B/CEREAL WAKE UP QUI CHOC,WAKE UP,Desayuno y merienda,Barritas de cereal,""
7798401690083,B/CEREAL WAKE UP QUIN CBL,WAKE UP,Desayuno y merienda,Barritas de cereal,""
8480017280541,BARR ARRO MAN&MIE X3,DIA,Desayuno y merienda,Barritas de cereal,""
8480017062451,BARR ARROZ MANI&MIEL,DIA,Desayuno y merienda,Barritas de cereal,""
8480017135858,BARR ARROZ MANI&MIEL,DIA,Desayuno y merienda,Barritas de cereal,""
8480017280534,BARR ARROZ TRAD X3UD,DIA,Desayuno y merienda,Barritas de cereal,""
7798187760826,BARRA ALMENDR Y COCO,ZAFRA,Desayuno y merienda,Barritas de cereal,""
0000077919304,BARRA ARROZ BANADA CHOC.NEGRO LULEMUU PAQUETE X12G,LULEMUU,Desayuno y merienda,Barritas de cereal,""
8480017062444,BARRA ARROZ TRADICIO,DIA,Desayuno y merienda,Barritas de cereal,""
8480017298089,BARRA ARROZ TRADICIO,DIA,Desayuno y merienda,Barritas de cereal,""
7798343750999,BARRA AVENA ALM NUEZ,INTEG,Desayuno y merienda,Barritas de cereal,""
7798343751002,BARRA AVENA BANANA INTEGRA X 40 GRS,INTEGRA,Desayuno y merienda,Barritas de cereal,""
7798343751026,BARRA AVENA CACAO CH,INTEG,Desayuno y merienda,Barritas de cereal,""
7790040146723,"BARRA CEREAL ALMENDRAS Y MANI, CEREAL MIX, 33 gr",CEREAL MIX,Desayuno y merienda,Barritas de cereal,""
7792280006317,BARRA CEREAL BANANA C DULCE DE LECHE FRUTTY X24GRS,FRUTTY,Desayuno y merienda,Barritas de cereal,""
7798343751088,BARRA CHOCOLATE MANI INTEGRA X 41 GRS,INTEGRA,Desayuno y merienda,Barritas de cereal,""
7790040151758,BARRA CM CHO 38G,CEREAL MIX,Desayuno y merienda,Barritas de cereal,""
7798401690038,BARRA D/FRUTOS SECOS ARMONÍA MUDRA FWP 35 GRM,MUDRA,Desayuno y merienda,Barritas de cereal,""
7798401690021,BARRA D/FRUTOS SECOS BIENESTAR MUDRA FWP 35 GRM,MUDRA,Desayuno y merienda,Barritas de cereal,""
7798401690014,BARRA D/FRUTOS SECOS ENERGÍA MUDRA FWP 35 GRM,MUDRA,Desayuno y merienda,Barritas de cereal,""
0000077919335,BARRA DE ARROZ DULCE DE LECHE LULEMUU PAQUETEX12GR,LULEMUU,Desayuno y merienda,Barritas de cereal,""
0000077916501,BARRA DE CEREAL CEREAL MIX X 23 GRS,CEREAL MIX,Desayuno y merienda,Barritas de cereal,""
0000077916525,BARRA DE CEREAL CHOCOLATE ALM CEREAL MIX X 23 GRS,CEREAL MIX,Desayuno y merienda,Barritas de cereal,""
7790380020028,BARRA DE CEREAL FRUTOS DEL BOSQUE FLOW X 21 GRS,FLOW,Desayuno y merienda,Barritas de cereal,""
7790380008286,BARRA DE CEREAL LIGHT MANZANA FLOW X 21 GRS,FLOW,Desayuno y merienda,Barritas de cereal,""
7792280006294,BARRA DE CEREAL MANZANA Y FS FRUTTY X 21 GRS,FRUTTY,Desayuno y merienda,Barritas de cereal,""
7790040146358,BARRA DE CEREAL ORIGINAL CEREAL MIX X 6 UNI,CEREAL MIX,Desayuno y merienda,Barritas de cereal,""
0000077994028,BARRA DE CEREALES CON ALMENDRAS LULEMUU X 30 GRS,LULEMUU,Desayuno y merienda,Barritas de cereal,""
0000077994011,BARRA DE CEREALES CON ARANDANOS LULEMUU X 30 GRS,LULEMUU,Desayuno y merienda,Barritas de cereal,""
7798187760833,BARRA MANI Y CACAO,ZAFRA,Desayuno y merienda,Barritas de cereal,""
7798343751446,BARRA PROTE MANI ARA,INTEG,Desayuno y merienda,Barritas de cereal,""
7798343751422,BARRA PROTE MANI CHO,INTEG,Desayuno y merienda,Barritas de cereal,""
0000077955159,BARRA S TACC ALMENDRAS Y COCO ZAFRAN X 28 GRS,ZAFRAN,Desayuno y merienda,Barritas de cereal,""
7798187760857,BARRA S TACC CAJU SEM ZAPALLO ZAFRAN 4 X 28 GRS,ZAFRAN,Desayuno y merienda,Barritas de cereal,""
0000077955197,BARRA S TACC CAJU SEM ZAPALLO ZAFRAN X 28 GRS,ZAFRAN,Desayuno y merienda,Barritas de cereal,""
7798187760994,BARRA S TACC DOBLE CHOCOLATE ZAFRAN X 42 GRS,ZAFRAN,Desayuno y merienda,Barritas de cereal,""
0000077955166,BARRA S TACC MANI Y CACAO ZAFRAN X 28 GRS,ZAFRAN,Desayuno y merienda,Barritas de cereal,""
7798130192193,BARRA ZYMA MIX FS Y QUIN,ZYMA,Desayuno y merienda,Barritas de cereal,""
7798130192209,BARRA ZYMA MIX TROP QUIN,ZYMA,Desayuno y merienda,Barritas de cereal,""
7790040151741,BARRITA ALMENDRAS CEREAL MIX 4 X 33 GRS,CEREAL MIX,Desayuno y merienda,Barritas de cereal,""
7792280006201,BARRITA DE MANZANA ROJA CON BANANA FRUTTY X 30 GRS,FRUTTY,Desayuno y merienda,Barritas de cereal,""
7792280006164,BARRITA DE MANZANA ROJA FRUTTY X 30 GRS,FRUTTY,Desayuno y merienda,Barritas de cereal,""
7792280006188,BARRITA DE MANZANA ROJA Y FRUTILLA FRUTTY X 30 GRS,FRUTTY,Desayuno y merienda,Barritas de cereal,""
8480017306548,BARRITA MANI Y ALMEN,DIA,Desayuno y merienda,Barritas de cereal,""
8480017306524,BARRITA MANI Y CACAO,DIA,Desayuno y merienda,Barritas de cereal,""
8480017306449,BARRITA MANI Y NUECE,DIA,Desayuno y merienda,Barritas de cereal,""
8906038788625,BARRITA VEGANA COCO LADDU BAR X 30 GRS,LADDU BAR,Desayuno y merienda,Barritas de cereal,""
0000077981455,Barra CEREAL MIX Frutilla y Chocolate26g PAQ-26-gr.,CEREAL MIX,Desayuno y merienda,Barritas de cereal,""
0000077915818,Barra Cereal Mix Light Manzana 23 Gr,CEREAL MIX,Desayuno y merienda,Barritas de cereal,""
7791476007251,Barra EGRAN Crocante Mani y Almendras EST-120-gr.,EGRAN,Desayuno y merienda,Barritas de cereal,""
7791476007244,Barra EGRAN Crocante c/Maní y Miel EST-120-gr.,EGRAN,Desayuno y merienda,Barritas de cereal,""
7791476007213,Barra EGRAN Crocantes de  Arroz EST-120-gr.,EGRAN,Desayuno y merienda,Barritas de cereal,""
7791476007237,Barra Egran Crocante com Chocolate EST-120-gr.,EGRAN,Desayuno y merienda,Barritas de cereal,""
7791476005974,Barra Egran de Arroz con Coco x 60gr. PAQ-60-gr.,EGRAN,Desayuno y merienda,Barritas de cereal,""
7790380020271,Barra FLOW CEREAL AVELLANAS Y ARÁND x30g DOY-30-gr.,FLOW,Desayuno y merienda,Barritas de cereal,""
7790380015024,Barra FLOW CEREAL GRAN ALMEN Y FRUT x23g DOY-23-gr.,FLOW,Desayuno y merienda,Barritas de cereal,""
7790380020233,Barra FLOW almendras enteras x30g CJA-30-gr.,FLOW,Desayuno y merienda,Barritas de cereal,""
7798343751019,Barra INTEGRA avena caju arand 41g CJA-41-gr.,INTEGRA,Desayuno y merienda,Barritas de cereal,""
7798343751071,Barra INTEGRA choco mani arand 41g CJA-41-gr.,INTEGRA,Desayuno y merienda,Barritas de cereal,""
8904150127438,Barra Laddu Bar vegan Frutos Rojos x 30g CJA-30-gr.,LADDU BAR,Desayuno y merienda,Barritas de cereal,""
8904150127483,Barra Laddu Bar vegana Arandanos x 30g CJA-30-gr.,LADDU BAR,Desayuno y merienda,Barritas de cereal,""
8906038788601,Barra Laddu Bar vegana Brownie x 30g CJA-30-gr.,LADDU BAR,Desayuno y merienda,Barritas de cereal,""
8906038788649,Barra Laddu Bar vegana Cocochoco x 30g CJA-30-gr.,LADDU BAR,Desayuno y merienda,Barritas de cereal,""
7798346130033,Barra NUTRIVEG Coco BOB-28-gr.,NUTRIVEG,Desayuno y merienda,Barritas de cereal,""
7798346130026,Barra NUTRIVEG Energy BOB-28-gr.,NUTRIVEG,Desayuno y merienda,Barritas de cereal,""
7798346130019,Barra NUTRIVEG Fit BOB-28-gr.,NUTRIVEG,Desayuno y merienda,Barritas de cereal,""
7798333090142,Barra de Cereal Muecas  SIN AZÚCAR 45gr CJA-45-gr.,MUECAS,Desayuno y merienda,Barritas de cereal,""
7798333090135,Barra de Cereal Muecas Banana 45gr CJA-45-gr.,MUECAS,Desayuno y merienda,Barritas de cereal,""
7798333090067,Barra de Cereal Muecas Cacao 45gr CJA-45-gr.,MUECAS,Desayuno y merienda,Barritas de cereal,""
7798333090043,Barra de Cereal Muecas Manzana 45gr CJA-45-gr.,MUECAS,Desayuno y merienda,Barritas de cereal,""
7798333090050,Barra de Cereal Muecas Pasas de Uva 45gr CJA-45-gr.,MUECAS,Desayuno y merienda,Barritas de cereal,""
7798101208021,Barra proteica IRON BAR GENTECH BAN PAQ-51-gr.,GENTECH,Desayuno y merienda,Barritas de cereal,""
7798101208014,Barra proteica IRON BAR GENTECH Choco PAQ-51-gr.,GENTECH,Desayuno y merienda,Barritas de cereal,""
7798101208045,Barra proteica IRON BAR GENTECH FRUT PAQ-51-gr.,GENTECH,Desayuno y merienda,Barritas de cereal,""
7798343751040,Barra sin tacc INTEGRA semill arand 38g CJA-38-gr.,INTEGRA,Desayuno y merienda,Barritas de cereal,""
7798228640070,Barrita de Arroz CROWIE Choc. Negro PCK-12-gr.,CROWIE,Desayuno y merienda,Barritas de cereal,""
7798228640094,Barrita de Arroz CROWIE Frutilla PCK-12-gr.,CROWIE,Desayuno y merienda,Barritas de cereal,""
7798228640247,Barrita de Arroz CROWIE Limon PCK-3-un.,CROWIE,Desayuno y merienda,Barritas de cereal,""
7798228640322,Barritas arroz x 3 unid - Marro PAQ-12-gr.,CROWIE,Desayuno y merienda,Barritas de cereal,""
7798187761007,"CEREAL EN BARRA ARANDANOS, ZAFRAN, 42 gr",ZAFRAN,Desayuno y merienda,Barritas de cereal,""
7798187760987,"CEREAL EN BARRA PASTA D/MANI Y MIEL, ZAFRAN, 42 gr",ZAFRAN,Desayuno y merienda,Barritas de cereal,""
0000077965387,"CEREAL EN BARRA YOGHURT FRUTILLA, CEREAL MIX, 26 gr",CEREAL MIX,Desayuno y merienda,Barritas de cereal,""
7799120003314,CHECK BARRA ARROZ MM,CHECK,Desayuno y merienda,Barritas de cereal,""
7799120003338,CHECK BARRA ARROZ TR,CHECK,Desayuno y merienda,Barritas de cereal,""
7798270246466,CHK BAR CER CHOCO,CHECK,Desayuno y merienda,Barritas de cereal,""
7798270246473,CHK BAR CER CHOCO,CHECK,Desayuno y merienda,Barritas de cereal,""
7798124094717,CHK BAR CER FRUT,CHECK,Desayuno y merienda,Barritas de cereal,""
7798124094519,CHK BAR CER FRUT X1,CHECK,Desayuno y merienda,Barritas de cereal,""
7798124094502,CHK BAR CER MANZA,CHECK,Desayuno y merienda,Barritas de cereal,""
7798124094700,CHK BAR CER MANZA,CHECK,Desayuno y merienda,Barritas de cereal,""
7798270246442,CHK BAR CER ORIG,CHECK,Desayuno y merienda,Barritas de cereal,""
7798270246459,CHK BAR CER ORIG,CHECK,Desayuno y merienda,Barritas de cereal,""
7799120004755,CHK BARRA MIXTA,CHECK,Desayuno y merienda,Barritas de cereal,""
7790380020004,FLOW ALMEN CHIP 23G,FLOW,Desayuno y merienda,Barritas de cereal,""
7790380020325,FLOW CAJU CAR Y SAL,FLOW,Desayuno y merienda,Barritas de cereal,""
7798343751033,INTE AVE GIRAS 41,INTEGRA,Desayuno y merienda,Barritas de cereal,""
8480017291752,MINI BARS FRUT Y CHO,DIA,Desayuno y merienda,Barritas de cereal,""
8480017291776,MINI BARS LIM Y CHOC,DIA,Desayuno y merienda,Barritas de cereal,""
8480017291769,MINI BARS MANI Y CHO,DIA,Desayuno y merienda,Barritas de cereal,""
7798094223360,SMACK BAR CHO 35G,SMACK,Desayuno y merienda,Barritas de cereal,""
7798187760871,ZAFRAN BARRA ARANDAN,ZAFRAN,Desayuno y merienda,Barritas de cereal,""
7798101202555,barra proteica IRON BAR GENTECH DDL PAQ-51-gr.,GENTECH,Desayuno y merienda,Barritas de cereal,""
7792180130761,9DEORO AVE MIEL 180G,9 DE ORO,Desayuno y merienda,Bizcochos,""
7792200001125,BIZC 9 DE ORO AGRIDULCE,9 DE ORO,Desayuno y merienda,Bizcochos,""
7790070416544,BIZC EXQ MUNDIAL ARG,EXQUISITA,Desayuno y merienda,Bizcochos,""
7798172410781,BIZC P PCIO MATERO CUADRI,PRIMER PRECIO,Desayuno y merienda,Bizcochos,""
7795643020210,BIZC P PRECIO GRASA,PRIMER PRECIO,Desayuno y merienda,Bizcochos,""
7798172410828,BIZC P PRECIO HOJ MEMB,PRIMER PRECIO,Desayuno y merienda,Bizcochos,""
7791473001382,BIZCO P PRECIO RECT VAIN,PRIMER PRECIO,Desayuno y merienda,Bizcochos,""
7795643020227,BIZCOCHITOS P PRECIO AZUC,PRIMER PRECIO,Desayuno y merienda,Bizcochos,""
7798126073062,BIZCOCHO AZUCARADO GAONA X 180 GRS,GAONA,Desayuno y merienda,Bizcochos,""
7792180143587,BIZCOCHO CARA SUCIA,9DEOR,Desayuno y merienda,Bizcochos,""
7795735000335,BIZCOCHO DULCE,DON SATUR,Desayuno y merienda,Bizcochos,""
7795735000342,BIZCOCHO NEGRITO,DON SATUR,Desayuno y merienda,Bizcochos,""
7795735000328,BIZCOCHO SALADO,DON SATUR,Desayuno y merienda,Bizcochos,""
7798126073055,BIZCOCHO SALADO GAONA X 180 GRS,GAONA,Desayuno y merienda,Bizcochos,""
2404449000009,BIZCOCHOS,"",Desayuno y merienda,Bizcochos,""
7795735601228,BIZCOCHOS 100% VEGET,DONSA,Desayuno y merienda,Bizcochos,""
7792200000036,BIZCOCHOS 9 DE ORO AGRIDULCES 100gr,BIZCOCHOS 9 ORO,Desayuno y merienda,Bizcochos,""
7792200000128,BIZCOCHOS AGRIDULCES,9 DE ORO,Desayuno y merienda,Bizcochos,""
7793450000593,BIZCOCHOS AZUCARADOS MATEROS HOJALMAR X 180 GRS,HOJALMAR,Desayuno y merienda,Bizcochos,""
7792200020119,BIZCOCHOS DE GRASA C SALVADO 9 DE ORO X 200 GR,9 DE ORO,Desayuno y merienda,Bizcochos,""
7791672014565,"BIZCOCHOS DE GRASA, FANTOCHE, 200 gr",FANTOCHE,Desayuno y merienda,Bizcochos,""
7792184003351,BIZCOCHOS DULCES LARQUITAS DE HOJALDRE SORIANO PAQ 150 GR,SORIANO,Desayuno y merienda,Bizcochos,""
7793450000524,BIZCOCHOS DULCES RONDA DE HOJALDRE HOJALMAR PAQ 150 GRM,HOJALMAR,Desayuno y merienda,Bizcochos,""
7792184003368,BIZCOCHOS DULCES TRIAUNGULOS DE HOJALDRE SORIANO PAQ 150 GR,SORIANO,Desayuno y merienda,Bizcochos,""
7790045823865,BIZCOCHOS GRANIX CON SESAMO BOL 180 GRM,GRANIX,Desayuno y merienda,Bizcochos,""
7790045823872,BIZCOCHOS GRANIX TRADICIONALES BOL 180 GRM,GRANIX,Desayuno y merienda,Bizcochos,""
7792200000159,BIZCOCHOS GRASA CLAS,9 DE ORO,Desayuno y merienda,Bizcochos,""
2404647000009,BIZCOCHOS KG,"",Desayuno y merienda,Bizcochos,""
7792200000777,BIZCOCHOS LIGHT 9 DE ORO BOLSA X 170 GRS,9 DE ORO,Desayuno y merienda,Bizcochos,""
7798181511417,"BIZCOCHOS SALADOS, SMAMS, 150 gr",SMAMS,Desayuno y merienda,Bizcochos,""
7798082000324,Bizcochitos de grasa NATUZEN BSA-200-gr.,NATUZEN,Desayuno y merienda,Bizcochos,""
7798181510069,Bizcochos agridulces SMAMS BSA-150-gr.,SMAMS,Desayuno y merienda,Bizcochos,""
7798181510182,Bizcochos agridulces SMAMS BSA-150-gr.,SMAMS,Desayuno y merienda,Bizcochos,""
7792184002026,Bizcochos biscuits soriano x 250 gr PAQ-250-gr.,SORIANO,Desayuno y merienda,Bizcochos,""
7792184001029,Bizcochos biscuits soriano x 500 gr. CJA-500-gr.,SORIANO,Desayuno y merienda,Bizcochos,""
2404648000008,CASERAS CON GRASA,"",Desayuno y merienda,Bizcochos,""
8480017216229,CRIOLLITOS SALADOS,"",Desayuno y merienda,Bizcochos,""
7798157742166,Entrerianos Jamon PAQ-120-gr.,SIN MARCA,Desayuno y merienda,Bizcochos,""
7798157742142,Entrerianos Original PAQ-140-gr.,SIN MARCA,Desayuno y merienda,Bizcochos,""
7792200000319,GALL.BIZCOCHO AZUCAR,9 DE ORO,Desayuno y merienda,Bizcochos,""
7798157740148,Guachines Entrerianos Original 140g BSA-140-gr.,RIANITOS,Desayuno y merienda,Bizcochos,""
8480017316417,MINI BIZCOCHOS MATER,DIA,Desayuno y merienda,Bizcochos,""
7798157740018,"MINI BIZCOCHOS ORIGINALES, RIANITOS, 200 gr",RIANITOS,Desayuno y merienda,Bizcochos,""
7798157742043,Mini-Bizcochos Lino & Chia S/E-200-gr.,FRESH MP,Desayuno y merienda,Bizcochos,""
7798141972920,PROVI BIZC SAL 200G,LA PROVIDENCIA,Desayuno y merienda,Bizcochos,""
7798157740049,RIAN BIZC CHI 200G,RIANITOS,Desayuno y merienda,Bizcochos,""
7790957000668,bizcochos JORGITO x 200 gr PAQ-200-gr.,JORGITO,Desayuno y merienda,Bizcochos,""
7792180139238,9 ORO BUD VAIN 170G,9 DE ORO,Desayuno y merienda,Budines y magdalenas,""
7792180139269,9DEORO BUD MARM 170G,9 DE ORO,Desayuno y merienda,Budines y magdalenas,""
7790580131753,BIZC GODET MARMOLADO,GODET,Desayuno y merienda,Budines y magdalenas,""
7790580131746,BIZCOCHUELO DE VAINILLA GODET CJA 480 GRM,GODET,Desayuno y merienda,Budines y magdalenas,""
7792180145314,BROWNIE 9 DE ORO 45G,9 DE ORO,Desayuno y merienda,Budines y magdalenas,""
7793890261578,"BROWNIE CON CHIPS, SABE BIEN!, 62 gr",SABE BIEN,Desayuno y merienda,Budines y magdalenas,""
7793890261646,BROWNIE MI SABIE 35G,SABE BIEN,Desayuno y merienda,Budines y magdalenas,""
7792180145994,"BROWNIE PACK X4, 9 DE ORO, 180 gr",9 DE ORO,Desayuno y merienda,Budines y magdalenas,""
8480017288998,BUDIN C/CHIPS CHOCOL,DELIC,Desayuno y merienda,Budines y magdalenas,""
8480017316455,BUDIN CON CHIPS,DIA,Desayuno y merienda,Budines y magdalenas,""
7790070431028,BUDIN DE CHOCOLATE,EXQUI,Desayuno y merienda,Budines y magdalenas,""
7798181510274,"BUDIN DE VAINILLA C/CHIPS DE CHOCO, SMAMS, 200 gr",SMAMS,Desayuno y merienda,Budines y magdalenas,""
7791473000835,BUDIN EUROPEO CHOCOLATE X 300 GR.,CARREFOUR CRISTAL,Desayuno y merienda,Budines y magdalenas,""
7792180133458,BUDIN MARMOLADO,S/D,Desayuno y merienda,Budines y magdalenas,""
7792180133472,BUDIN VAI C/DDL,S/D,Desayuno y merienda,Budines y magdalenas,""
7798181511332,BUDIN VAIN CHIPS,SMAMS,Desayuno y merienda,Budines y magdalenas,""
7790070431011,BUDIN VAINILLA,EXQUI,Desayuno y merienda,Budines y magdalenas,""
7798181511325,BUDIN VAINILLA S/TAC,SMAMS,Desayuno y merienda,Budines y magdalenas,""
7793984409305,BUDIN VAINILLA  (180 gr) S/E-180-gr.,FRESH MP,Desayuno y merienda,Budines y magdalenas,""
7798114470187,BUDINCHELLO 120GR,BUDINCHELLO,Desayuno y merienda,Budines y magdalenas,""
2080000802857,Bizcochuelo chocolate rect. 3 capas BSA-750-gr.,FRESH MP,Desayuno y merienda,Budines y magdalenas,""
7791473002716,Budin Limon (BM) S/E-1-un.,FRESH MP,Desayuno y merienda,Budines y magdalenas,""
7791473002624,Budin Marmolado (BM) S/E-1-un.,FRESH MP,Desayuno y merienda,Budines y magdalenas,""
7793890259940,Budín BIMBO Artesano Banana C/Nuez X350g BSA-350-gr.,BIMBO,Desayuno y merienda,Budines y magdalenas,""
7793890259933,Budín BIMBO Artesano Carrot Cake X350g BSA-350-gr.,BIMBO,Desayuno y merienda,Budines y magdalenas,""
7798181510113,Budín SMAMS Marmolado PAQ-250-gr.,SMAMS,Desayuno y merienda,Budines y magdalenas,""
7799120002515,CHECK MADALENA CLASI,CHECK,Desayuno y merienda,Budines y magdalenas,""
7799120002522,CHECK MADALENA CON D,CHECK,Desayuno y merienda,Budines y magdalenas,""
7798126073925,GAONA M CRUNCHIP 90G,GAONA,Desayuno y merienda,Budines y magdalenas,""
7798126073864,GAONA MAD CHIP 180G,GAONA,Desayuno y merienda,Budines y magdalenas,""
7798126073901,GAONA MAD R DDL 180G,GAONA,Desayuno y merienda,Budines y magdalenas,""
7798126073024,GAONA MADALENA CHOC,GAONA,Desayuno y merienda,Budines y magdalenas,""
7798126073031,GAONA MADALENA COCO,GAONA,Desayuno y merienda,Budines y magdalenas,""
7793890261936,MADALENA CHOCO 39G,BIMBO,Desayuno y merienda,Budines y magdalenas,""
7793890262018,MADALENA VAI RE 39G,BIMBO,Desayuno y merienda,Budines y magdalenas,""
7791473002525,MADALENAS  VAINILLA X 175 GR. PAQ-175-gr.,FRESH MP,Desayuno y merienda,Budines y magdalenas,""
8480017243027,MADALENAS CHIPS,DIA,Desayuno y merienda,Budines y magdalenas,""
7793890261998,MADALENAS CHOCO CHIPS BIMBO FP X 240 GRS,BIMBO,Desayuno y merienda,Budines y magdalenas,""
8480017242990,MADALENAS MARMOLADAS,DIA,Desayuno y merienda,Budines y magdalenas,""
7790077000364,MADALENAS POZO CLASICAS VAINILLA PAQ 200 GRM,POZO,Desayuno y merienda,Budines y magdalenas,""
7793890261929,MADALENAS RELLENAS DDL BIMBO FLOW X 234 GRS,BIMBO,Desayuno y merienda,Budines y magdalenas,""
7792180131577,MADALENAS VAIN C/DDL,9DORO,Desayuno y merienda,Budines y magdalenas,""
7792180131560,MADALENAS VAINILLA,9DORO,Desayuno y merienda,Budines y magdalenas,""
7793890261912,MADALENAS VAINILLA BIMBO FLOW X 240 GRS,BIMBO,Desayuno y merienda,Budines y magdalenas,""
7795735601198,MAGDALENAS CON CHIPS DE CHOCOLATE DON SA CJA-200-gr.,DON SATUR,Desayuno y merienda,Budines y magdalenas,""
7795735601181,MAGDALENAS MARMOLADAS DON SATUR x 200grs CJA-200-gr.,DON SATUR,Desayuno y merienda,Budines y magdalenas,""
7795735601174,MAGDALENAS VAINILLA CON DULCE DE LECHE D CJA-220-gr.,DON SATUR,Desayuno y merienda,Budines y magdalenas,""
7795735601167,MAGDALENAS VAINILLA DON SATUR x 200grs CJA-200-gr.,DON SATUR,Desayuno y merienda,Budines y magdalenas,""
7792360096580,MINITORTA BLACK CHOCMAN X 68 GRS,DONUTS,Desayuno y merienda,Budines y magdalenas,""
7792180136749,MUFFIN CHOCOLATE,S/D,Desayuno y merienda,Budines y magdalenas,""
7792180136763,MUFFIN VAI C/DDL,S/D,Desayuno y merienda,Budines y magdalenas,""
7793890259124,Madalenas VALENTE Choco DDL  200g BSA-200-gr.,VALENTE,Desayuno y merienda,Budines y magdalenas,""
7793890259117,Madalenas VALENTE Marmo  200g BSA-200-gr.,VALENTE,Desayuno y merienda,Budines y magdalenas,""
7793890259100,Madalenas VALENTE Rell DDL  200g BSA-200-gr.,VALENTE,Desayuno y merienda,Budines y magdalenas,""
7793890259094,Madalenas VALENTE Vain  200g BSA-200-gr.,VALENTE,Desayuno y merienda,Budines y magdalenas,""
8480017555687,PIONONO,DIA,Desayuno y merienda,Budines y magdalenas,""
7791102045824,PIONONO DULCE COOPERATIVA,COOPERATIVA,Desayuno y merienda,Budines y magdalenas,""
7791473002969,PIONONO P PCIO TRAD,PRIMER PRECIO,Desayuno y merienda,Budines y magdalenas,""
7791102045817,PIONONO SALADO COOPERAT,COOPERATIVA,Desayuno y merienda,Budines y magdalenas,""
8480017317278,PUDDING C/DULCE LECH,DIA,Desayuno y merienda,Budines y magdalenas,""
8480017317254,PUDDING C/FRUT SECOS,DIA,Desayuno y merienda,Budines y magdalenas,""
8480017317247,PUDDING DE CHOCOLATE,DIA,Desayuno y merienda,Budines y magdalenas,""
7791473001054,Pionono BM PAQ-200-gr.,FRESH MP,Desayuno y merienda,Budines y magdalenas,""
7791473001061,Pionono BM PAQ-200-gr.,FRESH MP,Desayuno y merienda,Budines y magdalenas,""
7791473001078,Pionono BM PAQ-200-gr.,FRESH MP,Desayuno y merienda,Budines y magdalenas,""
7791473002570,ROSCA MARMOLADA,"",Desayuno y merienda,Budines y magdalenas,""
7798031470437,TORTAZA Chocolate x 70g PAQ-70-gr.,TORTAZA,Desayuno y merienda,Budines y magdalenas,""
7798031470420,TORTAZA Limon y Yogurt x 70g PAQ-70-gr.,TORTAZA,Desayuno y merienda,Budines y magdalenas,""
7798031470413,TORTAZA Vainilla x 70g PAQ-70-gr.,TORTAZA,Desayuno y merienda,Budines y magdalenas,""
7798126071648,VAL BUD CHIPS 170G,VALENCIANO,Desayuno y merienda,Budines y magdalenas,""
7798126071655,VAL BUD MARMO 170G,VALENCIANO,Desayuno y merienda,Budines y magdalenas,""
7798126071631,VAL BUDIN FRU 170G,VALENCIANO,Desayuno y merienda,Budines y magdalenas,""
7791473000828,budines tipo Europeo BLI-300-gr.,FRESH MP,Desayuno y merienda,Budines y magdalenas,""
7791473001559,budines tipo Europeo BLI-300-gr.,FRESH MP,Desayuno y merienda,Budines y magdalenas,""
7791473002532,madalenas con chips x 175 gr. PAQ-175-gr.,FRESH MP,Desayuno y merienda,Budines y magdalenas,""
7790580131883,"ALIMENTO A BASE DE AZUCAR Y CACAO, ARCOA, 360 gr",ARCOA,Desayuno y merienda,Cacao,""
7790150830482,"ALIMENTO EN POLVO BASE CACAO, CHOCOLINO, 800 gr",CHOCOLINO,Desayuno y merienda,Cacao,""
7790150830444,CACAO,CHOCO,Desayuno y merienda,Cacao,""
7790150830468,CACAO,CHOCOLINO,Desayuno y merienda,Cacao,""
7793323004802,CACAO AMARGO PURO DICOMERE DOY PACK X 200GR,DICOMERE,Desayuno y merienda,Cacao,""
7790580131876,CACAO EN POLVO ARCOR BOLSA X 180 GRS,ARCOA,Desayuno y merienda,Cacao,""
8445290559975,CACAO MENOS AZUCAR,NESQUIK,Desayuno y merienda,Cacao,""
8445291121904,CACAO POLVO S/PREMIX,NESQUIK,Desayuno y merienda,Cacao,""
8445291121843,CACAO PVO SIN PREMIX,NESQUIK,Desayuno y merienda,Cacao,""
8445291121881,CACAO PVO SIN PREMIX,NESQUIK,Desayuno y merienda,Cacao,""
7799120004601,CHECK CACAO 180G,CHECK,Desayuno y merienda,Cacao,""
7799120004618,CHECK CACAO 360G,CHECK,Desayuno y merienda,Cacao,""
7613287149145,CHOCOLATE EN POLVO,NESCA,Desayuno y merienda,Cacao,""
8445291121867,NESQ PLV S TACC 180G,NESQUIK,Desayuno y merienda,Cacao,""
8445290274243,POLVO CHOCOLATADO,NESCAO,Desayuno y merienda,Cacao,""
7790380023401,POLVO DE CACAO,TODDY,Desayuno y merienda,Cacao,""
7790380023418,POLVO DE CACAO,TODDY,Desayuno y merienda,Cacao,""
7790070433015,Polvo Chocolatado EXQUISITA x150g SOB-150-gr.,EXQUISITA,Desayuno y merienda,Cacao,""
7790070433022,Polvo Chocolatado EXQUISITA x300g SOB-300-gr.,EXQUISITA,Desayuno y merienda,Cacao,""
7613032619237,polvo chocolatado NESCAO PAQ-300-gr.,NESCAO,Desayuno y merienda,Cacao,""
7790550019159,CAFE EN CAPSULAS C LECHE DG CABRALES X 10 UNI,CABRALES,Desayuno y merienda,Café,""
7790550019210,CAFE EN CAPSULAS CORTADO DG CABRALES X 10 UNI,CABRALES,Desayuno y merienda,Café,""
7790550019234,CAFE EN CAPSULAS ESPRESSO DG CABRALES X 10 UNI,CABRALES,Desayuno y merienda,Café,""
7790550019111,CAFE EN CAPSULAS INTENSO CABRALES X 8 UNI,CABRALES,Desayuno y merienda,Café,""
7790550019074,CAFE EN CAPSULAS SUAVE CABRALES X 8 UNI,CABRALES,Desayuno y merienda,Café,""
7792360094968,CAFE EN SAQUIT INTEN,BONAFIDE,Desayuno y merienda,Café,""
7790150080146,CAFE EN SAQUITO AROMA LA VIRGINIA CAJA X 20 U,LA VIRGINIA,Desayuno y merienda,Café,""
7790550011290,CAFE EN SAQUITOS CABRALES CAJA X 18 UNI,CABRALES,Desayuno y merienda,Café,""
7790170903937,CAFE EN SAQUITOS LA MORENITA X 20 UNI,MORENITA,Desayuno y merienda,Café,""
7790150079904,CAFE EN SAQUITOS LA VIRGINIA CAJA X 20 UNI,LA VIRGINIA,Desayuno y merienda,Café,""
7790150100806,CAFE INST CLAS DOYPA,LA VI,Desayuno y merienda,Café,""
7790150101490,CAFE INST LV SUAVE FRASCO,LA VIRGINIA,Desayuno y merienda,Café,""
7790150150573,"CAFE INST.SELEC.GRANUL.FRCO., LA VIRGINIA, 100 gr",LA VIRGINIA,Desayuno y merienda,Café,""
7790150101087,"CAFE INST.TORRADO SUAVE EN SOBRES, LA VIRGINIA, 36 cu",LA VIRGINIA,Desayuno y merienda,Café,""
7790150150276,CAFE INSTANT TOSTADO,LAVIR,Desayuno y merienda,Café,""
7790550010255,CAFE LA PLANTA SAQUITOS,LA PLANTA DE CAFé.,Desayuno y merienda,Café,""
7792360002062,CAFE MOLI INTEN SENS,BONAF,Desayuno y merienda,Café,""
7790170902022,CAFE MOLIDO CLASICO LA MORENITA PAQUETE X 1 KG,LA MORENITA,Desayuno y merienda,Café,""
7790150006375,CAFE MOLIDO CLASICO LA VIRGINIA PAQUETE X 1 KG,LA VIRGINIA,Desayuno y merienda,Café,""
7790150006351,CAFE MOLIDO CLASICO LA VIRGINIA X 500 GRS,LA VIRGINIA,Desayuno y merienda,Café,""
7790550022210,CAFE MOLIDO SUPER,CABRA,Desayuno y merienda,Café,""
7790170949072,CAFE MOLIDO TOSTADO COLOMBIA MORENITA X 500 GRS,MORENITA,Desayuno y merienda,Café,""
7790550022272,CAFE MOLIDO TOSTADO PRESTIGE CABRALES X 250 GRS,CABRALES,Desayuno y merienda,Café,""
7790550022258,CAFE MOLIDO TOSTADO SUPER CABRALES X 500 GRS,CABRALES,Desayuno y merienda,Café,""
7790070933638,CAFE SUAVE MAS AROMA,ARLISTAN,Desayuno y merienda,Café,""
7792360002130,CAFE SUAVE SENSACION,BONAF,Desayuno y merienda,Café,""
7790550000164,CAFE TORRADO,LA PL,Desayuno y merienda,Café,""
7792360097747,CAFE TOSTADO BONAFIDE EQUILIBRADO X 200 GR,BONAFIDE,Desayuno y merienda,Café,""
7792360097754,CAFE TOSTADO BONAFIDE INTENSO X 200 GR,BONAFIDE,Desayuno y merienda,Café,""
7790150080849,"CAFE TOSTADO EN CAP.EXPRESSO INTENS, LA VIRGINIA, 10 cu",LA VIRGINIA,Desayuno y merienda,Café,""
7790550022234,CAFE TOSTADO MOLIDO,CABRALES,Desayuno y merienda,Café,""
7790170902008,CAFÉ CLASICO,LAMOR,Desayuno y merienda,Café,""
7790150080801,Cafe  LA VIRGINIA Capsulas Sutil X52G EST-10-un.,LA VIRGINIA,Desayuno y merienda,Café,""
7790150110188,Cafe KALMA descafeinado x100g FCO-100-gr.,KALMA,Desayuno y merienda,Café,""
7790150110386,Cafe KALMA descafeinado x170g FCO-170-gr.,KALMA,Desayuno y merienda,Café,""
7790150006429,Cafe La Virginia Puro Aroma Grano 500g PAQ-500-gr.,LA VIRGINIA,Desayuno y merienda,Café,""
7790550000171,Cafe molido la planta de cafe x 1 kg. PAQ-1000-gr.,LA PLANTA DE CAFÉ,Desayuno y merienda,Café,""
7790070933645,Café ARLISTAN Suave Mas Aroma x100g FCO-100-gr.,ARLISTAN,Desayuno y merienda,Café,""
7790550029417,Café LA PLANTA DE CAFÉ Clasico DP x160g CJA-160-gr.,LA PLANTA DE CAFÉ,Desayuno y merienda,Café,""
7790070933652,INFUSION A BASE DE CAFE ARLISTAN FRASCO X 50 GRS,ARLISTAN,Desayuno y merienda,Café,""
7790150100486,café LA VIRGINIA Clasico Espuma x170G FCO-170-gr.,LA VIRGINIA,Desayuno y merienda,Café,""
7790150100462,café LA VIRGINIA Clásico Espuma DPx170g DOY-170-gr.,LA VIRGINIA,Desayuno y merienda,Café,""
7790150101476,café LA VIRGINIA Suave Espuma DP x170g DOY-170-gr.,LA VIRGINIA,Desayuno y merienda,Café,""
7791120101687,ALMOHADI CACAO VAINI,MOLIN,Desayuno y merienda,Cereales,""
8480017322692,ALMOHADITA RELL FRUT,DIA,Desayuno y merienda,Cereales,""
8480017322708,ALMOHADITA SAB AVELL,DIA,Desayuno y merienda,Cereales,""
7797599231771,ALMOHADITAS DE LIMÓN NUTRI BALANCE PAQ 180 GRM,NUTRI BALANCE,Desayuno y merienda,Cereales,""
7791120101663,ALMOHADITAS FRUTILLA,MOLIN,Desayuno y merienda,Cereales,""
7790380019848,ALMOHADITAS MANTECOL,MANTE,Desayuno y merienda,Cereales,""
8480017322685,ALMOHADITAS RELL CHO,DIA,Desayuno y merienda,Cereales,""
7797599231764,ALMOHADITAS RELL. DE FRUTILLA NUTRI BALANCE PAQ 180 GRM,NUTRI BALANCE,Desayuno y merienda,Cereales,""
7790380019855,"ALMOHADITAS RELLENAS DE CHOCOLATE, TODDY, 180 gr",TODDY,Desayuno y merienda,Cereales,""
2000000122472,ALMOHADITAS SABOR LIMON,.,Desayuno y merienda,Cereales,""
6973110847190,ANILLOS ARCOIRIS,SIN MARCA,Desayuno y merienda,Cereales,""
7797599000506,ANILLOS FRUTALES NUTRI RINGS PAQ 160 GRM,NUTRIFOODS,Desayuno y merienda,Cereales,""
7791019172101,ARITOS AVENA MIEL,3 ARR,Desayuno y merienda,Cereales,""
7791078022744,"ARITOS CON MIEL, GRANIX, 130 gr",GRANIX,Desayuno y merienda,Cereales,""
7791019171890,ARITOS FRUTADOS,3ARRO,Desayuno y merienda,Cereales,""
7798169802834,"ARITOS FRUTADOS, LASFOR, 180 gr",LASFOR,Desayuno y merienda,Cereales,""
7790045826965,ARITOS FRUTALES,GRANI,Desayuno y merienda,Cereales,""
7791476005097,ARROZ INFL,EGRAN,Desayuno y merienda,Cereales,""
7791476081213,AVENA ARR INST,SIN MARCA,Desayuno y merienda,Cereales,""
7791476081411,AVENA ARR TRAD,SIN MARCA,Desayuno y merienda,Cereales,""
7791476012354,"AVENA ARROLLADA INSTANTANEA, EGRAN, 350 gr",EGRAN,Desayuno y merienda,Cereales,""
7791476014044,"AVENA ARROLLADA TRADICIONAL, EGRAN, 400 gr",EGRAN,Desayuno y merienda,Cereales,""
7798190340039,AVENA AVENTRES ARRO INSTA,AVENTRES,Desayuno y merienda,Cereales,""
7798190340015,AVENA AVENTRES ARRO TRAD,AVENTRES,Desayuno y merienda,Cereales,""
7792180143921,AVENA BOX ALMEN/CHIP,MENUB,Desayuno y merienda,Cereales,""
7792180143945,AVENA BOX ARANDANOS,MENUB,Desayuno y merienda,Cereales,""
7792180143938,AVENA BOX MANZ/CANEL,MENU,Desayuno y merienda,Cereales,""
7798382040013,AVENA CEREALCOOP EXTRAFIN,CEREALCOOP,Desayuno y merienda,Cereales,""
7798382040037,AVENA CEREALCOOP INSTAN,CEREALCOOP,Desayuno y merienda,Cereales,""
7798382040020,AVENA CEREALCOOP TRADI,CEREALCOOP,Desayuno y merienda,Cereales,""
7790199605829,AVENA EXTRAFINA ESTX500,sin marca,Desayuno y merienda,Cereales,""
7790199604594,AVENA INSTANTANEA,MORIXE,Desayuno y merienda,Cereales,""
7791954004116,AVENA INSTANTANEA,EXCLU,Desayuno y merienda,Cereales,""
8480017317872,AVENA INSTANTANEA,DIA,Desayuno y merienda,Cereales,""
7790045823575,"AVENA INSTANTANEA, GRANIX, 400 gr",GRANIX,Desayuno y merienda,Cereales,""
7798066030934,AVENA INSTANTÁNEA LA ESPAÑOLA PAQ 300 GRM,LA ESPAÑOLA,Desayuno y merienda,Cereales,""
7797599232020,AVENA INSTANTÁNEA NUTRI BALANCE PAQ 300 GRM,NUTRI BALANCE,Desayuno y merienda,Cereales,""
7792170555512,"AVENA INTEGRAL EXTRAFINA, QUAKER, 470 gr",QUAKER,Desayuno y merienda,Cereales,""
7792170555505,"AVENA INTEGRAL INSTANTANEA, QUAKER, 280 gr",QUAKER,Desayuno y merienda,Cereales,""
7792170555536,"AVENA INTEGRAL INSTANTANEA, QUAKER, 500 gr",QUAKER,Desayuno y merienda,Cereales,""
7792170555499,"AVENA INTEGRAL TRADICIONAL, QUAKER, 280 gr",QUAKER,Desayuno y merienda,Cereales,""
7792170555543,"AVENA INTEGRAL TRADICIONAL, QUAKER, 550 gr",QUAKER,Desayuno y merienda,Cereales,""
7790199605805,AVENA MORIXE INST ESTUCHE,MORIXE,Desayuno y merienda,Cereales,""
7790199605782,AVENA MORIXE TRAD ESTUCHE,MORIXE,Desayuno y merienda,Cereales,""
7798049544175,AVENA P PRECIO TRAD ARROL,PRIMER PRECIO,Desayuno y merienda,Cereales,""
7798049544168,AVENA PRIMER PRECIO INST,PRIMER PRECIO,Desayuno y merienda,Cereales,""
7790199604587,AVENA TRADICIONAL,MORIXE,Desayuno y merienda,Cereales,""
8480017317865,AVENA TRADICIONAL,DIA,Desayuno y merienda,Cereales,""
7792180144966,AVENA TRADICIONAL CANUELAS X 400 GRS,CANUELAS,Desayuno y merienda,Cereales,""
7798066030910,AVENA TRADICIONAL LA ESPAÑOLA PAQ 300 GRM,LA ESPAÑOLA,Desayuno y merienda,Cereales,""
7798169802650,Almohaditas LASFOR Avellana 200 grs PAQ-200-gr.,LASFOR,Desayuno y merienda,Cereales,""
7798169802667,Almohaditas LASFOR Chocolate Suizo 200g PAQ-200-gr.,LASFOR,Desayuno y merienda,Cereales,""
7798169802711,Almohaditas SNUKS Rellena Frutilla x240 CJA-240-gr.,SNUKS,Desayuno y merienda,Cereales,""
7798169802629,Almohaditas SNUKS Rellenas Avellana x240 CJA-240-gr.,SNUKS,Desayuno y merienda,Cereales,""
7798169802728,Almohaditas SNUKS Rellenas Limon x240gr CJA-240-gr.,SNUKS,Desayuno y merienda,Cereales,""
7798169802636,Almohaditas Snuks Rellenas Choco X240gr CJA-240-gr.,SNUKS,Desayuno y merienda,Cereales,""
7797599232037,Avena Balance NUTRIFOODS X300g BSA-300-gr.,NUTRIFOODS,Desayuno y merienda,Cereales,""
7798125810927,Avena TOSTEX Grano Entero 300gr BSA-300-gr.,TOSTEX,Desayuno y merienda,Cereales,""
7798125810941,Avena TOSTEX Instantanea 300 gr PCH-300-gr.,TOSTEX,Desayuno y merienda,Cereales,""
7798125810934,Avena TOSTEX Tradicional 300 gr PCH-300-gr.,TOSTEX,Desayuno y merienda,Cereales,""
7798169802827,"BOLITAS CHOCOLATADAS, LASFOR, 180 gr",LASFOR,Desayuno y merienda,Cereales,""
7891000360552,BOLITAS DE CEREAL CHOCOLATADO NESQUIK X 400 GRS,NESQUIK,Desayuno y merienda,Cereales,""
7798052363213,BOLITAS DULCES NIKITOS PAQ 80 GRM,NIKITOS,Desayuno y merienda,Cereales,""
7798169802780,Bolitas de Chocolate sin TACC SNUKS 200g EST-200-gr.,SNUKS,Desayuno y merienda,Cereales,""
7702103503916,CEREA CHOC KRIS RICE,KELLO,Desayuno y merienda,Cereales,""
7702103799883,CEREA CHOCO KRIS POP,KELLO,Desayuno y merienda,Cereales,""
7790045000457,CEREAL BALON CHOCOLA,GRANI,Desayuno y merienda,Cereales,""
8480017335463,CEREAL BOLAS CHOCOLA,DIA,Desayuno y merienda,Cereales,""
7790040142480,CEREAL CHOCOLATE,FORMI,Desayuno y merienda,Cereales,""
7896004010540,CEREAL CORN FLAKES,KELLO,Desayuno y merienda,Cereales,""
7798052363169,CEREAL DE ARROZ NIKITOS PAQ 80 GRM,NIKITOS,Desayuno y merienda,Cereales,""
7790045826972,"CEREAL DE FRUTAS ARITOS BOLSA, GRANIX, 350 gr",GRANIX,Desayuno y merienda,Cereales,""
7702103751416,CEREAL FROOT LOOPS,KELLO,Desayuno y merienda,Cereales,""
7790040142503,CEREAL FRUTAL,FORMI,Desayuno y merienda,Cereales,""
7798052362421,CEREAL MAIZ,NIKIT,Desayuno y merienda,Cereales,""
7896004004990,CEREAL MUESLI CHOCOLATE KELLOGS X 255 GRS,KELLOGGS,Desayuno y merienda,Cereales,""
7896004005010,CEREAL MUESLI MANZANA Y PASAS KELLOGS X 255 GRS,KELLOGGS,Desayuno y merienda,Cereales,""
7790045827399,CEREAL NATURITO FRUT,GRANI,Desayuno y merienda,Cereales,""
7791078023376,CEREAL NATURITOS DDL,GRANI,Desayuno y merienda,Cereales,""
7791019170305,CEREAL REDONDI CHOCO,3ARRO,Desayuno y merienda,Cereales,""
7798181510960,CEREAL S TACC ANILLITOS CON MIEL SMAMS X 150 GRS,SMAMS,Desayuno y merienda,Cereales,""
7798181510984,CEREAL S TACC BOLITAS DE CHOCOLATE SMAMS X 150 GRS,SMAMS,Desayuno y merienda,Cereales,""
7798052363176,CEREAL TRIGO,SIN MARCA,Desayuno y merienda,Cereales,""
7790045000624,CEREALES AZUCARADOS,SKARC,Desayuno y merienda,Cereales,""
8445290270184,CEREALES FRUTADOS,TRIX,Desayuno y merienda,Cereales,""
7790380019824,"CEREALES TUTTI-FRUTTI BOLSA, FLYNN PAFF, 200 gr",FLYNN PAFF,Desayuno y merienda,Cereales,""
7792280006270,CHACHAMAI AVENA 165G,CACHAMAI,Desayuno y merienda,Cereales,""
7799120006070,CHECK ALMOHA CHOCO,CHECK,Desayuno y merienda,Cereales,""
7799120006063,CHECK ALMOHA FRUTI,CHECK,Desayuno y merienda,Cereales,""
7798105588846,CHECK ANILLOS FRUTAL,CHECK,Desayuno y merienda,Cereales,""
7798270243571,CHECK AVENA ARROLLAD,CHECK,Desayuno y merienda,Cereales,""
7798105588853,CHECK BOLITAS CHOCOL,CHECK,Desayuno y merienda,Cereales,""
7798270243267,CHECK GRANOLA X 350G,CHECK,Desayuno y merienda,Cereales,""
7798149701263,COCOGRANOLA 150 GRAMOS,sin marca,Desayuno y merienda,Cereales,""
7896004004921,COPO AZUCARADO,ZUCAR,Desayuno y merienda,Cereales,""
8480017303356,COPO CER CHOC SEMIAM,DIA,Desayuno y merienda,Cereales,""
7791019000053,COPO DE MAIZ,3ARRO,Desayuno y merienda,Cereales,""
7791019000220,COPOS AZUCARADOS,3ARRO,Desayuno y merienda,Cereales,""
8480017200167,COPOS AZUCARADOS,DIA,Desayuno y merienda,Cereales,""
7797599000483,"COPOS AZUCARADOS ZUCAR FLAKES BOLSA, NUTRIFOODS, 400 gr",NUTRIFOODS,Desayuno y merienda,Cereales,""
7896004004983,COPOS DE CHOCOLATE,ZUCAR,Desayuno y merienda,Cereales,""
7790045001584,COPOS DE MAIZ,GRANIX,Desayuno y merienda,Cereales,""
8480017200150,COPOS DE MAIZ,DIA,Desayuno y merienda,Cereales,""
7798169802858,COPOS DE MAIZ AZUCARADOS LASFOR X 240 GRS,LASFOR,Desayuno y merienda,Cereales,""
7896004004969,COPOS DE MAIZ AZUCARADOS ZUCARITAS X 490 GRS,KELLOGGS,Desayuno y merienda,Cereales,""
7790045001591,"COPOS DE MAIZ BOLSA, GRANIX, 400 gr",GRANIX,Desayuno y merienda,Cereales,""
7791019175973,COPOS DE MAIZ MIEL 3 ARROYOS X 200 GRS,3 ARROYOS,Desayuno y merienda,Cereales,""
7798169802773,COPOS DE MAÍZ LASFOR PAQ 200 GRM,LASFOR,Desayuno y merienda,Cereales,""
7797599000513,COPOS DE MAÍZ NUTRI BALANCE PAQ 150 GRM,NUTRI BALANCE,Desayuno y merienda,Cereales,""
7791019175546,COPOS MA CHOC 200G,3 ARROYOS,Desayuno y merienda,Cereales,""
7702103154170,Cereal FROOT LOOPS X330g BSA-330-gr.,FROOT LOOPS,Desayuno y merienda,Cereales,""
7891000288801,Cereal NESFIT x350gr CJA-220-gr.,NESFIT,Desayuno y merienda,Cereales,""
0726367920231,Chocolate Granola Cluster-natural Candy CJA-100-gr.,NATURAL CANDY,Desayuno y merienda,Cereales,""
7798169802643,GRANOLA ALMENDRAS Y,LASFOR,Desayuno y merienda,Cereales,""
7896004011004,GRANOLA BANANA Y MANZANA KELLOGGS X 200 GRS,KELLOGGS,Desayuno y merienda,Cereales,""
7790524324357,GRANOLA BERRIES,GONAT,Desayuno y merienda,Cereales,""
7798343751132,GRANOLA CLASICA INTEGRA 350 X GRS,INTEGRA,Desayuno y merienda,Cereales,""
7797599000520,GRANOLA CON PASAS NUTRI BALANCE PAQ 320 GRM,NUTRI BALANCE,Desayuno y merienda,Cereales,""
7790045826637,GRANOLA CROCANTE,GRANI,Desayuno y merienda,Cereales,""
7790524324364,"GRANOLA CRUNCH, GO NATURAL, 290 gr",GO NATURAL,Desayuno y merienda,Cereales,""
7896004011011,GRANOLA NUTS KELLOGGS X 200 GRS,KELLOGGS,Desayuno y merienda,Cereales,""
7798343751552,GRANOLA PROTEICA PASTA DE MANI INTEGRA X 250 GRS,INTEGRA,Desayuno y merienda,Cereales,""
7794000007932,GRANOLA SABOR COCO Y SEMILLAS MAIZENA X 180 GRS,MAIZENA,Desayuno y merienda,Cereales,""
7790524324340,GRANOLA SEEDS,GONAT,Desayuno y merienda,Cereales,""
7896004010991,GRANOLA TRADICIONAL KELLOGGS X 200 GRS,KELLOGGS,Desayuno y merienda,Cereales,""
7790524324395,GRANOLA TROPICAL,GO NATURAL,Desayuno y merienda,Cereales,""
0732535898714,Granola Canela CLUSTER x 100 gs DOY-100-gr.,NATURAL CANDY,Desayuno y merienda,Cereales,""
0732535898721,Granola Coconut y Chocolate CLUSTERx100g DOY-100-gr.,NATURAL CANDY,Desayuno y merienda,Cereales,""
0732535898707,Granola CoconutCranberries CLUSTERSx100g DOY-100-gr.,NATURAL CANDY,Desayuno y merienda,Cereales,""
7798165590827,Granola con Chocolate BEEPURE  X330g FCO-330-gr.,BEEPURE,Desayuno y merienda,Cereales,""
7798165590483,Granola con Miel BEEPURE Frasco X330g FCO-330-gr.,BEEPURE,Desayuno y merienda,Cereales,""
7798169802681,LASFOR ALMOHADILLAS,LASFOR,Desayuno y merienda,Cereales,""
7798401690120,LF GR FT SE 160G,LASFOR,Desayuno y merienda,Cereales,""
7798401690113,LF GRA FR SE EQ 160G,LASFOR,Desayuno y merienda,Cereales,""
7791476004021,Maiz Egran de Coco BSA-80-gr.,EGRAN,Desayuno y merienda,Cereales,""
7797599000476,NUTF COP AZ FLA 200G,NUTRIFOODS,Desayuno y merienda,Cereales,""
7797599232105,OSITOS DE AVENA FORTIFICADOS NUTRI KIDS PAQ 200 GRM,NUTRI KIDS,Desayuno y merienda,Cereales,""
7792170555420,QUAKER AVENA INSTANT X500G BSA-500-gr.,QUAKER,Desayuno y merienda,Cereales,""
7790580111526,ROCKLETS BOLLS X35G,ROCKLETS,Desayuno y merienda,Cereales,""
7791476081718,SALV DE AVENA,SIN MARCA,Desayuno y merienda,Cereales,""
7798382040044,SALVADO AVENA CEREALCOOP,CEREALCOOP,Desayuno y merienda,Cereales,""
7791476017250,Salvado de avena EGRAN PAQ-250-gr.,EGRAN,Desayuno y merienda,Cereales,""
7790380019633,TODDY CERE EXT 200G,TODDY,Desayuno y merienda,Cereales,""
7793913014044,TRE DESC GRANOLA155G,TREGAR,Desayuno y merienda,Cereales,""
7791176009081,avena CADEA Arrollada PAQ-350-gr.,CADEA,Desayuno y merienda,Cereales,""
7791176291974,avena CADEA PAQ-350-gr.,CADEA,Desayuno y merienda,Cereales,""
7790045823568,avena GRANIX PAQ-400-gr.,GRANIX,Desayuno y merienda,Cereales,""
7613034155030,cereal NESTLE TRIX CJA-330-gr.,TRIX,Desayuno y merienda,Cereales,""
7791476005912,crocante de arroz inflado EGRAN PAQ-60-gr.,EGRAN,Desayuno y merienda,Cereales,""
7798132920169,DURAZNO EN MITADES DIET COPA DE ORO LAT 820 GRM,COPA DE ORO,Desayuno y merienda,Conservas dulces,""
2800000434830,DURAZNOS COTO BAJAS CALORIAS LAT 800 GRM,COTO,Desayuno y merienda,Conservas dulces,""
7798132920404,"DURAZNOS EN MITADES LIGHT, ALCO, 820 gr",ALCO,Desayuno y merienda,Conservas dulces,""
2800002220639,PERAS EN MITADES COTO  LAT 820 GRM,COTO,Desayuno y merienda,Conservas dulces,""
2800002220943,PERAS EN MITADES DETETICAS COTO LAT 800 GRM,COTO,Desayuno y merienda,Conservas dulces,""
7792180130754,9DEORO AVEN PAS 180G,9 DE ORO,Desayuno y merienda,Galletitas dulces,""
7798004241255,BAY BISCUIT X 100 GRS,BAY BISCUIT,Desayuno y merienda,Galletitas dulces,""
7790045825791,FRUTIGRAN AVENA Y FR,FRUTIGRAN,Desayuno y merienda,Galletitas dulces,""
7622201761288,GAL CHOC REL  MINI,OREO,Desayuno y merienda,Galletitas dulces,""
7790040148864,GALL CHOCOLINA NEGRO,CHOCO,Desayuno y merienda,Galletitas dulces,""
7792360096818,GALL DULCE BAÑO CHOC,DONUT,Desayuno y merienda,Galletitas dulces,""
7622300742645,GALL DULCES RELLENAS,DUQUESA,Desayuno y merienda,Galletitas dulces,""
7798343751521,GALL INTEGRA CACAO CHOCOL,INTEGRA,Desayuno y merienda,Galletitas dulces,""
7798343751507,GALL INTEGRA MANI ALMENDR,INTEGRA,Desayuno y merienda,Galletitas dulces,""
7790040143807,GALL RELL BON O BON,COFLER,Desayuno y merienda,Galletitas dulces,""
7790040137837,GALL SABOR VAINILLA,MANA,Desayuno y merienda,Galletitas dulces,""
7790040143784,GALL VAINI RELL CHOC,COFLE,Desayuno y merienda,Galletitas dulces,""
7622201745561,GALL VARIED NUEV MIX,VARIEDAD,Desayuno y merienda,Galletitas dulces,""
8480017302830,GALL. D/AVE Y PASAS,DIA,Desayuno y merienda,Galletitas dulces,""
7792360096825,GALL.BAÑO CHOCO BCO,DONUT,Desayuno y merienda,Galletitas dulces,""
7790040146143,GALL.D/CHOC.RELL.SAB.VAINILLA POLVORITA PAQ 152 GRM,POLVORITA,Desayuno y merienda,Galletitas dulces,""
7791568000702,GALL.DULCES C/CHIPS D/CHOC. MINI PAMELA PAQ 180 GRM,PAMELA,Desayuno y merienda,Galletitas dulces,""
7791568000849,GALL.DULCES SCONS MINI PAMELA PAQ 180 GRM,PAMELA,Desayuno y merienda,Galletitas dulces,""
7790040146877,GALL.RELL.SAB CHOCOLATE MACUCAS PAQ 85 GRM,MACUCAS,Desayuno y merienda,Galletitas dulces,""
7794600004539,GALL.RELLENA CHOCO,MELBA,Desayuno y merienda,Galletitas dulces,""
8480017005083,GALL.TAPA DE ALFAJOR,DIA,Desayuno y merienda,Galletitas dulces,""
8480017302946,GALLE AVE COCO Y DDL,DIA,Desayuno y merienda,Galletitas dulces,""
7798360810201,GALLE AVEN SESA CHIA,KUKIN,Desayuno y merienda,Galletitas dulces,""
7790040135741,GALLE AVENA Y PASAS,CEREA,Desayuno y merienda,Galletitas dulces,""
7791324157664,GALLE C/CHIPS CHOCO,PARNO,Desayuno y merienda,Galletitas dulces,""
7790040143524,GALLE CHOCO RELLE X3,RUMBA,Desayuno y merienda,Galletitas dulces,""
7790040142985,GALLE CHOCOLINA BLAN,CHOCO,Desayuno y merienda,Galletitas dulces,""
7790040135765,GALLE FRUTILLA CHIA,CEREA,Desayuno y merienda,Galletitas dulces,""
7798128000684,GALLE INTEGRA ALGARR,CACHA,Desayuno y merienda,Galletitas dulces,""
7798128000707,GALLE INTEGRA GRANOL,CACHAFAZ,Desayuno y merienda,Galletitas dulces,""
7798128000677,GALLE PASAS INTEGRAL,CACHA,Desayuno y merienda,Galletitas dulces,""
7790040143777,GALLE RELL CREAMY CH,COFLER,Desayuno y merienda,Galletitas dulces,""
7790040133471,GALLE RELLEN FRAMBUE,SONRISAS,Desayuno y merienda,Galletitas dulces,""
7790040143517,GALLE RELLENA CHOCO,RUMBA,Desayuno y merienda,Galletitas dulces,""
7791324157046,GALLE RELLENA CHOCO,PITUS,Desayuno y merienda,Galletitas dulces,""
7791324157466,GALLE RELLENA FRUT,PITUS,Desayuno y merienda,Galletitas dulces,""
7790040143500,GALLE VAINI RELLENA,AMOR,Desayuno y merienda,Galletitas dulces,""
7790040139909,GALLE VAINI/CHOCO,FORMI,Desayuno y merienda,Galletitas dulces,""
7790040139930,GALLE VAINI/CHOCO,FORMI,Desayuno y merienda,Galletitas dulces,""
7790040139893,GALLE VAINI/FRUTILLA,FORMI,Desayuno y merienda,Galletitas dulces,""
7790040139923,GALLE VAINI/FRUTILLA,FORMI,Desayuno y merienda,Galletitas dulces,""
7622201503987,GALLE VARIEDAD CHOCO,VARIEDAD,Desayuno y merienda,Galletitas dulces,""
7798360810195,GALLET AVENA Y CHIPS,KUKIN,Desayuno y merienda,Galletitas dulces,""
7798360810072,GALLETA ANILLO VAINI,KUKIN,Desayuno y merienda,Galletitas dulces,""
7790040127944,GALLETA CHIPS CHOCO,COFLER,Desayuno y merienda,Galletitas dulces,""
7790040116955,GALLETA CON CHIPS,BLOCK,Desayuno y merienda,Galletitas dulces,""
7792184003085,GALLETA DULCE BISCUI,SORIA,Desayuno y merienda,Galletitas dulces,""
7798128000691,GALLETA INTEGRA CHIP,CACHAFAZ,Desayuno y merienda,Galletitas dulces,""
7790040139091,GALLETA RELLENA FRUT,MERENGADAS,Desayuno y merienda,Galletitas dulces,""
7798360810034,GALLETA VAINILLA,KUKIN,Desayuno y merienda,Galletitas dulces,""
7790040143753,GALLETAS CHOCOLATE,COFLE,Desayuno y merienda,Galletitas dulces,""
7790040145337,GALLETAS DE CHOCOLAT,MACUC,Desayuno y merienda,Galletitas dulces,""
7790040143531,GALLETAS DULCES,AMOR,Desayuno y merienda,Galletitas dulces,""
7790040133488,GALLETAS FRAMBUESA,SONRISAS,Desayuno y merienda,Galletitas dulces,""
7790040139657,GALLETAS RELL FRUTIL,MERENGADAS,Desayuno y merienda,Galletitas dulces,""
7790040143234,GALLETITA CHOCOLATE,CHOCOLINAS,Desayuno y merienda,Galletitas dulces,""
7622201745547,GALLETITA CLA TRPACK,LINCO,Desayuno y merienda,Galletitas dulces,""
7790040143265,GALLETITA SABOR COCO,COQUI,Desayuno y merienda,Galletitas dulces,""
7622202241505,GALLETITAS AVENA CACAO CEREALITAS X 170 GRS,CEREALITAS,Desayuno y merienda,Galletitas dulces,""
7790045824893,GALLETITAS AVENA CHIPS CHOCO FRUTIGRAN X 255G,FRUTIGRAN,Desayuno y merienda,Galletitas dulces,""
7790045001188,GALLETITAS AVENA PASAS UVA FRUTIGRAN X 250 GRS,FRUTIGRAN,Desayuno y merienda,Galletitas dulces,""
7798187760130,GALLETITAS AVENA. COCO ZAFRAN 150G PAQ-150-gr.,ZAFRÁN,Desayuno y merienda,Galletitas dulces,""
7798187760147,GALLETITAS AVENA. PASAS ZAFRAN 150G PAQ-150-gr.,ZAFRÁN,Desayuno y merienda,Galletitas dulces,""
7798036830175,GALLETITAS BAÑ REPOS,CELOS,Desayuno y merienda,Galletitas dulces,""
7622201808860,GALLETITAS BOCA DE DAMA TERRABUSI X 170 GRS,TERRABUSI,Desayuno y merienda,Galletitas dulces,""
7790380023432,GALLETITAS C CHIPS CHOCOLATE TODDY X 126 GRS,TODDY,Desayuno y merienda,Galletitas dulces,""
7622201385255,GALLETITAS C LECHE MANON X 182 GRS,MANON,Desayuno y merienda,Galletitas dulces,""
7790045823452,"GALLETITAS C/FRUTAS TROPI, FRUTIGRAN, 250 gr",FRUTIGRAN,Desayuno y merienda,Galletitas dulces,""
7790040143241,GALLETITAS CHOCOLATE CHOCOLINAS X 100 GRS,CHOCOLINAS,Desayuno y merienda,Galletitas dulces,""
7790040143227,GALLETITAS CHOCOLATE CHOCOLINAS X 170 GRS,CHOCOLINAS,Desayuno y merienda,Galletitas dulces,""
7790040139183,GALLETITAS CHOCOLATE RELL VAI POLVORITA X 81 G,POLVORITA,Desayuno y merienda,Galletitas dulces,""
7790040143258,GALLETITAS COCO COQUITAS X 177 GRS,COQUITAS,Desayuno y merienda,Galletitas dulces,""
7790040110748,"GALLETITAS DUL. C/CHIP Y ROCKLETS, ROCKLETS, 118 gr",ROCKLETS,Desayuno y merienda,Galletitas dulces,""
7790040145023,"GALLETITAS DUL.AVENA Y CHOCO., CEREAL MIX, 207 gr",CEREAL MIX,Desayuno y merienda,Galletitas dulces,""
7790040151192,"GALLETITAS DULCES ACARAMELADAS, PORTEÑITAS, 417 gr",PORTEÑITAS,Desayuno y merienda,Galletitas dulces,""
7792180136626,"GALLETITAS DULCES ANILLITOS CHOCO, 9 DE ORO, 120 gr",9 DE ORO,Desayuno y merienda,Galletitas dulces,""
7792180136619,"GALLETITAS DULCES ANILLITOS COCO, 9 DE ORO, 120 gr",9 DE ORO,Desayuno y merienda,Galletitas dulces,""
7792180136602,"GALLETITAS DULCES ANILLITOS VAINI, 9 DE ORO, 120 gr",9 DE ORO,Desayuno y merienda,Galletitas dulces,""
7790040146389,GALLETITAS DULCES CLÁSICAS VOCACION PAQ 141 GRM,VOCACION,Desayuno y merienda,Galletitas dulces,""
7790045001218,GALLETITAS DULCES FRUTIGRAN GRANIX AVEN/PAS.UVA PAQ 500 GR,FRUTIGRAN,Desayuno y merienda,Galletitas dulces,""
7790045824886,GALLETITAS DULCES GRANIX SURTIDAS AVENA/MIEL PAQ 350 GR,GRANIX,Desayuno y merienda,Galletitas dulces,""
7622202839979,"GALLETITAS DULCES SURTIDAS, VARIEDAD, 590 gr",VARIEDAD,Desayuno y merienda,Galletitas dulces,""
7790040137820,GALLETITAS LIMON LIVIANAS MANA X 136 GRS,MANA,Desayuno y merienda,Galletitas dulces,""
7622300335090,"GALLETITAS OBLEAS MINI RHODESIA, RHODESIA, 60 gr",RHODESIA,Desayuno y merienda,Galletitas dulces,""
7622300829728,GALLETITAS RELLENAS,MELBA,Desayuno y merienda,Galletitas dulces,""
7798181510021,GALLETITAS S TACC VAINILLA RELL SMAMS X 105 GR,SMAMS,Desayuno y merienda,Galletitas dulces,""
7790040143364,GALLETITAS SURTIDAS,DIVERSION,Desayuno y merienda,Galletitas dulces,""
7790040147720,GALLETITAS SURTIDAS,BAGLEY,Desayuno y merienda,Galletitas dulces,""
7622201503963,GALLETITAS SURTIDAS DORADA VARIEDAD X 300 GRS,VARIEDAD,Desayuno y merienda,Galletitas dulces,""
7790040143555,GALLETITAS VAINILLA,MELLI,Desayuno y merienda,Galletitas dulces,""
7790040132689,GALLETITAS VAINILLA PORTENITAS X 139 GRS,PORTENITAS,Desayuno y merienda,Galletitas dulces,""
7622202210051,GALLETITAS VAINILLA RELLENA MOUSSE MILKA X 124 GRS,MILKA,Desayuno y merienda,Galletitas dulces,""
7790040133235,Galle MANA CHO/VAI X152G PAQ-152-gr.,MANA,Desayuno y merienda,Galletitas dulces,""
7790040133242,Galle MANA VAI/CHO X152G PAQ-152-gr.,MANA,Desayuno y merienda,Galletitas dulces,""
7790040135758,Galletas CEREAL MIX Semillas/Chips x207g PAQ-207-gr.,CEREAL MIX,Desayuno y merienda,Galletitas dulces,""
7798128002145,Galletas Organicas CACHAFAZ Cacao y Miel PAQ-170-gr.,CACHAFAZ,Desayuno y merienda,Galletitas dulces,""
7798181510267,Galletas Rellenas SMAMS Frutilla CJA-105-gr.,SMAMS,Desayuno y merienda,Galletitas dulces,""
7798125811061,Galletas TOSTEX Avena chips y choco 270g PCH-270-gr.,TOSTEX,Desayuno y merienda,Galletitas dulces,""
7798125811078,Galletas TOSTEX Avena y pasas 270g PCH-270-gr.,TOSTEX,Desayuno y merienda,Galletitas dulces,""
7790369008016,Galletitas FACHITAS  Cer Ave y Pas x140g PAQ-140-gr.,FACHITAS,Desayuno y merienda,Galletitas dulces,""
7790369008023,Galletitas FACHITAS Cer Av y Chip x 40g PAQ-140-gr.,FACHITAS,Desayuno y merienda,Galletitas dulces,""
7790040143548,Galletitas MELLIZAS Rellenas x110g PAQ-110-gr.,MELLIZAS,Desayuno y merienda,Galletitas dulces,""
7798128002138,Galletitas Organicas CACHAFAZ Avena y Mi PAQ-170-gr.,CACHAFAZ,Desayuno y merienda,Galletitas dulces,""
7792052088596,"Galletitas c avena,mzna y canela 186g PAQ-186-gr.",CUISINE & CO,Desayuno y merienda,Galletitas dulces,""
7790045001201,Galletitas frutigran salvado dulce 500gr PAQ-500-gr.,FRUTIGRAN,Desayuno y merienda,Galletitas dulces,""
7790040151901,MANA ACARAMELADA,MANA,Desayuno y merienda,Galletitas dulces,""
7790040137844,MANA VAINILLA X3,MANA,Desayuno y merienda,Galletitas dulces,""
7790040008175,OBLEA RELLENA CREMA,OPERA,Desayuno y merienda,Galletitas dulces,""
7791568001044,PAM CHOC RELL 291G,PAMELA,Desayuno y merienda,Galletitas dulces,""
7791568000962,PAM CHOC RELL 97G,PAMELA,Desayuno y merienda,Galletitas dulces,""
7791568005615,PAME GALL CHOC 180G,PAMELA,Desayuno y merienda,Galletitas dulces,""
7797330102384,galletitas GRANDIET De cereal dulce PAQ-100-gr.,GRANDIET,Desayuno y merienda,Galletitas dulces,""
7790040137912,galletitas MANA CHOCOLATADA 136g PAQ-130-gr.,MANA,Desayuno y merienda,Galletitas dulces,""
7790503000296,ARITOS DE ARROZ CREMA Y CEBOLLA DOS HERMANOS X 80G,DOS HERMANOS,Desayuno y merienda,Galletitas saladas y de arroz,""
7790070418449,BIZC ARROZ TORT NEGR,GALLO,Desayuno y merienda,Galletitas saladas y de arroz,""
7790070418425,BIZCOCHO ARROZ DULCE,GALLO,Desayuno y merienda,Galletitas saladas y de arroz,""
7790070418418,BIZCOCHOS ARROZ DULCE GALLO BOLSA X 50 GRS,GALLO SNACKS,Desayuno y merienda,Galletitas saladas y de arroz,""
7790070418463,BIZCOCHOS ARROZ SALADOS GALLO X 100 GRS,GALLO SNACKS,Desayuno y merienda,Galletitas saladas y de arroz,""
7790070418456,Bizcocho de Arroz GALLO SNACK Saladox50g PAQ-50-gr.,GALLO,Desayuno y merienda,Galletitas saladas y de arroz,""
7792280006287,CACHAMAI SALVAD 160G,CACHAMAI,Desayuno y merienda,Galletitas saladas y de arroz,""
7790040136243,CEREALES SALVADO,BAGLEY,Desayuno y merienda,Galletitas saladas y de arroz,""
7622201745905,CEREALITA CLASI X3UD,CEREALITAS,Desayuno y merienda,Galletitas saladas y de arroz,""
7622201753061,CEREALITAS ARROZ RS X 160 GRS,CEREALITAS,Desayuno y merienda,Galletitas saladas y de arroz,""
7798270248422,CHECK CRACKER 101G,CHECK,Desayuno y merienda,Galletitas saladas y de arroz,""
7798270243861,CHECK CRACKER 505G,CHECK,Desayuno y merienda,Galletitas saladas y de arroz,""
7799120002300,CHECK CRAK SALV 120G,CHECK,Desayuno y merienda,Galletitas saladas y de arroz,""
7799120002317,CHECK CRAK SALV 360G,CHECK,Desayuno y merienda,Galletitas saladas y de arroz,""
7799120003321,CHECK TORTA ARROZ,CHECK,Desayuno y merienda,Galletitas saladas y de arroz,""
7798153719339,CHEK MARI S SAL 220G,CHECK,Desayuno y merienda,Galletitas saladas y de arroz,""
7798125810750,CINTITAS TOSTEX BARBACOA,TOSTEX,Desayuno y merienda,Galletitas saladas y de arroz,""
7798125810385,CINTITAS TOSTEX PIZZA,TOSTEX,Desayuno y merienda,Galletitas saladas y de arroz,""
7790040377806,CRACKERS,CRIOLLITAS,Desayuno y merienda,Galletitas saladas y de arroz,""
7798181510212,CRACKERS CLASICAS,SMAMS,Desayuno y merienda,Galletitas saladas y de arroz,""
7798181510205,"CRACKERS SIN SAL S/TACC, SMAMS, 150 gr",SMAMS,Desayuno y merienda,Galletitas saladas y de arroz,""
7792180146120,CRUJITAS CEB CR 120G,9 DE ORO,Desayuno y merienda,Galletitas saladas y de arroz,""
7792180146144,CRUJITAS HIE HU 120G,9 DE ORO,Desayuno y merienda,Galletitas saladas y de arroz,""
7790070417183,Chips GALLO SNACKS Arroz Jamón x100g PAQ-50-gr.,GALLO,Desayuno y merienda,Galletitas saladas y de arroz,""
7790070417190,Chips GALLO SNACKS Arroz Jamón x150g PAQ-100-gr.,GALLO,Desayuno y merienda,Galletitas saladas y de arroz,""
7790070417169,Chips GALLO SNACKS Arroz Pizza x150g PAQ-100-gr.,GALLO,Desayuno y merienda,Galletitas saladas y de arroz,""
7798125810354,Cintitas TOSTEX Clasicas x125gr PAQ-125-gr.,TOSTEX,Desayuno y merienda,Galletitas saladas y de arroz,""
7790503000289,DISCOS DE ARROZ SABOR JAMON DOS HERMANOS X 80G,DOS HERMANOS,Desayuno y merienda,Galletitas saladas y de arroz,""
7798033900284,DON ARRO S SAL 45G,DON PANCHO,Desayuno y merienda,Galletitas saladas y de arroz,""
7798033900178,DON MARI SALV 220G,DON PANCHO,Desayuno y merienda,Galletitas saladas y de arroz,""
7797330002721,Discos GRANDIET con chia x 100 grs PAQ-100-gr.,GRANDIET,Desayuno y merienda,Galletitas saladas y de arroz,""
7797330103336,Discos GRANDIET con stevia x 100 grs PAQ-100-gr.,GRANDIET,Desayuno y merienda,Galletitas saladas y de arroz,""
7797330100663,Discos de arroz grandiet dulces PAQ-100-gr.,GRANDIET,Desayuno y merienda,Galletitas saladas y de arroz,""
7790045825395,Frut chia/lino PAQ-240-gr.,FRUTIGRAN,Desayuno y merienda,Galletitas saladas y de arroz,""
7791102052143,GALL ARROZ COOP INT CLASI,COOPERATIVA,Desayuno y merienda,Galletitas saladas y de arroz,""
7622201736033,GALL CEREAL CLASICAS,CEREALITAS,Desayuno y merienda,Galletitas saladas y de arroz,""
7791102054505,GALL COOPE CRACKERS SALVA,COOPERATIVA,Desayuno y merienda,Galletitas saladas y de arroz,""
7792180146106,GALL CRUJITAS QUESO,9DORO,Desayuno y merienda,Galletitas saladas y de arroz,""
7790040154858,GALL HOGAREÑAS SALVADO,HOGAREÑAS,Desayuno y merienda,Galletitas saladas y de arroz,""
7790040154865,GALL HOGAREÑAS SALVADO,HOGAREÑAS,Desayuno y merienda,Galletitas saladas y de arroz,""
7790412002084,GALL LEIVA SALV TRIPACK,LEIVA,Desayuno y merienda,Galletitas saladas y de arroz,""
7798141972524,GALL P PRECIO SAND CLASIC,PRIMER PRECIO,Desayuno y merienda,Galletitas saladas y de arroz,""
7792180007346,GALL PASEO CRACKER MULTIC,PASEO,Desayuno y merienda,Galletitas saladas y de arroz,""
7792683501204,GALL S SAL P PCIO TRIPACK,PRIMER PRECIO,Desayuno y merienda,Galletitas saladas y de arroz,""
7790412001315,GALL S/SAL LEIVA TRIPACK,LEIVA,Desayuno y merienda,Galletitas saladas y de arroz,""
7790412000981,GALL SAND LEIVA TRIPACK,LEIVA,Desayuno y merienda,Galletitas saladas y de arroz,""
7790580716707,GALL SNACKS JAMON,SALAD,Desayuno y merienda,Galletitas saladas y de arroz,""
7792180007285,GALL.MINI CRACKERS PASEO C/SESAMO BSA 300 GRM,PASEO,Desayuno y merienda,Galletitas saladas y de arroz,""
7790040142763,GALLE AGUA BALANCE,TRAVI,Desayuno y merienda,Galletitas saladas y de arroz,""
7790040143012,GALLE AGUA SANDWICH,MEDIA,Desayuno y merienda,Galletitas saladas y de arroz,""
7790538009561,GALLE ARROZ CON SAL,ARROC,Desayuno y merienda,Galletitas saladas y de arroz,""
8480017289056,GALLE CRACK MULTICER,DIA,Desayuno y merienda,Galletitas saladas y de arroz,""
7791120104954,GALLE CRACKER ARROZ,MOLIN,Desayuno y merienda,Galletitas saladas y de arroz,""
7792180145444,GALLE CRACKER QUESO,PASEO,Desayuno y merienda,Galletitas saladas y de arroz,""
8480017299475,GALLE CRACKERS,DIA,Desayuno y merienda,Galletitas saladas y de arroz,""
8480017304322,GALLE CRACKERS SALVA,CUQUE,Desayuno y merienda,Galletitas saladas y de arroz,""
7790040136083,GALLE SALADA C/SESAM,HOGAR,Desayuno y merienda,Galletitas saladas y de arroz,""
7790040143944,GALLE SALADA QUESO,TRAVIATA,Desayuno y merienda,Galletitas saladas y de arroz,""
7790040719804,GALLE SALADAS CRACKE,REX,Desayuno y merienda,Galletitas saladas y de arroz,""
7790040132955,GALLE SALVADO,HOGAR,Desayuno y merienda,Galletitas saladas y de arroz,""
7798187760154,GALLES ALGAR. PAS Y GIR ZAFRAN X 150 GRS PAQ-150-gr.,ZAFRÁN,Desayuno y merienda,Galletitas saladas y de arroz,""
7790538009516,GALLET ARROZ 3 CEREA,ARROC,Desayuno y merienda,Galletitas saladas y de arroz,""
7790040144088,GALLET CRACKERS SAND,TRAVIATA,Desayuno y merienda,Galletitas saladas y de arroz,""
7792180006448,GALLETA CRACKER,PASEO,Desayuno y merienda,Galletitas saladas y de arroz,""
7798033900161,GALLETA MARINERA DE MESA DON PANCHO X 220 GRS,DON PANCHO,Desayuno y merienda,Galletitas saladas y de arroz,""
7798033900208,GALLETA MARINERA LIGHT DON PANCHO X 220 GRS,DON PANCHO,Desayuno y merienda,Galletitas saladas y de arroz,""
7790040143920,GALLETA SALADA REX,TRAVI,Desayuno y merienda,Galletitas saladas y de arroz,""
7790040136069,GALLETAS 7 SEMILLAS,HOGAR,Desayuno y merienda,Galletitas saladas y de arroz,""
7791696011083,GALLETAS CON SEMILLA,"",Desayuno y merienda,Galletitas saladas y de arroz,""
7790538010321,GALLETAS DE ARROZ,MACRO,Desayuno y merienda,Galletitas saladas y de arroz,""
7790070418401,GALLETAS DE ARROZ CRACKEADAS GALLO X 100 GRS,GALLO SNACKS,Desayuno y merienda,Galletitas saladas y de arroz,""
7790503198702,"GALLETAS DE ARROZ DULC EXT. FINA, DOS HERMANOS, 100 gr",DOS HERMANOS,Desayuno y merienda,Galletitas saladas y de arroz,""
7790503000364,GALLETAS DE ARROZ DULCES DOS HERMANOS X 120 GRS,DOS HERMANOS,Desayuno y merienda,Galletitas saladas y de arroz,""
7790503198696,GALLETAS DE ARROZ SALADA SLIM DOS HERMANOS X 100GR,DOS HERMANOS,Desayuno y merienda,Galletitas saladas y de arroz,""
7798157740117,GALLETAS MARINERAS LINO/CHIA RIANITOS X 170 GRS,RIANITOS,Desayuno y merienda,Galletitas saladas y de arroz,""
7798157740094,GALLETAS MARINERAS RIANITOS BSA BOLSA X 170 GRS,RIANITOS,Desayuno y merienda,Galletitas saladas y de arroz,""
7790040136106,"GALLETAS MIX DE CEREALES X3U, HOGAREÑAS, 555 gr",HOGAREÑAS,Desayuno y merienda,Galletitas saladas y de arroz,""
7790040143937,GALLETAS SALADAS,TRAVIATA,Desayuno y merienda,Galletitas saladas y de arroz,""
7790045827740,"GALLETAS SIN SAL, GRANIX, 600 gr",GRANIX,Desayuno y merienda,Galletitas saladas y de arroz,""
7792180007315,GALLETITAS 5 SEMILLA,PASEO,Desayuno y merienda,Galletitas saladas y de arroz,""
7792180006455,GALLETITAS C/SALVADO,PASEO,Desayuno y merienda,Galletitas saladas y de arroz,""
7792180145437,GALLETITAS CRACKER PIZZA PASEO X 250 GRS,PASEO,Desayuno y merienda,Galletitas saladas y de arroz,""
7790040136250,GALLETITAS CRACKER SALVADO BAGLEY X 169 GRS,BAGLEY,Desayuno y merienda,Galletitas saladas y de arroz,""
7790040143586,GALLETITAS CRACKERS,MEDIA,Desayuno y merienda,Galletitas saladas y de arroz,""
8480017304315,GALLETITAS CRACKERS,CUQUE,Desayuno y merienda,Galletitas saladas y de arroz,""
7790045001133,GALLETITAS CRACKERS GRANIX X 200 GRS,GRANIX,Desayuno y merienda,Galletitas saladas y de arroz,""
7790040150270,"GALLETITAS CRACKERS KESITAS X3, TRAVIATA, 288 gr",TRAVIATA,Desayuno y merienda,Galletitas saladas y de arroz,""
7790045004912,"GALLETITAS CRACKERS LIGHT S/SAL, GRANIX, 360 gr",GRANIX,Desayuno y merienda,Galletitas saladas y de arroz,""
7790040946200,GALLETITAS CRACKERS MAS GRANDES CRIOLLITAS 3 X169G,CRIOLLITAS,Desayuno y merienda,Galletitas saladas y de arroz,""
7798082744518,GALLETITAS CRACKERS ORIGINAL TIA MARUCA PAQ 318 GRM,TIA MARUCA,Desayuno y merienda,Galletitas saladas y de arroz,""
7790040946408,GALLETITAS CRACKERS S SAL CRIOLLITAS 3 X 169GR,CRIOLLITAS,Desayuno y merienda,Galletitas saladas y de arroz,""
7792180007254,GALLETITAS CRACKERS S SAL PASEO X 300 GRS,PASEO,Desayuno y merienda,Galletitas saladas y de arroz,""
7790070417213,GALLETITAS DE ARROZ QUESO GALLO SNACKS X 100 GRS,GALLO SNACKS,Desayuno y merienda,Galletitas saladas y de arroz,""
7790045824879,GALLETITAS DE SALVADO GRANIX SIN SAL LIGHT PAQ 410 GRM,GRANIX,Desayuno y merienda,Galletitas saladas y de arroz,""
7793450000128,GALLETITAS HOJALDRE TRIANGULITOS HOJALMAR X 150 G,HOJALMAR,Desayuno y merienda,Galletitas saladas y de arroz,""
7798033900154,"GALLETITAS MARINERAS S/SAL, DON PANCHO, 220 gr",DON PANCHO,Desayuno y merienda,Galletitas saladas y de arroz,""
7797330102377,GALLETITAS MULTICEREAL S SAL GRANDIET X 100 GR,GRANDIET,Desayuno y merienda,Galletitas saladas y de arroz,""
7790040377707,GALLETITAS ORIGINAL CRIOLLITAS X 100 GRS,CRIOLLITAS,Desayuno y merienda,Galletitas saladas y de arroz,""
7798181510229,GALLETITAS S TACC MIX SEMILLAS SMAMS X 150 GRS,SMAMS,Desayuno y merienda,Galletitas saladas y de arroz,""
7790412001919,"GALLETITAS S/SAL MARINERAS X3U, LEIVA, 330 gr",LEIVA,Desayuno y merienda,Galletitas saladas y de arroz,""
7790040144125,"GALLETITAS SALADAS SABOR ORIGINAL, REX, 225 gr",REX,Desayuno y merienda,Galletitas saladas y de arroz,""
7622201746032,GALLETITAS SALVADO CEREALITAS 3 X 624 GRS,CEREALITAS,Desayuno y merienda,Galletitas saladas y de arroz,""
7790045826200,GALLETITAS SALVADO GRANIX X 240 GRS,GRANIX,Desayuno y merienda,Galletitas saladas y de arroz,""
7790040132962,GALLETITAS SALVADO HOGARENAS X 200 GRS,HOGARENAS,Desayuno y merienda,Galletitas saladas y de arroz,""
7790045826095,GALLETITAS SALVADO S SAL GRANIX X 230 GRS,GRANIX,Desayuno y merienda,Galletitas saladas y de arroz,""
7798082744778,GALLETITAS SALVADO TIA MARUCUA 3 X 210 GRS,TIA MARUCA,Desayuno y merienda,Galletitas saladas y de arroz,""
7790045826231,"GALLETITAS SALVADO X3U, GRANIX, 720 gr",GRANIX,Desayuno y merienda,Galletitas saladas y de arroz,""
7790040144071,GALLETITAS SANDWICH TRAVIATA X 108 GRS,TRAVIATA,Desayuno y merienda,Galletitas saladas y de arroz,""
7790045001379,"GALLETITAS SANDWICH X3U., GRANIX, 600 gr",GRANIX,Desayuno y merienda,Galletitas saladas y de arroz,""
0076625211978,Galle Arroz RISKYDIT Cuadra Semilla 100g PAQ-90-gr.,RISKI-DIT,Desayuno y merienda,Galletitas saladas y de arroz,""
0076625212029,Galleta Arroz RISKYDIT Redond c/sal 100g PAQ-150-gr.,RISKI-DIT,Desayuno y merienda,Galletitas saladas y de arroz,""
0076625212012,Galleta Arroz RISKYDIT Redond s/sal 100g PAQ-100-gr.,RISKI-DIT,Desayuno y merienda,Galletitas saladas y de arroz,""
7793450000920,Galleta HOJALMAR Veggie Triangulitox150g PAQ-150-gr.,HOJALMAR,Desayuno y merienda,Galletitas saladas y de arroz,""
7790412000967,Galleta LEIVA Salvado x345g PAQ-345-gr.,LEIVA,Desayuno y merienda,Galletitas saladas y de arroz,""
7790412001971,Galleta LEIVA Salvado x345g PAQ-345-gr.,LEIVA,Desayuno y merienda,Galletitas saladas y de arroz,""
0076625212005,Galleta de Arroz RISKYDIT Dulce 100g PAQ-150-gr.,RISKI-DIT,Desayuno y merienda,Galletitas saladas y de arroz,""
7794529041592,Galleta de arroz BREVISS Sin Tacc PAQ-110-gr.,BREVISS,Desayuno y merienda,Galletitas saladas y de arroz,""
7792200020287,Galletas marineras PASEO Mini PAQ-220-gr.,PASEO,Desayuno y merienda,Galletitas saladas y de arroz,""
7622201745981,Galletita CEREALITAS Salvado x208g PCK-208-gr.,CEREALITAS,Desayuno y merienda,Galletitas saladas y de arroz,""
7790040136090,Galletitas HOGAREÑAS Mix de cereal x185g PAQ-185-gr.,HOGAREÑAS,Desayuno y merienda,Galletitas saladas y de arroz,""
7790263119337,Galletitas OKEBON MOLINO NATURAL Avena y PAQ-232-gr.,OKEBON,Desayuno y merienda,Galletitas saladas y de arroz,""
7790263119641,Galletitas OKEBON MOLINO NATURAL Avena y PAQ-232-gr.,MOLINO NATURAL,Desayuno y merienda,Galletitas saladas y de arroz,""
7790263119290,Galletitas OKEBON MOLINO NATURAL Avena y PAQ-236-gr.,OKEBON,Desayuno y merienda,Galletitas saladas y de arroz,""
7790263119627,Galletitas OKEBON MOLINO NATURAL Avena y PAQ-236-gr.,OKEBON,Desayuno y merienda,Galletitas saladas y de arroz,""
7790263119313,Galletitas OKEBON MOLINO NATURAL Avena y PAQ-240-gr.,OKEBON,Desayuno y merienda,Galletitas saladas y de arroz,""
7790263119634,Galletitas OKEBON MOLINO NATURAL Avena y PAQ-240-gr.,MOLINO NATURAL,Desayuno y merienda,Galletitas saladas y de arroz,""
7790263119351,Galletitas OKEBON MOLINO NATURAL Semilla PAQ-231-gr.,OKEBON,Desayuno y merienda,Galletitas saladas y de arroz,""
7790263119658,Galletitas OKEBON MOLINO NATURAL Semilla PAQ-231-gr.,MOLINO NATURAL,Desayuno y merienda,Galletitas saladas y de arroz,""
8008698002049,Galletitas Saladas SCHAR Saltí p/ celiac PAQ-175-gr.,SCHAR,Desayuno y merienda,Galletitas saladas y de arroz,""
7790045001195,Galletitas frutigran salvado x 250 gr PAQ-250-gr.,FRUTIGRAN,Desayuno y merienda,Galletitas saladas y de arroz,""
7798120180803,MANIN TOS ARZ 120G,MANIERI,Desayuno y merienda,Galletitas saladas y de arroz,""
7798120540768,MARINERA ORIGINAL,"",Desayuno y merienda,Galletitas saladas y de arroz,""
7798033900413,MARINERAS P PCIO S/SAL,PRIMER PRECIO,Desayuno y merienda,Galletitas saladas y de arroz,""
7798033900437,MARINERAS P PCIO SEMILLAS,PRIMER PRECIO,Desayuno y merienda,Galletitas saladas y de arroz,""
7798157740070,"MINI BIZCOCHOS OLIVA & PARMESANA, RIANITOS, 200 gr",RIANITOS,Desayuno y merienda,Galletitas saladas y de arroz,""
8480017254108,MINI CRACKERS SALVAD,DIA,Desayuno y merienda,Galletitas saladas y de arroz,""
8480017254009,MINI CRACKERS SEMILL,DIA,Desayuno y merienda,Galletitas saladas y de arroz,""
7792180136329,PASEO CRACKERS ZAPAL,PASEO,Desayuno y merienda,Galletitas saladas y de arroz,""
7790040129634,SALADIX CROSS ORIGINAL 67GR,SALADIX,Desayuno y merienda,Galletitas saladas y de arroz,""
8480017196422,SNACK ARROZ JAMON,DIA,Desayuno y merienda,Galletitas saladas y de arroz,""
8480017300171,SNACK ARROZ QUESO,DIA,Desayuno y merienda,Galletitas saladas y de arroz,""
8480017300317,SNACK DE ARROZ PIZZA,DIA,Desayuno y merienda,Galletitas saladas y de arroz,""
7798033900253,SNACK MINI ARROZ CARAMEL DON PANCHO X 45 GR,DON PANCHO,Desayuno y merienda,Galletitas saladas y de arroz,""
7790503199150,SNACKS DE ARROZ SABOR PIZZA DOS HERMANOS X 80 GRS,DOS HERMANOS,Desayuno y merienda,Galletitas saladas y de arroz,""
0617308824117,Shiva Mediterraneas x 100 g SIN TACC PAQ-100-gr.,SHIVA,Desayuno y merienda,Galletitas saladas y de arroz,""
0724751091888,Snack Arroz RISKYDIT Crema&Ciboulett 50g CJA-50-gr.,RISKI-DIT,Desayuno y merienda,Galletitas saladas y de arroz,""
0076625233048,Snack de Arroz RISKYDIT Queso 50g CJA-50-gr.,RISKI-DIT,Desayuno y merienda,Galletitas saladas y de arroz,""
7798228640407,Snacks de arroz Crowie Jamón Serrano x 5 BSA-50-gr.,CROWIE,Desayuno y merienda,Galletitas saladas y de arroz,""
7798228640414,Snacks de arroz Crowie Pizza x 50g BSA-50-gr.,CROWIE,Desayuno y merienda,Galletitas saladas y de arroz,""
8480017275059,TABLITAS CLASICAS,DIA,Desayuno y merienda,Galletitas saladas y de arroz,""
7795735000106,TALITAS TRADICIONALE,DONSA,Desayuno y merienda,Galletitas saladas y de arroz,""
7791102049921,TOST ARROZ COOPE CLASICA,COOPERATIVA,Desayuno y merienda,Galletitas saladas y de arroz,""
7791102049938,TOST ARROZ ECOOP S/SAL AG,ECOOP,Desayuno y merienda,Galletitas saladas y de arroz,""
7791102053775,TOST ARROZ ECOOP SEMILLAS,ECOOP,Desayuno y merienda,Galletitas saladas y de arroz,""
7791120098109,TOST DE ARROZ INTEGR,MOLIN,Desayuno y merienda,Galletitas saladas y de arroz,""
8480017255426,TOST DE ARROZ S/SAL,DIA,Desayuno y merienda,Galletitas saladas y de arroz,""
7790412000288,TOST LEIVA ARROZ DULCES,LEIVA,Desayuno y merienda,Galletitas saladas y de arroz,""
7790412002107,TOST LEIVA ARROZ INTEG,LEIVA,Desayuno y merienda,Galletitas saladas y de arroz,""
0656750790472,TOST P PCIO ARROZ CLAS,PRIMER PRECIO,Desayuno y merienda,Galletitas saladas y de arroz,""
7790412000271,TOSTADA ARROZ CLASICAS,LEIVA,Desayuno y merienda,Galletitas saladas y de arroz,""
7791120104879,TOSTADAS VEGGIE ARROZ GARB MAI MOLINOS ALA X100GRS,MOLINOS ALA,Desayuno y merienda,Galletitas saladas y de arroz,""
0656750790489,TOSTADITA P PCIO ARROZ CL,PRIMER PRECIO,Desayuno y merienda,Galletitas saladas y de arroz,""
7790503000333,TOSTADITAS ARROZ SALADA DOS HERMANOS X 120 GR,DOS HERMANOS,Desayuno y merienda,Galletitas saladas y de arroz,""
7790503000326,TOSTADITAS DE ARROZ S SAL DOS HERMANOS X 120GR,DOS HERMANOS,Desayuno y merienda,Galletitas saladas y de arroz,""
7798200050019,TOSTADITAS S TACC DE ARROZ CRACKINES X 120 GRS,CRACKINES,Desayuno y merienda,Galletitas saladas y de arroz,""
7798125810446,TOSTEX SEMILLAS 125G,TOSTEX,Desayuno y merienda,Galletitas saladas y de arroz,""
7790071080218,Tosta Arroz Clási Lib RIERA S/TAC12x150g PCK-150-gr.,RIERA,Desayuno y merienda,Galletitas saladas y de arroz,""
0076625212036,Tostada Arroz RISKYDIT Semilla mini 100g CJA-150-gr.,RISKI-DIT,Desayuno y merienda,Galletitas saladas y de arroz,""
7798142880026,Tostadas Arroz Carilo Sin Sal BSA-150-gr.,CARILÓ,Desayuno y merienda,Galletitas saladas y de arroz,""
0076625212043,Tostadas Arroz RISKYDIT Mini Clasic 100g CJA-150-gr.,RISKI-DIT,Desayuno y merienda,Galletitas saladas y de arroz,""
7791120102868,Tostadas MOLINOS ALA Veggie 150g BSA-150-gr.,MOLINOS ALA,Desayuno y merienda,Galletitas saladas y de arroz,""
0076625212074,Tostadas de Arroz RISKYDIT Clasicas 150g CJA-150-gr.,RISKI-DIT,Desayuno y merienda,Galletitas saladas y de arroz,""
0076625212050,Tostadas de Arroz RISKYDIT Dulce 150g CJA-150-gr.,RISKI-DIT,Desayuno y merienda,Galletitas saladas y de arroz,""
7794529041813,cracker de arroz TOSTI clasica x110g BOB-114-gr.,TOSTI,Desayuno y merienda,Galletitas saladas y de arroz,""
7791476005936,crocante EGRAN Inflado PAQ-60-gr.,EGRAN,Desayuno y merienda,Galletitas saladas y de arroz,""
7791476005943,crocante EGRAN Inflado PAQ-60-gr.,EGRAN,Desayuno y merienda,Galletitas saladas y de arroz,""
7798082000461,gal ARROZEN cuad. con sal PAQ-110-gr.,ARROZEN,Desayuno y merienda,Galletitas saladas y de arroz,""
7798082000485,gal ARROZEN cuad. dulces PAQ-110-gr.,ARROZEN,Desayuno y merienda,Galletitas saladas y de arroz,""
7790538009707,galletas ARROCITAS De arroz Dulces PAQ-101-gr.,ARROCITAS,Desayuno y merienda,Galletitas saladas y de arroz,""
7790538009615,galletas MACROBIOTICA Dulce PAQ-102-gr.,MACROBIOTICA,Desayuno y merienda,Galletitas saladas y de arroz,""
7798082001024,galletitas ARROZEN Coco CJA-200-gr.,ARROZEN,Desayuno y merienda,Galletitas saladas y de arroz,""
7798082000126,galletitas ARROZEN Integral con sal PAQ-100-gr.,ARROZEN,Desayuno y merienda,Galletitas saladas y de arroz,""
7798082000140,galletitas ARROZEN Integral dulce PAQ-100-gr.,ARROZEN,Desayuno y merienda,Galletitas saladas y de arroz,""
7798082000133,galletitas ARROZEN Integral sin sal PAQ-100-gr.,ARROZEN,Desayuno y merienda,Galletitas saladas y de arroz,""
7790045825401,galletitas FRUTIGRAN Sesam/amaran/giras PAQ-240-gr.,FRUTIGRAN,Desayuno y merienda,Galletitas saladas y de arroz,""
7797330004725,galletitas GRANDIET De arroz y maíz PAQ-100-gr.,GRANDIET,Desayuno y merienda,Galletitas saladas y de arroz,""
7791708001408,zigrinatos VENEZIANA PAQ-180-gr.,VENEZIANA,Desayuno y merienda,Galletitas saladas y de arroz,""
773166,BATATA CHOC DULCOR TRZFFL,DULCOR,Desayuno y merienda,Mermeladas y dulces,""
938947,BATATA DULCOR REFRIG,DULCOR,Desayuno y merienda,Mermeladas y dulces,""
773158,BATATA DULCOR TRZ/FFL,DULCOR,Desayuno y merienda,Mermeladas y dulces,""
2509649000009,D BATATA ARCOR X KG.,ARCOR,Desayuno y merienda,Mermeladas y dulces,""
710184,DCE BATATA LA CAMPAGNOLA,LA CAMPAGNOLA,Desayuno y merienda,Mermeladas y dulces,""
2046905000002,DCE. BATATA LATA EMMETH XKG,EMETH,Desayuno y merienda,Mermeladas y dulces,""
212252,DCE/BATATA BLASON PERS,BLASON,Desayuno y merienda,Mermeladas y dulces,""
114225,DCE/BATATA ESNAOLA PERS,ESNAOLA,Desayuno y merienda,Mermeladas y dulces,""
7791451801157,DULCE BATATA C/CACAO,ESNAOLA,Desayuno y merienda,Mermeladas y dulces,""
2509272000001,DULCE BATATA CON CACAO SERRA X KG,SERRA,Desayuno y merienda,Mermeladas y dulces,""
2509871000006,DULCE BATATA VAINILLA C CACAO DULCOR X KG,DULCOR,Desayuno y merienda,Mermeladas y dulces,""
2509832000007,DULCE BATATA VAINILLA C CACAO ESNAOLA X KG,ESNAOLA,Desayuno y merienda,Mermeladas y dulces,""
2509870000007,DULCE BATATA VAINILLA DULCOR X KG,DULCOR,Desayuno y merienda,Mermeladas y dulces,""
2509831000008,DULCE BATATA VAINILLA ESNAOLA X KG,ESNAOLA,Desayuno y merienda,Mermeladas y dulces,""
2508177000000,DULCE DE BATATA CON VAINILLA FORNERO X KG,FORNERO,Desayuno y merienda,Mermeladas y dulces,""
2508187000007,DULCE DE MEMBRILLO FORNERO X KG.,FORNERO,Desayuno y merienda,Mermeladas y dulces,""
2509872000005,DULCE MEMBRILLO DULCOR X KG,DULCOR,Desayuno y merienda,Mermeladas y dulces,""
2509833000006,DULCE MEMBRILLO ESNAOLA X KG,ESNAOLA,Desayuno y merienda,Mermeladas y dulces,""
2509270000003,DULCE MEMBRILLO SERRA X KG,SERRA,Desayuno y merienda,Mermeladas y dulces,""
7790412000950,LEIVA MIEL 360G,LEIVA,Desayuno y merienda,Mermeladas y dulces,""
7793704000836,LIEBIG MIEL X 500 GR,LIEBIG,Desayuno y merienda,Mermeladas y dulces,""
7798151953254,MANTECA DE MANI NATU,MANI,Desayuno y merienda,Mermeladas y dulces,""
7793360131547,MERMELADA CIRUELA BC,LA CA,Desayuno y merienda,Mermeladas y dulces,""
7790580132170,MERMELADA DAMASCO,ARCOR,Desayuno y merienda,Mermeladas y dulces,""
7790580132163,MERMELADA DURAZNO,ARCOR,Desayuno y merienda,Mermeladas y dulces,""
7793046008415,MERMELADA DURAZNO,DULCO,Desayuno y merienda,Mermeladas y dulces,""
7793360131516,MERMELADA DURAZNO BC,LACAM,Desayuno y merienda,Mermeladas y dulces,""
7791102004371,MIEL COOPERATIVA FCO,COOPERATIVA,Desayuno y merienda,Mermeladas y dulces,""
7799054057520,MIEL CREMOSA NAT X 500 GR,NAT,Desayuno y merienda,Mermeladas y dulces,""
0648260489991,MIEL CREMOSA ORGANICA MONTECITOS X 500 GRS,MONTECITOS,Desayuno y merienda,Mermeladas y dulces,""
7793323004482,MIEL CREMOSA SIN TACC DICOMERE 500G FCO-500-gr.,DICOMERE,Desayuno y merienda,Mermeladas y dulces,""
8480017240507,MIEL DE ABEJAS,DIA,Desayuno y merienda,Mermeladas y dulces,""
7798049470047,MIEL ENDUMEL DOY PACK,ENDUMEL,Desayuno y merienda,Mermeladas y dulces,""
7798049470344,MIEL ENDUMEL DOY PACK,ENDUMEL,Desayuno y merienda,Mermeladas y dulces,""
7790158229516,MIEL LIQUIDA,ALELUYA,Desayuno y merienda,Mermeladas y dulces,""
7790158229578,MIEL LIQUIDA ALELUYA POTE X 190 GRS,ALELUYA,Desayuno y merienda,Mermeladas y dulces,""
7790158229561,MIEL LIQUIDA LIMON,ALELUYA,Desayuno y merienda,Mermeladas y dulces,""
7799054057513,MIEL LIQUIDA NAT X 500 GR,NAT,Desayuno y merienda,Mermeladas y dulces,""
7798043540197,MIEL P PCIO POTE,PRIMER PRECIO,Desayuno y merienda,Mermeladas y dulces,""
7798043540203,MIEL P PCIO POTE,PRIMER PRECIO,Desayuno y merienda,Mermeladas y dulces,""
7790158229547,MIEL SIN TACC,ALELUYA,Desayuno y merienda,Mermeladas y dulces,""
7798151952769,Manteca de Maní MANI KING x350gr POT-350-gr.,MANI KING,Desayuno y merienda,Mermeladas y dulces,""
7790158229486,Miel ALELUYA Liq s/TACC Frasc x500g FCO-500-gr.,ALELUYA,Desayuno y merienda,Mermeladas y dulces,""
7790158229493,Miel Aleluya Untable sin tacc X500g FCO-500-gr.,ALELUYA,Desayuno y merienda,Mermeladas y dulces,""
7798165590230,Miel Clasica Premium BEEPURE x500g FCO-500-gr.,BEEPURE,Desayuno y merienda,Mermeladas y dulces,""
7798165590223,Miel Clasica Premium BEEPURE x900g FCO-900-gr.,BEEPURE,Desayuno y merienda,Mermeladas y dulces,""
7798165593538,Miel Cremosa BEEPURE Frasco x300gr FCO-300-gr.,BEEPURE,Desayuno y merienda,Mermeladas y dulces,""
7798165590193,Miel Cremosa Premium BEEPURE x500g FCO-500-gr.,BEEPURE,Desayuno y merienda,Mermeladas y dulces,""
7798165590216,Miel Cremosa Premium BEEPURE x900g FCO-900-gr.,BEEPURE,Desayuno y merienda,Mermeladas y dulces,""
7798181480812,Miel NECTAR DE LOS DIOSES Liquida x150gr PAQ-150-gr.,NECTAR DE LOS DIOSES,Desayuno y merienda,Mermeladas y dulces,""
0656750783993,Miel cremosa ENTRENUTS 500GR FCO-500-gr.,ENTRENUTS,Desayuno y merienda,Mermeladas y dulces,""
7798181480447,NECTAR DE LOS DIOSES,NECTAR,Desayuno y merienda,Mermeladas y dulces,""
7798181481352,NECTAR DE LOS DIOSES,NECTAR,Desayuno y merienda,Mermeladas y dulces,""
7798181481550,NECTAR DP MIEL 250G,NECTAR,Desayuno y merienda,Mermeladas y dulces,""
7798181480515,NECTAR MIEL DOY PACK,NECTAR,Desayuno y merienda,Mermeladas y dulces,""
7798181480973,NECTAR MIEL FRASCO,NECTAR,Desayuno y merienda,Mermeladas y dulces,""
7790380017035,NUCREM CHOCO 170G,NUCREM,Desayuno y merienda,Mermeladas y dulces,""
7798325450015,PAMPA D ORO MIEL CRE,PAMPA D ORO,Desayuno y merienda,Mermeladas y dulces,""
7798325450022,PAMPA D ORO MIEL LIQ,PAMPA D ORO,Desayuno y merienda,Mermeladas y dulces,""
7898024394181,PASTA AVELLANAS,NUTELLA,Desayuno y merienda,Mermeladas y dulces,""
7898024395232,PASTA DE AVELLANAS,NUTEL,Desayuno y merienda,Mermeladas y dulces,""
7798446310083,"PASTA DE MANI PROTEICA CARAMEL, ENTRENUTS, 370 gr",ENTRENUTS,Desayuno y merienda,Mermeladas y dulces,""
7798446310090,"PASTA DE MANI PROTEICA COOKIES, ENTRENUTS, 370 gr",ENTRENUTS,Desayuno y merienda,Mermeladas y dulces,""
7790380026419,PASTA DE MANI UNTABL,MANTE,Desayuno y merienda,Mermeladas y dulces,""
0736684208714,PASTA MANI ENTRENUT CACAO,ENTRENUTS,Desayuno y merienda,Mermeladas y dulces,""
0736684208721,PASTA MANI ENTRENUTS COCO,ENTRENUTS,Desayuno y merienda,Mermeladas y dulces,""
0656750783924,PASTA MANI ENTRENUTS STEV,ENTRENUTS,Desayuno y merienda,Mermeladas y dulces,""
7798325450039,PDO MIEL CREMOSA,PAMPA D ORO,Desayuno y merienda,Mermeladas y dulces,""
7798325450046,PDO MIEL LIQUIDA,PAMPA D ORO,Desayuno y merienda,Mermeladas y dulces,""
7798116140071,PROD A BASE DE MIEL OSITO,LAGO EPECUEN,Desayuno y merienda,Mermeladas y dulces,""
7792052178259,Pasta de avellana Cuisine & Co FCO-350-gr.,CUISINE & CO IMPO,Desayuno y merienda,Mermeladas y dulces,""
7790580133344,RELLENO BLOCK UNTABL,COFLE,Desayuno y merienda,Mermeladas y dulces,""
7790580134327,RELLENO UNTABLE BOB,BONOB,Desayuno y merienda,Mermeladas y dulces,""
7790580134341,RELLENO UNTABLE NUT,AGUIL,Desayuno y merienda,Mermeladas y dulces,""
0000080177173,crema NUTELLA De avellanas FCO-350-gr.,NUTELLA,Desayuno y merienda,Mermeladas y dulces,""
7797394001371,crema NUTELLA De avellanas POT-140-gr.,NUTELLA,Desayuno y merienda,Mermeladas y dulces,""
7798049470016,miel ENDUMEL FCO-500-gr.,ENDUMEL,Desayuno y merienda,Mermeladas y dulces,""
7798037310027,miel de abeja SIERRA SAN JAVIER POT-260-gr.,SIERRA SAN JAVIER,Desayuno y merienda,Mermeladas y dulces,""
7798037310034,miel de abeja SIERRA SAN JAVIER POT-350-gr.,SIERRA SAN JAVIER,Desayuno y merienda,Mermeladas y dulces,""
7798037310294,miel de caña Sierra San Javier x 430 g BOT-430-gr.,SIERRA SAN JAVIER,Desayuno y merienda,Mermeladas y dulces,""
0736684208745,miel liquida ENTRENUTS 500GR FCO-500-gr.,ENTRENUTS,Desayuno y merienda,Mermeladas y dulces,""
7790387800067,MATE COC DIAMANTADO,TARAGUI,Desayuno y merienda,Té y mate cocido,""
7793704000744,MATE COCIDO 25UD,PLAYA,Desayuno y merienda,Té y mate cocido,""
7790070508829,"MATE COCIDO EN SAQUITOS, NOBLEZA GAUCHA, 100 cu",NOBLEZA GAUCHA,Desayuno y merienda,Té y mate cocido,""
7790387800081,MATE COCIDO FILTRO DIAMANTADO UNION X 25 UNI,UNION,Desayuno y merienda,Té y mate cocido,""
7790387800050,MATE COCIDO SAQUITO DIAMANTADO TARAGUI X 25 U,TARAGUI,Desayuno y merienda,Té y mate cocido,""
7790070509062,Mate CRUZ DE MALTA Boldo Menta ST x500gr CJA-1-un.,CRUZ DE MALTA,Desayuno y merienda,Té y mate cocido,""
7790070508805,Mate Cocido NOBLEZA GAUCHA saquitos 25u CJA-25-un.,NOBLEZA GAUCHA,Desayuno y merienda,Té y mate cocido,""
7790070508812,Mate Cocido NOBLEZA GAUCHA saquitos 50u CJA-50-un.,NOBLEZA GAUCHA,Desayuno y merienda,Té y mate cocido,""
7790150310267,TE BOLDO EN SOBRES LA VIRGINIA X 25 UNI,LA VIRGINIA,Desayuno y merienda,Té y mate cocido,""
7790480008254,TE CLASICO,GREEN HILLS,Desayuno y merienda,Té y mate cocido,""
7790480008261,TE CLASICO,GREEN HILLS,Desayuno y merienda,Té y mate cocido,""
7790387800142,TE DIAMANTADO EN SAQ,TARAGUI,Desayuno y merienda,Té y mate cocido,""
7798104307905,TE EARL GREY PETALOS DE ROSA SAQ SOB INTI ZEN X15U,INTI ZEN,Desayuno y merienda,Té y mate cocido,""
7790170924642,"TE EN SAQUITOS BOLDO, LA MORENITA, 20 cu",LA MORENITA,Desayuno y merienda,Té y mate cocido,""
7792280000377,"TE EN SAQUITOS MANZANILLA, CACHAMAI, 20 cu",CACHAMAI,Desayuno y merienda,Té y mate cocido,""
7790150321065,"TE EN SAQUITOS TILO,MANZAN Y CEDRON, LA VIRGINIA, 25 cu",LA VIRGINIA,Desayuno y merienda,Té y mate cocido,""
7792280002753,"TE EN SAQUITOS VERDE, CACHAMAI, 20 cu",CACHAMAI,Desayuno y merienda,Té y mate cocido,""
7790387800159,"TE EN SAQUITOS, TARAGUI, 100 cu",TARAGUI,Desayuno y merienda,Té y mate cocido,""
7790150355084,TE ESPECIAL VERDE,LA VIRGINIA,Desayuno y merienda,Té y mate cocido,""
7798008290648,TE FRUTOS BOSQUE ENSOBRADO SAINT GOTTARD X 20 UNI,SAINT GOTTARD,Desayuno y merienda,Té y mate cocido,""
7798104308483,TE HERBAL MIX INTI ZEN X 15 UNI,INTI ZEN,Desayuno y merienda,Té y mate cocido,""
7790150210000,TE INTENSO LA VIRGINIA X 20 UN,LA VIRGINIA,Desayuno y merienda,Té y mate cocido,""
7790387000122,TE INTERNACIONAL EN SAQ EN SOBRE TARAGUI X 25 UNI,TARAGUI,Desayuno y merienda,Té y mate cocido,""
7790150330166,TE MANZANILLA EN SAQUITOS LA VIRGINIA X 25 UNI,LA VIRGINIA,Desayuno y merienda,Té y mate cocido,""
7790387001426,TE MANZANILLA SILVESTRE SAQ SOBRE TARAGUI X 20 UNI,TARAGUI,Desayuno y merienda,Té y mate cocido,""
7792280000360,TE MENTA EN SAQUITOS SOBRE CACHAMAI X 20 UNI,CACHAMAI,Desayuno y merienda,Té y mate cocido,""
7790387001440,TE MEZCLA HIERBAS SILVESTRE ENSOB TARAGUI X 20 UNI,TARAGUI,Desayuno y merienda,Té y mate cocido,""
7790170926646,TE MORENITA hiervas S/S 20 saquitos EST-30-gr.,MORENITA,Desayuno y merienda,Té y mate cocido,""
7790170929647,TE MORENITA manzanilla S/S 20 saquitos EST-20-gr.,LA MORENITA,Desayuno y merienda,Té y mate cocido,""
7790150211908,TE NATURALI INTACTA,LA VIRGINIA,Desayuno y merienda,Té y mate cocido,""
7790150211939,TE NATURALIDAD INTAC,LA VI,Desayuno y merienda,Té y mate cocido,""
7790170914032,TE NEGRO MORENITA X 5O UNI,MORENITA,Desayuno y merienda,Té y mate cocido,""
7790150250327,TE ROSA MOSQUETA MANSANILLA LA VIRGINIA X 20 UNI,LA VIRGINIA,Desayuno y merienda,Té y mate cocido,""
7790387800227,TE SABORIZADO AVELLANAS TARAGUI X 20 UNI,TARAGUI,Desayuno y merienda,Té y mate cocido,""
7790387800210,TE SABORIZADO VERDE HIGO TARAGUI X 20 UNI,TARAGUI,Desayuno y merienda,Té y mate cocido,""
7790387800135,TE SIN ENSOBR DIAMAN,TARAGUI,Desayuno y merienda,Té y mate cocido,""
7798104300012,TE VERDE CHAI SAQUITOS INTI ZEN X 15 UNI,INTI ZEN,Desayuno y merienda,Té y mate cocido,""
7790480089871,TE VERDE SAQUITOS MOMENTOS GREEN HILLS X 25 UNI,GREEN HILLS,Desayuno y merienda,Té y mate cocido,""
0070177197292,TWININGS E GREY x10,TWININGS,Desayuno y merienda,Té y mate cocido,""
7790150320266,Te LA VIRGINIA Tilo 25saq EST-25-un.,LA VIRGINIA,Desayuno y merienda,Té y mate cocido,""
7790150310281,Te La Virginia BOLDO  50S EST-50-un.,LA VIRGINIA,Desayuno y merienda,Té y mate cocido,""
7790150211953,Te La Virginia Naturalidad intacta x100s EST-100-un.,LA VIRGINIA,Desayuno y merienda,Té y mate cocido,""
7790480089710,TÉ EARL GREY GREEN HILLS CJA X20 SAQ 40 GRM,GREEN HILLS,Desayuno y merienda,Té y mate cocido,""
7792280000353,Té CACHAMAI aromático boldo x 20 un CJA-30-gr.,CACHAMAI,Desayuno y merienda,Té y mate cocido,""
7792280000537,Té CACHAMAI aromático saq tilo x 20 un CJA-20-gr.,CACHAMAI,Desayuno y merienda,Té y mate cocido,""
7790480089727,Té GREEN HILLS English Break x20 Saq CJA-40-gr.,GREEN HILLS,Desayuno y merienda,Té y mate cocido,""
7790480089666,Té GREEN HILLS Frutilla x20 Saquitos CJA-40-gr.,GREEN HILLS,Desayuno y merienda,Té y mate cocido,""
7790480089673,Té GREEN HILLS Limon x 20 Saquitos CJA-40-gr.,GREEN HILLS,Desayuno y merienda,Té y mate cocido,""
7798104307967,Té INTI ZEN en saq 8 blends x 15 un CJA-30-un.,INTI ZEN,Desayuno y merienda,Té y mate cocido,""
7798104307707,Té INTI ZEN en saquitos x 15 un CJA-15-un.,INTI ZEN,Desayuno y merienda,Té y mate cocido,""
7790387001792,Té TARAGUI OC aromático en saquitos CJA-60-gr.,TARAGUI,Desayuno y merienda,Té y mate cocido,""
7790387001785,Té TARAGUI aromático en saquitos CJA-30-gr.,TARAGUI,Desayuno y merienda,Té y mate cocido,""
7790387711929,Té TARAGUÍ en saq internacio earl grey CJA-50-gr.,TARAGUI,Desayuno y merienda,Té y mate cocido,""
7790387010046,Yerba mate TARAGUI en saquitos EST-120-gr.,TARAGUI,Desayuno y merienda,Té y mate cocido,""
7790387010152,Yerba mate UNION en saquitos EST-120-gr.,UNION,Desayuno y merienda,Té y mate cocido,""
7790550000317,Yerba mate yer-vita saquitos CJA-50-un.,YER-VITA,Desayuno y merienda,Té y mate cocido,""
7790550000218,té BIG BEN en saquitos x 50 un CJA-100-gr.,BIG BEN,Desayuno y merienda,Té y mate cocido,""
7790387120363,MATE LISTO TARAGUI X 1 UNI,TARAGUI,Desayuno y merienda,Yerba,""
7793704000911,YERBA,PLAYADITO,Desayuno y merienda,Yerba,""
7792710006450,YERBA AMANDA HIERBAS SERR,AMANDA,Desayuno y merienda,Yerba,""
7792280005785,YERBA CACHAMATE COCO,CACHAMATE,Desayuno y merienda,Yerba,""
7792280000285,YERBA CACHAMATE SUAVE NARANJA X 500 GRS,CACHAMATE,Desayuno y merienda,Yerba,""
7793670000076,YERBA COMPUESTA VERDEFLOR X 1 KG,VERDEFLOR,Desayuno y merienda,Yerba,""
7792280000605,YERBA DEL LITORAL CACHAMATE X 500 GRS,CACHAMATE,Desayuno y merienda,Yerba,""
7790411001958,YERBA EDICION 55ANIV,ROSAM,Desayuno y merienda,Yerba,""
7790710334603,YERBA GUARANÁ LGD,CBSE,Desayuno y merienda,Yerba,""
7790710334535,YERBA HIERBAS SERRAN,CBSE,Desayuno y merienda,Yerba,""
7790710334573,YERBA HIERBAS SERRAN,CBSE,Desayuno y merienda,Yerba,""
7790480089956,YERBA LIVIANA,LATRA,Desayuno y merienda,Yerba,""
7790480089963,YERBA LIVIANA LA TRANQUERA X 1 KG,LA TRANQUERA,Desayuno y merienda,Yerba,""
7790070509123,YERBA MATE,CHAMI,Desayuno y merienda,Yerba,""
7793704000928,YERBA MATE,PLAYA,Desayuno y merienda,Yerba,""
7790387013627,YERBA MATE 4 FLEX,TARAGUI,Desayuno y merienda,Yerba,""
7790387014617,YERBA MATE 4 FLEX,UNION,Desayuno y merienda,Yerba,""
7790387014624,YERBA MATE 4 FLEX,UNION,Desayuno y merienda,Yerba,""
7790387015324,YERBA MATE 4 FLEX,MAÑAN,Desayuno y merienda,Yerba,""
7790387014136,YERBA MATE 4 FLEX LIVIANA UNION X 1 KG,UNION,Desayuno y merienda,Yerba,""
7790387013610,YERBA MATE 4FLEX,TARAGUI,Desayuno y merienda,Yerba,""
7790387015317,YERBA MATE 4FLEX,MAÑAN,Desayuno y merienda,Yerba,""
7790411001941,YERBA MATE 55 ANIVER,ROSAM,Desayuno y merienda,Yerba,""
7792710000052,YERBA MATE AMANDA PREMIUM EST 500 GRM,AMANDA,Desayuno y merienda,Yerba,""
7792280005709,YERBA MATE AMARILLA CACHAMATE PAQUETE X 1KG,CACHAMATE,Desayuno y merienda,Yerba,""
7792280005686,YERBA MATE AMARILLA CACHAMATE PAQUETE X 500 GRS,CACHAMATE,Desayuno y merienda,Yerba,""
7790387015621,YERBA MATE BARBACUA LA MERCED X 500 GRS,LA MERCED,Desayuno y merienda,Yerba,""
7793670000052,YERBA MATE C HIERBAS SERRANAS VERDEFLOR X 500 GRS,VERDEFLOR,Desayuno y merienda,Yerba,""
7790070100375,YERBA MATE C PALO CIMARRON NOBLEZA GAUCHA X 500GRS,NOBLEZA GAUCHA,Desayuno y merienda,Yerba,""
7790387800197,YERBA MATE C/HIERBAS,BUENA,Desayuno y merienda,Yerba,""
7790710334597,"YERBA MATE C/PALO LIMON, CBSE, 500 gr",CBSE,Desayuno y merienda,Yerba,""
7790710334610,"YERBA MATE C/PALO POMELO, CBSE, 500 gr",CBSE,Desayuno y merienda,Yerba,""
7793750009838,"YERBA MATE C/PALO TRADICIONAL, PIPORE, 500 gr",PIPORE,Desayuno y merienda,Yerba,""
7790802000010,"YERBA MATE C/PALO, ROMANCE, 500 gr",ROMANCE,Desayuno y merienda,Yerba,""
7792280000094,YERBA MATE CACHAMATE C/HIERBAS PAMPEANAS PAQ 500 GRM,CACHAMATE,Desayuno y merienda,Yerba,""
7790387015607,YERBA MATE CAMPO ORI,LA MERCED,Desayuno y merienda,Yerba,""
7790387015638,YERBA MATE CAMPO Y MONTE LA MERCED X 500 GRS,LA MERCED,Desayuno y merienda,Yerba,""
7793670000014,YERBA MATE CON BOLDO VERDEFLOR X 500 GRS,VERDEFLOR,Desayuno y merienda,Yerba,""
7793670000670,YERBA MATE CON MENTA VERDEFLOR X 500 GRS,VERDEFLOR,Desayuno y merienda,Yerba,""
7790710334757,YERBA MATE CON PALO,MATEA,Desayuno y merienda,Yerba,""
7790480089949,YERBA MATE ESPEC SUAVE C PALO LA TRANQUERA X 1 KG,LA TRANQUERA,Desayuno y merienda,Yerba,""
7790070507389,YERBA MATE EST NATURAL CRUZ DE MALTA X 500 GRS,CRUZ DE MALTA,Desayuno y merienda,Yerba,""
7790710334702,"YERBA MATE FRUTOS DEL BOSQUE, CBSE, 500 gr",CBSE,Desayuno y merienda,Yerba,""
7792280005693,YERBA MATE HIE DIGES,CACHAMATE,Desayuno y merienda,Yerba,""
7792280005723,YERBA MATE HIERBAS SERRANAS CACHAMATE X 1 KG,CACHAMATE,Desayuno y merienda,Yerba,""
7792280005730,YERBA MATE HIERBAS SERRANAS CACHAMATE X 500 GRS,CACHAMATE,Desayuno y merienda,Yerba,""
7790387015614,YERBA MATE MONTE ORIGEN CONTROLADO LA MERCED X500G,LA MERCED,Desayuno y merienda,Yerba,""
7790070508539,YERBA MATE NATURAL,SALUS,Desayuno y merienda,Yerba,""
7792280005716,YERBA MATE ROSA CACHAMATE PAQUETE X 1 KG,CACHAMATE,Desayuno y merienda,Yerba,""
7790411000050,YERBA MATE ROSAMONTE PAQ 500 GRM,ROSAMONTE,Desayuno y merienda,Yerba,""
7793704000881,YERBA MATE S/PALO,PLAYA,Desayuno y merienda,Yerba,""
7790411001972,YERBA MATE SAUVE PAQ,NATUR,Desayuno y merienda,Yerba,""
7792710000090,YERBA MATE SEL ESPEC,AMAND,Desayuno y merienda,Yerba,""
7790070507273,YERBA MATE SELECCION,NOBLE,Desayuno y merienda,Yerba,""
7790070507280,YERBA MATE SELECCION,NOBLE,Desayuno y merienda,Yerba,""
7790710334641,YERBA MATE SILUETA NARNJA CBSE CORMILLOT X 500 GRS,CBSE,Desayuno y merienda,Yerba,""
7790387013504,YERBA MATE SIN PALO 4FLEX TARAGUI X 500 GRS,TARAGUI,Desayuno y merienda,Yerba,""
7792710000380,YERBA MATE SIN PALO AMANDA X 500 GRS,AMANDA,Desayuno y merienda,Yerba,""
7790070509048,YERBA MATE SIN TACC,CRUZD,Desayuno y merienda,Yerba,""
7790070509055,YERBA MATE SIN TACC,CRUZ DE MALTA,Desayuno y merienda,Yerba,""
7790070509017,YERBA MATE SUAVE,CHAMI,Desayuno y merienda,Yerba,""
7790802000164,YERBA MATE SUAVE,ROMAN,Desayuno y merienda,Yerba,""
7792710006436,YERBA MATE SUAVE,AMAND,Desayuno y merienda,Yerba,""
7792710006443,YERBA MATE SUAVE AMANDA X 1 KG,AMANDA,Desayuno y merienda,Yerba,""
7790387014143,YERBA MATE UNION LIVIANA X 500 GRS,UNION,Desayuno y merienda,Yerba,""
7790710334580,YERBA NARANJA LGD,CBSE,Desayuno y merienda,Yerba,""
7790070508522,YERBA NATURAL,SALUS,Desayuno y merienda,Yerba,""
7793750009821,YERBA PIPORE C/ PALO 1000,PIPORE,Desayuno y merienda,Yerba,""
7793750009784,YERBA PIPORE SUAVE CLASIC,PIPORE,Desayuno y merienda,Yerba,""
7790411001514,YERBA ROSAMONTE SUA PLUS,ROSAMONTE,Desayuno y merienda,Yerba,""
7790480089734,YERBA SELEC ESPECIAL,LA TR,Desayuno y merienda,Yerba,""
7790710334634,YERBA SILUETA LGD,CBSE,Desayuno y merienda,Yerba,""
7790411001989,YERBA SUAVE ED 55 AN,ROSAM,Desayuno y merienda,Yerba,""
7790070509109,YERBA SUAVE SIN TACC,NOBLEZA GAUCHA,Desayuno y merienda,Yerba,""
7790070509116,YERBA SUAVE SIN TACC,NOBLE,Desayuno y merienda,Yerba,""
7792710000175,YERBA TRADICIONAL,AMANDA,Desayuno y merienda,Yerba,""
7792710000182,YERBA TRADICIONAL,AMANDA,Desayuno y merienda,Yerba,""
7792280006140,YERBA TRADICIONAL ESTACIONADA CACHAMAI X 500 GRS,CACHAMAI,Desayuno y merienda,Yerba,""
7790710334269,Yerba CBSé H. Serranas Etiqueta Negra CJA-500-gr.,CBSE,Desayuno y merienda,Yerba,""
7792280000612,Yerba Hierbas Serranas x 500g PAQ-500-gr.,CACHAMATE,Desayuno y merienda,Yerba,""
7790710003332,Yerba Mate CBSé JENGIBRE x500 PAQ-500-gr.,CBSE,Desayuno y merienda,Yerba,""
7790070508546,Yerba Salus Hierbas Serranas x 500g PAQ-500-gr.,SALUS,Desayuno y merienda,Yerba,""
7790070508553,Yerba Salus Limón y Menta x 500g PAQ-500-gr.,SALUS,Desayuno y merienda,Yerba,""
7793670400517,Yerba VERDEFLOR Cedron 500grs PAQ-500-gr.,VERDEFLOR,Desayuno y merienda,Yerba,""
7790387015645,Yerba mate La Merced Campo Sur O.C 500G CJA-500-gr.,LA MERCED,Desayuno y merienda,Yerba,""
7790387013498,Yerba mate Taragui 4Flex Sin Palo 1kg LAM-1000-gr.,TARAGUI,Desayuno y merienda,Yerba,""
7793670000632,Yerba mate verdeflor c/palo naranja CJA-500-gr.,VERDEFLOR,Desayuno y merienda,Yerba,""
7790480089932,Yerba Mate LA TRANQUERA Sua Sel Es x500g PAQ-500-gr.,LA TRANQUERA,Desayuno y merienda,Yerba,""
7792710000106,yerba mate Amanda selección especial PAQ-1000-gr.,AMANDA,Desayuno y merienda,Yerba,""
7793704000805,yerba mate LIEBIG con palo Original PAQ-500-gr.,LIEBIG,Desayuno y merienda,Yerba,""
7793704000508,yerba mate PLAYADITO Compuesta c/hierbas PAQ-500-gr.,PLAYADITO,Desayuno y merienda,Yerba,""
7792180145529,9DE ORO ALF CLA 270G,9 DE ORO,Golosinas,Alfajores,""
7790580133641,AGUILA BNO CELE 150G,AGUILA,Golosinas,Alfajores,""
7790580133764,AGUILA BNO ROSA 150G,AGUILA,Golosinas,Alfajores,""
7790580119560,AGUILA GOTA BCO 150G,AGUILA,Golosinas,Alfajores,""
7790580131135,AGUILA POS MOUS 160G,AGUILA,Golosinas,Alfajores,""
7791102072912,ALF COOPE BLANCO DDL,COOPERATIVA,Golosinas,Alfajores,""
7791102072929,ALF COOPE BLANCO MEMBRILL,COOPERATIVA,Golosinas,Alfajores,""
7791102072905,ALF COOPE NEGRO DDL,COOPERATIVA,Golosinas,Alfajores,""
0000077980229,ALF DDL C/BAÑ REPOST,GUAYM,Golosinas,Alfajores,""
0000077980212,ALF DULCE DE LECHE,GUAYM,Golosinas,Alfajores,""
7790380026440,ALF MANTECOL SIMPLE,MANTECOL,Golosinas,Alfajores,""
7790380026464,ALF MANTECOL TRIPLE,MANTECOL,Golosinas,Alfajores,""
7790040137578,ALF MINITORTA DARK,AGUILA,Golosinas,Alfajores,""
7790380023630,ALF TODDY BLANCO MOUSE,TODDY,Golosinas,Alfajores,""
7798171732952,ALF.MIKO RELLENO,MIKO,Golosinas,Alfajores,""
7622202370045,ALF.SIMPLE MILKA EXTDDL B,MILKA,Golosinas,Alfajores,""
7622202370021,ALF.SIMPLE MILKA EXTRA DD,MILKA,Golosinas,Alfajores,""
7790040116610,ALF.TOFI NEGRO,TOFI,Golosinas,Alfajores,""
7622202816437,ALF.TRIPLE SHOT BLANCO PM,SHOT,Golosinas,Alfajores,""
7622202805554,ALF.TRIPLE TERRA BLANCO,TERRABUSI,Golosinas,Alfajores,""
0000077910080,ALF.TURIMAR CHO TRIPLE,TURIMAR,Golosinas,Alfajores,""
0000077911018,ALF.TURIMAR GLA TRIPLE,TURIMAR,Golosinas,Alfajores,""
0000077902320,ALFAJ RELL SAB MANI,FULBI,Golosinas,Alfajores,""
0000077991584,ALFAJ TRIPL MERENGUE,FANTO,Golosinas,Alfajores,""
7790070418289,"ALFAJOR  DE ARROZ BLANCO EST, CHOCOARROZ, 22 gr",CHOCOARROZ,Golosinas,Alfajores,""
7798138290723,ALFAJOR  VAUQUITA JR BLANCO X 55 GR,Vauquita,Golosinas,Alfajores,""
7790070103192,ALFAJOR ARROZ DDL,GALLO,Golosinas,Alfajores,""
7790070418227,ALFAJOR ARROZ DULCE LECHE CHOCOARROZ 6 X 22 GRS,CHOCOARROZ,Golosinas,Alfajores,""
7790070418203,ALFAJOR ARROZ DULCE LECHE CHOCOARROZ X 22 GRS,CHOCOARROZ,Golosinas,Alfajores,""
7790070418241,ALFAJOR ARROZ LIMON CHOCOARROZ X 22 GRS,CHOCOARROZ,Golosinas,Alfajores,""
7790070418326,ALFAJOR ARROZ MARROC CHOCOARROZ X 22 GRS,CHOCOARROZ,Golosinas,Alfajores,""
7790070104410,ALFAJOR ARROZ PISTAC,GALLO,Golosinas,Alfajores,""
0000077909930,ALFAJOR BLANCO,TURIM,Golosinas,Alfajores,""
7792180145406,ALFAJOR BLANCO 9 DE ORO FWP 46 GRM,9 DE ORO,Golosinas,Alfajores,""
7798359560452,ALFAJOR BLANCO DULCE DE LECHE MARLEY X 80 GRS,MARLEY,Golosinas,Alfajores,""
0763571682333,ALFAJOR BLANCO ENTRE DOS X 45 GRS,ENTRE DOS,Golosinas,Alfajores,""
7622300742621,ALFAJOR BLANCO GLASEADO TERRABUSI 6 X 38 GRS,TERRABUSI,Golosinas,Alfajores,""
7790040143630,ALFAJOR BLOCK COFLER 6 X 40.7,COFLER,Golosinas,Alfajores,""
7790040614000,ALFAJOR BOB.NEGRO G.TRIPLE PAQ-60-gr.,BAGLEY,Golosinas,Alfajores,""
7622300457303,ALFAJOR CHOC BCO TRIPLE C MOUSSE MILKA X 55 G,MILKA,Golosinas,Alfajores,""
7790957000538,ALFAJOR CHOCO BLANCO GLACE JORGITO BANDEJA X 6 UNI,JORGITO,Golosinas,Alfajores,""
7790040405608,"ALFAJOR CHOCO C/LECHE TRIPLE, TATIN, 60 gr",TATIN,Golosinas,Alfajores,""
8480017171405,ALFAJOR CHOCOLATE,DIA,Golosinas,Alfajores,""
7790040375000,"ALFAJOR CHOCOLATE 3.0, BAGLEY, 73 gr",BAGLEY,Golosinas,Alfajores,""
7790040991910,"ALFAJOR CHOCOLATE BLANCO 3.0, BAGLEY, 73 gr",BAGLEY,Golosinas,Alfajores,""
7798128000493,ALFAJOR CHOCOLATE BLANCO CACHAFAZ CAJA 6 X 60G,CACHAFAZ,Golosinas,Alfajores,""
7790957002709,ALFAJOR CHOCOLATE BLANCO TRIPLE JORGELIN 3 X 85GRS,JORGELIN,Golosinas,Alfajores,""
7790040152748,"ALFAJOR CHOCOLATE BLANCO TRIPLE, BON O BON, 60 gr",BON O BON,Golosinas,Alfajores,""
7790040405301,"ALFAJOR CHOCOLATE BLANCO TRIPLE, TATIN, 60 gr",TATIN,Golosinas,Alfajores,""
7798128000257,ALFAJOR CHOCOLATE C MOUSSE CACHAFAZ 6 X 50 GRS,CACHAFAZ,Golosinas,Alfajores,""
7622300759490,ALFAJOR CHOCOLATE C MOUSSE MILKA CAJA 6 X 42 GRS,MILKA,Golosinas,Alfajores,""
7798171733089,ALFAJOR CHOCOLATE C/DDL TUKI ALFA PAMPA FWP 70 GRM,ALFA PAMPA,Golosinas,Alfajores,""
7790957000026,ALFAJOR CHOCOLATE JORGITO 6 X 55 GRS,JORGITO,Golosinas,Alfajores,""
7798128000479,ALFAJOR CHOCOLATE NEGRO CACHAFAZ CAJA X 6 UNI,CACHAFAZ,Golosinas,Alfajores,""
0763571682326,ALFAJOR CHOCOLATE NEGRO ENTRE DOS X 45 GRS,ENTRE DOS,Golosinas,Alfajores,""
7622300835620,ALFAJOR CHOCOLATE OREO C DDL TRIPLE MILKA X 55 GRS,MILKA,Golosinas,Alfajores,""
7622202304705,ALFAJOR CHOCOLATE RELLE PASTA DE MANI SHOT X44 GRS,SHOT,Golosinas,Alfajores,""
7622300742584,ALFAJOR CHOCOLATE TERRABUSI 6 X 50 GRS,TERRABUSI,Golosinas,Alfajores,""
0000077939234,ALFAJOR CHOCOLATE TERRABUSI X 50 GRS,TERRABUSI,Golosinas,Alfajores,""
0000077976307,ALFAJOR CHOCOLATE TRIPLE OREO X 56 GRS,OREO,Golosinas,Alfajores,""
0000077903792,ALFAJOR CHOCOLATE TRIPLE TERRABUSI X 70 GRS,TERRABUSI,Golosinas,Alfajores,""
7790040154919,"ALFAJOR CHOCOLATE TRIPLE, TOFI, 73 gr",TOFI,Golosinas,Alfajores,""
7790040613904,"ALFAJOR CHOCOLATE X6, BON O BON, 240 gr",BON O BON,Golosinas,Alfajores,""
7790040143654,"ALFAJOR CHOCOLATE, COFLER BLOCK, 40 gr",COFLER,Golosinas,Alfajores,""
7790040150072,"ALFAJOR CHOCOTORTA, CHOCOTORTA, 71 gr",CHOCOTORTA,Golosinas,Alfajores,""
7792180145390,ALFAJOR CLASICO 9 DE ORO FWP 46 GRM,9 DE ORO,Golosinas,Alfajores,""
7790040143647,ALFAJOR COFLER MOUSSE X40g PAQ-40-gr.,COFLER,Golosinas,Alfajores,""
7790380025191,"ALFAJOR CON PASTA DE MANI, FULL MANI, 40 gr",FULL MANI,Golosinas,Alfajores,""
7790070418302,"ALFAJOR DE ARROZ CHOCOLATE BCO. X6, CHOCOARROZ, 132 gr",CHOCOARROZ,Golosinas,Alfajores,""
7799054060544,ALFAJOR DE ARROZ NAT - FRUTILLA X 28 GR,NAT,Golosinas,Alfajores,""
7799054060506,ALFAJOR DE ARROZ NAT - LIMON X 22 GR,NAT,Golosinas,Alfajores,""
7799054060513,ALFAJOR DE ARROZ NAT - MANI X 28 GR,NAT,Golosinas,Alfajores,""
7799054060520,ALFAJOR DE ARROZ NAT - NEGRO X 22 GR,NAT,Golosinas,Alfajores,""
7798033900529,"ALFAJOR DE ARROZ RELL DDL S/TACC, DONN, 78 gr",DONN,Golosinas,Alfajores,""
7798033900512,"ALFAJOR DE ARROZ RELL.CHOCO S/TACC, DONN, 78 gr",DONN,Golosinas,Alfajores,""
7790070103314,"ALFAJOR DE ARROZ SUPER DDL X6, CHOCOARROZ, 216 gr",CHOCOARROZ,Golosinas,Alfajores,""
7798138290587,ALFAJOR DE ARROZ VAUQUITA DDL X 28 GR,Vauquita,Golosinas,Alfajores,""
7798138290600,ALFAJOR DE ARROZ VAUQUITA LIMON X 28 GR,Vauquita,Golosinas,Alfajores,""
7798138291775,ALFAJOR DE ARROZ VAUQUITA MANI EXTREMO X 45 GR,Vauquita,Golosinas,Alfajores,""
7798138290839,ALFAJOR DE ARROZ VAUQUITA MOUSSE DDL C/BANO BLANCO X 28 GR,Vauquita,Golosinas,Alfajores,""
7798138290778,ALFAJOR DE ARROZ VAUQUITA MOUSSE MARROC  X 28 GR,Vauquita,Golosinas,Alfajores,""
7798138290891,ALFAJOR DE ARROZ VAUQUITA MOUSSE VAIN C/BANO FRUTILLA X 28 GR,Vauquita,Golosinas,Alfajores,""
7790040129764,ALFAJOR DE CHOCOLATE MINI BON O BON 6 X 19.5 GRS,BON O BON,Golosinas,Alfajores,""
7794903232431,ALFAJOR DE CHOCOLATE SOL SERRANO FWP 40 GRM,SOL SERRANO,Golosinas,Alfajores,""
7798138291447,ALFAJOR DE HOJALDRE VAUQUITA X 75 GR,Vauquita,Golosinas,Alfajores,""
7791696010901,ALFAJOR DE MAICENA,CARREFOUR CRISTAL,Golosinas,Alfajores,""
7794903232417,ALFAJOR DULCE DE LECHE SOL SERRANO X 40 GRS,SOL SERRANO,Golosinas,Alfajores,""
7791672002067,ALFAJOR FANTOCHE SIMPLE NIGHT 50g PCH-500-gr.,FANTOCHE,Golosinas,Alfajores,""
7794903232424,ALFAJOR FRUTA SOL SERRANO X 40 GRS,SOL SERRANO,Golosinas,Alfajores,""
7794903232615,ALFAJOR FRUTOS D/BOSQUE SOL SERRANO FWP 40 GRM,SOL SERRANO,Golosinas,Alfajores,""
7622300202859,"ALFAJOR GLACEADO, TERRABUSI, 38 gr",TERRABUSI,Golosinas,Alfajores,""
8480017183507,ALFAJOR GLASEADO,DIA,Golosinas,Alfajores,""
0000077958259,ALFAJOR GLASEADO C DDL ESCOLAR VIMAR X 28 GRS,VIMAR,Golosinas,Alfajores,""
7790957002808,ALFAJOR JORGELIN CHOCOLATE 3 UNI BLI 255 GRM,JORGELIN,Golosinas,Alfajores,""
7790040613706,ALFAJOR LECHE BON O BON X 40 GRS,BON O BON,Golosinas,Alfajores,""
7791672002012,"ALFAJOR MINI CHOCOLATE X 6U., FANTOCHE, 150 gr",FANTOCHE,Golosinas,Alfajores,""
7791672002005,"ALFAJOR MINI DULCE DE LECHE X 6U., FANTOCHE, 150 gr",FANTOCHE,Golosinas,Alfajores,""
7790040133587,"ALFAJOR MINI TORTA CLASICO, AGUILA, 69 gr",AGUILA,Golosinas,Alfajores,""
7790040133600,"ALFAJOR MINI TORTA COCO AGUILA FWP 70,5 GRM",AGUILA,Golosinas,Alfajores,""
7798138290952,ALFAJOR MINI VAUQUITA NEGRO X 35 GR,Vauquita,Golosinas,Alfajores,""
8480017176837,ALFAJOR MOUSSE,DIA,Golosinas,Alfajores,""
7622300759506,ALFAJOR MOUSSE MILKA X 42 GRS,MILKA,Golosinas,Alfajores,""
7790040117143,ALFAJOR NEGRO,TOFI,Golosinas,Alfajores,""
7798359560445,ALFAJOR NEGRO DULCE DE LECHE MARLEY X 80 GRS,MARLEY,Golosinas,Alfajores,""
0736372567703,ALFAJOR PISTACHO,ARBAN,Golosinas,Alfajores,""
7798308250120,ALFAJOR S AZUCAR DDL HAPPY FOOD 3 X 50 GRS,HAPPY FOOD,Golosinas,Alfajores,""
7798308250069,ALFAJOR S TACC DULCE LECHE HAPPY FOOD 3 X 50 GRS,HAPPY FOOD,Golosinas,Alfajores,""
7790070104403,"ALFAJOR SAB/PISTACHO X6, CHOCOARROZ, 168 gr",CHOCOARROZ,Golosinas,Alfajores,""
0000077908308,ALFAJOR SIMPLE,TITA,Golosinas,Alfajores,""
0000077909923,ALFAJOR SIMPLE CHOCO,TURIM,Golosinas,Alfajores,""
7622202296291,ALFAJOR SIN GLUTEN TERRABUSI X 55 GRS,TERRABUSI,Golosinas,Alfajores,""
7798138291539,ALFAJOR SUBLIME TAPAS DE VAUQUITA X 70 GR,Vauquita,Golosinas,Alfajores,""
0000077903860,ALFAJOR TERRABUSI TORTA X 70 GRS,TERRABUSI,Golosinas,Alfajores,""
7790040953703,"ALFAJOR TOFI BCO,21X73G, TOFI, 73 gr",TOFI,Golosinas,Alfajores,""
0000077956699,ALFAJOR TRIPLE CHOCO,SHOT,Golosinas,Alfajores,""
0000077991577,ALFAJOR TRIPLE CHOCO,FANTO,Golosinas,Alfajores,""
7791672000339,ALFAJOR TRIPLE DAY FANTOCHE FWP 85 GRM,FANTOCHE,Golosinas,Alfajores,""
0000077903778,ALFAJOR TRIPLE DDL,MILKA,Golosinas,Alfajores,""
7790040148840,"ALFAJOR TRIPLE LECHE, BON O BON, 60 gr",BON O BON,Golosinas,Alfajores,""
0000077903785,ALFAJOR TRIPLE MOUSS,MILKA,Golosinas,Alfajores,""
7791672000247,ALFAJOR TRIPLE NIGHT FANTOCHE FWP 85 GRM,FANTOCHE,Golosinas,Alfajores,""
0000077915481,ALFAJOR TRIPLE PEPITOS X 57 GRS,PEPITOS,Golosinas,Alfajores,""
7798138290716,ALFAJOR VAUQUITA JR NEGRO X 55 GR,Vauquita,Golosinas,Alfajores,""
8480017196385,ALFAJORES BLANCOS,"",Golosinas,Alfajores,""
7798128000509,ALFAJORES MIXTOS DE CHOCOLATE CACHAFAZ 12 X 47.5GR,CACHAFAZ,Golosinas,Alfajores,""
8480017196286,ALFAJORES NEGROS,"",Golosinas,Alfajores,""
7791672014862,"ALFAJORES TRIPLE DDL BLANCO X3, FANTOCHE, 255 gr",FANTOCHE,Golosinas,Alfajores,""
7791696011113,ALFJOR SANTAFESINO X 4 UNID.,CARREFOUR CRISTAL,Golosinas,Alfajores,""
7798094223179,ALUJAN CHOC 180G,AIRES DE LUJAN,Golosinas,Alfajores,""
7790040484801,Alf Tofi 3 Semiamargo 73 Gr,Tofi,Golosinas,Alfajores,""
7790040133570,Alfajor AGUILA Minitorta Blanco x69g DOY-690-gr.,AGUILA,Golosinas,Alfajores,""
7798171731757,Alfajor ALFA PAMPA Caj Choco Blancox360g EST-360-gr.,ALFA PAMPA,Golosinas,Alfajores,""
7798171731740,Alfajor ALFA PAMPA Caja Chocolate x360g EST-360-gr.,ALFA PAMPA,Golosinas,Alfajores,""
7790580605100,Alfajor BONO BON negro c/ d leche maní PAQ-240-gr.,BON O BON,Golosinas,Alfajores,""
7798128001698,Alfajor CACHAFAZ chocolate blanco CJA-360-gr.,CACHAFAZ,Golosinas,Alfajores,""
7790070418210,Alfajor CHOCOARROZ Dulce de Leche 22g PAQ-22-gr.,CHOCOARROZ,Golosinas,Alfajores,""
7790070416872,Alfajor CHOCOARROZ Frutilla SxPck X132g CJA-1-un.,CHOCOARROZ,Golosinas,Alfajores,""
7790070418258,Alfajor CHOCOARROZ Limón 22g PAQ-22-gr.,CHOCOARROZ,Golosinas,Alfajores,""
7790070418265,Alfajor CHOCOARROZ Limón 6u PAQ-6-un.,CHOCOARROZ,Golosinas,Alfajores,""
7790070418340,Alfajor CHOCOARROZ Marroc 6u PAQ-6-un.,CHOCOARROZ,Golosinas,Alfajores,""
7790040659605,Alfajor COFLER BLOCK PAQ-60-gr.,COFLER,Golosinas,Alfajores,""
7790957000019,Alfajor JORGITO blanco azuc c/d leche x6 PAQ-300-gr.,JORGITO,Golosinas,Alfajores,""
7790957000552,Alfajor JORGITO frutados azuc PAQ-6-un.,JORGITO,Golosinas,Alfajores,""
7790957000545,Alfajor JORGITO negro c/ d leche mini x6 PAQ-155-gr.,JORGITO,Golosinas,Alfajores,""
7798171732785,Alfajor Mini ALFA PAMPA Choc Blancox192g BOB-190-gr.,ALFA PAMPA,Golosinas,Alfajores,""
7798171730262,Alfajor Mini ALFA PAMPA Chocolate x192g BOB-190-gr.,ALFA PAMPA,Golosinas,Alfajores,""
7798171730279,Alfajor Mini ALFA PAMPA Maicena x192g BOB-190-gr.,ALFA PAMPA,Golosinas,Alfajores,""
7790380023579,Alfajor TODDY mousse 50gr DOY-50-gr.,TODDY,Golosinas,Alfajores,""
7798184451314,Alfajor Veg Limon 50g Animal Kind PCK-50-gr.,ANIMAL KIND,Golosinas,Alfajores,""
7798184451192,Alfajor Veg Manteca Mani 50g Animal Kind PCK-50-gr.,ANIMAL KIND,Golosinas,Alfajores,""
7798164192756,Alfajor choc blanco blis x5u150grs BLI-150-gr.,FRESH MP,Golosinas,Alfajores,""
7798308250052,Alfajor mani&choco happy food x 3 150gr BJA-150-gr.,HAPPY FOOD,Golosinas,Alfajores,""
7798164192152,Alfajor mini chocolate BLI-1-un.,FRESH MP,Golosinas,Alfajores,""
0714604060505,Alfajor. Blanco ENTRE DOS  ddle CJA-270-gr.,ENTRE DOS,Golosinas,Alfajores,""
0727373043693,Alfajor. Negros ENTRE DOS  ddle CJA-270-gr.,ENTRE DOS,Golosinas,Alfajores,""
7798128000097,Alfajores CACHAFAZ Caja mixta 12u 720gr CJA-720-gr.,CACHAFAZ,Golosinas,Alfajores,""
7798128001742,Alfajores CACHAFAZ negros CJA-360-gr.,CACHAFAZ,Golosinas,Alfajores,""
7794903232707,CHAMMAS ALFAJORES BL,CHAMMAS,Golosinas,Alfajores,""
7794903232684,CHAMMAS ALFAJORES LE,CHAMMAS,Golosinas,Alfajores,""
7794903232691,CHAMMAS ALFAJORES NE,CHAMMAS,Golosinas,Alfajores,""
7794903232677,CHAMMAS ALFAJORES RE,CHAMMAS,Golosinas,Alfajores,""
7798270248781,CHECK ALF CHO 50G,CHECK,Golosinas,Alfajores,""
7798270248804,CHECK ALF GLAS 50G,CHECK,Golosinas,Alfajores,""
7798270248811,CHECK ALFAJOR BLANCO,CHECK,Golosinas,Alfajores,""
7798270248798,CHECK ALFAJOR CHOCOL,CHECK,Golosinas,Alfajores,""
7790040150010,COFLER ALF CREAM60G,COFLER,Golosinas,Alfajores,""
7798033900536,DONN ARRO LIM 78G,DONN,Golosinas,Alfajores,""
0000077913586,FULBITO ALF CHO 30G,FULBITO,Golosinas,Alfajores,""
7791672002074,GALFAJOR FANTOCHE SIMPLE DAY 50g PCH-500-gr.,FANTOCHE,Golosinas,Alfajores,""
7798094220963,GENIO ALF BLCO 60G,GENIO,Golosinas,Alfajores,""
7798094220956,GENIO ALF CHO 60G,GENIO,Golosinas,Alfajores,""
0000077905741,JORGITOALF CHO 50G,JORGITO,Golosinas,Alfajores,""
8480017196293,MAICENAS,"",Golosinas,Alfajores,""
0000077926852,MINI ALFAJOR CHOCO,CACHA,Golosinas,Alfajores,""
7798171731719,MINI ALFAJOR CHOCOLATE  BCO ALFA PAMPA POU X10 UNI 320 GRM,ALFA PAMPA,Golosinas,Alfajores,""
7798171731702,MINI ALFAJOR CHOCOLATE ALFA PAMPA POU X10 UNI 320 GRM,ALFA PAMPA,Golosinas,Alfajores,""
7622202220074,MINI ALFAJOR MILKA MOUSSE X 114 GRS,MILKA,Golosinas,Alfajores,""
7622202223372,MINI ALFAJOR SHOT X 114 GRS,SHOT,Golosinas,Alfajores,""
7790580134334,Relleno AGUILA   3en1 290g CJA-290-gr.,AGUILA,Golosinas,Alfajores,""
7798094220437,SMACK ALF CHO 60G,SMACK,Golosinas,Alfajores,""
7798094224183,SMACK ALF DDL 360G,SMACK,Golosinas,Alfajores,""
7798094223063,SMACK TORTA DDL 70G,SMACK,Golosinas,Alfajores,""
0000077958365,VIMAR ALF CHO 60G,VIMAR,Golosinas,Alfajores,""
7798073420193,VIMAR ALFAJ GLASEADO,VIMAR,Golosinas,Alfajores,""
7798073420186,VIMAR ALFAJOR CHOCOL,VIMAR,Golosinas,Alfajores,""
7794903232165,YUKA ALF CHO 50G,YUKA,Golosinas,Alfajores,""
7794903232479,YUKA ALFAJOR CHOCOLA,YUKA,Golosinas,Alfajores,""
7794903232509,YUKA ALFAJORES SURTI,YUKA,Golosinas,Alfajores,""
7790040133594,alfajor MINITORTA brownie 69 g PAQ-71-gr.,AGUILA,Golosinas,Alfajores,""
7798308250274,alfajor coco&ddl happy food x3 150gr BJA-150-gr.,HAPPY FOOD,Golosinas,Alfajores,""
7798308250045,alfajor con MOUSSE  happy food x3 150gr BJA-150-gr.,HAPPY FOOD,Golosinas,Alfajores,""
7798308250021,alfajor con mani happy food 50grs PAQ-50-gr.,HAPPY FOOD,Golosinas,Alfajores,""
7798308250038,alfajor dulce leche happy food 50gr PAQ-50-gr.,HAPPY FOOD,Golosinas,Alfajores,""
7798308250014,alfajor m.choco happy food 50grs PAQ-50-gr.,HAPPY FOOD,Golosinas,Alfajores,""
7790040613607,alfajores BON O BON Blancos PAQ-40-gr.,BON O BON,Golosinas,Alfajores,""
7790957000569,alfajores JORGITO negros Con mou x 6 un PAQ-128-gr.,JORGITO,Golosinas,Alfajores,""
7613032596668,AFTER EIGHT C,AFTER EIGHT,Golosinas,Bombones,""
0000077988256,BANANITA DOLCA x14g DOY-14-gr.,BANANITA DOLCA,Golosinas,Bombones,""
7798138291522,BOC BLACK COIN VAUQUITA X 25 GR,Vauquita,Golosinas,Bombones,""
8889990002201,BOCAD CABSHA 10 G IND,CABSHA,Golosinas,Bombones,""
7790206506804,BOCAD DELICIA 10 G,FELFORT,Golosinas,Bombones,""
8889990000635,BOCAD JACKELIN 14 G,FELFORT,Golosinas,Bombones,""
7790206506101,BOCAD MARROC 14 G IND,FELFORT,Golosinas,Bombones,""
7792360072423,BOCAD MECANO X 19 G,MECANO,Golosinas,Bombones,""
7790206508303,BOCAD MENTITAS 16 G IND,FELFORT,Golosinas,Bombones,""
7792360070047,BOCADITO BONAFIDE DDL X 16 GR,BONAFIDE,Golosinas,Bombones,""
7792360095538,BOCADITO BONAFIDE MENTA X 18 GR,BONAFIDE,Golosinas,Bombones,""
8889990002203,BOCADITO CABSHA AVELLANAS IND X 10 GR,CABSHA,Golosinas,Bombones,""
8889990002202,BOCADITO CABSHA MARROC IND X 10 GR,CABSHA,Golosinas,Bombones,""
0000077985996,BOCADITO MARROC,CACHA,Golosinas,Bombones,""
7798128002466,BOCADITO MARROC CON CROCANTE X 6 UN,CACHAFAZ,Golosinas,Bombones,""
7792360094906,BOCADITO MECANO BLANCO X 19 GR,MECANO,Golosinas,Bombones,""
7792360096702,BOCADITO MECANO NUGATON X 19 GR,MECANO,Golosinas,Bombones,""
7790206506927,BOCADITO RELLENO KOOKY BON X 10 GR,FELFORT,Golosinas,Bombones,""
7798308250151,BOCADITOS D/DULCE D/LECHE S/TACC HAPPY FOOD PAQ 120 GRM,HAPPY FOOD,Golosinas,Bombones,""
7790045825470,BOCADITOS RELL CHOCO,GRANI,Golosinas,Bombones,""
7790580119133,BOM BONOBON LECHE,BON O BON,Golosinas,Bombones,""
7790580153885,BOMBOM BONOBON DUBAI,BON O BON,Golosinas,Bombones,""
0000080052487,BOMBON BLANCO RELLEN,RAFFA,Golosinas,Bombones,""
7790580135416,BOMBON BLCK BITE DDL,COFLE,Golosinas,Bombones,""
0000078909434,BOMBON CHOC ALMEN X3,FERRERO ROCHER,Golosinas,Bombones,""
0000077971630,BOMBON CHOCO OREO,MILKA,Golosinas,Bombones,""
0000077961815,BOMBON CHOCOLATE BLANCO BON O BON X 15 GRS,BON O BON,Golosinas,Bombones,""
0000077958921,BOMBON CHOCOLATE LECHE BON O BON X 15 GRS,BON O BON,Golosinas,Bombones,""
8000500232057,"BOMBON COCO Y ALMENDRA, RAFFAELLO, 9 cu",RAFFAELLO,Golosinas,Bombones,""
0000077956712,"BOMBON DE CHOCOLATE C/CHOCOLINAS, BON O BON, 15 gr",BON O BON,Golosinas,Bombones,""
7798094221793,BOMBON MOUSSE CHOCO,SMACK,Golosinas,Bombones,""
0000077988263,BOMBON RELLENO BANANITA DOLCA X 30 GRS,BANANITA DOLCA,Golosinas,Bombones,""
0000077953537,"BOMBON RELLENO CHOCOLATE AGUILA, BON O BON, 270 gr",BON O BON,Golosinas,Bombones,""
7891330016068,BOMBONES AMOR CARIOCA CJA  200 GRM,AMOR CARIOCA,Golosinas,Bombones,""
7790580124557,BOMBONES BON O BON SUPREME X 36 GR,BON O BON,Golosinas,Bombones,""
7790580119157,BOMBONES CHOCOLATE C LECHE BON O BON CAJA X270GRS,BON O BON,Golosinas,Bombones,""
7898024396994,"BOMBONES CHOCOLATE FINOS X 12U, FERRERO ROCHER, 150 gr",FERRERO ROCHER,Golosinas,Bombones,""
8000500009673,"BOMBONES CHOCOLATE Y AVELLANAS X24U, FERRERO ROCHER, 300 gr",FERRERO ROCHER,Golosinas,Bombones,""
0000077990679,"BOMBONES DE CHOCO.BL RELL.COCO, BON O BON, 15 gr",BON O BON,Golosinas,Bombones,""
7790580152925,"BOMBONES RELL. COOKIES AND CREAM, BON O BON, 297 gr",BON O BON,Golosinas,Bombones,""
7790580153922,"BOMBONES RELL.AVELLANAS SUPREME, BON O BON, 144 gr",BON O BON,Golosinas,Bombones,""
7790580153656,"BOMBONES RELL.CHOCOLATE C/LECHE DP, BON O BON, 150 gr",BON O BON,Golosinas,Bombones,""
7898024397151,"BOMBONES RELLENOS COLLECTION, FERRERO ROCHER, 77 gr",FERRERO ROCHER,Golosinas,Bombones,""
7790580119126,BOMBONES SURTIDO BON O BON CAJA X255G,BON O BON,Golosinas,Bombones,""
7790580131388,BOMBONES SURTIDO SELECCION CAJA ARCOR X 228.6 GRS,ARCOR,Golosinas,Bombones,""
7891000392775,BOMBONES SURTIDOS GAROTO X 250 GRS,GAROTO,Golosinas,Bombones,""
7790580102517,BON O BON aguila CJA-270-gr.,BON O BON,Golosinas,Bombones,""
7790580119065,BON-O-BON blanco CJA-270-gr.,BON O BON,Golosinas,Bombones,""
0000077958594,BON-O-BON blanco PAQ-15-gr.,BON O BON,Golosinas,Bombones,""
7790580146368,Bombones BON O BON COCO 15G CJA-270-gr.,BON O BON,Golosinas,Bombones,""
7898024397861,Bombones FERRERO ROCHER T4X10 CJA-1380-gr.,FERRERO ROCHER,Golosinas,Bombones,""
7891000391068,Bombones NESTLE ESPECIALIDADES 251g EST-250-gr.,NESTLE,Golosinas,Bombones,""
7861002900117,Bombón FERRERO ROCHER choc avell CJA-100-gr.,FERRERO ROCHER,Golosinas,Bombones,""
7898024392019,Bombón FERRERO ROCHER choc avell CJA-100-gr.,FERRERO,Golosinas,Bombones,""
7898024395331,Bombón FERRERO ROCHER choc avell CJA-24-un.,FERRERO,Golosinas,Bombones,""
7790407022011,CAJA BOCAD CABSHA 10 G CDF,CABSHA,Golosinas,Bombones,""
7790206006809,CAJA BOCAD DELICIA 10 G CDF,FELFORT,Golosinas,Bombones,""
7790206006359,CAJA BOCAD JACKELIN 14 G CDF,FELFORT,Golosinas,Bombones,""
7790206006106,CAJA BOCAD MARROC 14 G CDF,FELFORT,Golosinas,Bombones,""
7790206008308,CAJA BOCAD MENTITAS 16 G CDF,FELFORT,Golosinas,Bombones,""
7798128002442,CAJA BOCADITO CACHAFAZ MARROC 14 GR CDF,CACHAFAZ,Golosinas,Bombones,""
7790206006113,CAJA BOCADITO FELFORT MARROC CRIC X 60 UN,FELFORT,Golosinas,Bombones,""
7790206009503,CAJA PARAGUITAS 13 G CDF,FELFORT,Golosinas,Bombones,""
8410740050616,CASA TRUF CACAO 200G,LACASA,Golosinas,Bombones,""
7799120004731,CHK PAL BOMBON,CHECK,Golosinas,Bombones,""
7792360096597,CHOCMAN BONAFIDE BLACK X 35 GR,CHOCMAN,Golosinas,Bombones,""
7792360097075,CHOCMAN BONAFIDE COCO X 35 GR,CHOCMAN,Golosinas,Bombones,""
8003340801216,CHOCOLATE LINTD LINDOR MILK X 37 GR X 3 UN,LINDT,Golosinas,Bombones,""
7797453001441,CHOCOLATE M&M CHOCOLATE MILK X 48 GR,M & M,Golosinas,Bombones,""
7790206506965,CHOCOLATE RELLENO NOBEL X 35 GR,FELFORT,Golosinas,Bombones,""
7790580138370,CHOCOLATE SURTIDO ESPECIAL ARCOR X 223 GRS,ARCOR,Golosinas,Bombones,""
7790580135874,COFLER BOMBONES180GR,COFLER,Golosinas,Bombones,""
7790580107635,CONFITES C CHOCOLATE ROCKLETS X 150 GRS,ROCKLETS,Golosinas,Bombones,""
7790580421007,CONFITES RELLENOS CHOCOLATE ROCKLETS X 20 GRS,ROCKLETS,Golosinas,Bombones,""
7790580327415,CONFITES RELLENOS CHOCOLATE ROCKLETS X 40 GRS,ROCKLETS,Golosinas,Bombones,""
7790580126148,CONFITES ROCKLETS MUNDIAL X 20 GR,ROCKLETS,Golosinas,Bombones,""
7794903232110,CONITOS MIXTOS SOL SERRANO CAJA 6 X 38 GRS,SOL SERRANO,Golosinas,Bombones,""
0040000017318,Confites M&M's  CHOCOLATE PAQ-150-gr.,M & M,Golosinas,Bombones,""
7790580148874,FRAMBUESAS BANADAS CHOCO AMAR AGUILA X 150 G,AGUILA,Golosinas,Bombones,""
7891000404249,GAROTO SER AMOR 140G,GAROTO,Golosinas,Bombones,""
8410740928502,GRAJEAS DE CHOCOLATE TUBI,LACASITO,Golosinas,Bombones,""
7798143356162,LENTEJAS DE CHOCOLATE CONFITADO,CARREFOUR CRISTAL,Golosinas,Bombones,""
8003340096247,LINDT LINDOR ASSORTED X 75 GR,LINDT,Golosinas,Bombones,""
8003340098098,LINDT LINDOR STRAWBERRY CREAM X 200 GR,LINDT,Golosinas,Bombones,""
7790380090038,MANTECOL BOMBON180GR,MANTECOL,Golosinas,Bombones,""
8480017291448,MINI BOMBON AMERICAN,DELIC,Golosinas,Bombones,""
8480017291424,MINI BOMBON DDL,DELIC,Golosinas,Bombones,""
7797453001465,MYM MINIS CONFIT 31G,M Y M,Golosinas,Bombones,""
0040000508830,MYMS CHOCOLATE C 50G,M Y M,Golosinas,Bombones,""
7792222041062,NUGATON BLANCO x 27g PAQ-27-gr.,NUGATON,Golosinas,Bombones,""
7790206509508,PARAGUITAS 13 G IND,FELFORT,Golosinas,Bombones,""
7790580415808,ROCK CONF CHO 120G,ROCKLETS,Golosinas,Bombones,""
7790580144876,ROCKLETS DISPEN 120G,ROCKLETS,Golosinas,Bombones,""
0000077928870,SAPITO DULCE DE LECHE X10 GR CJA-10-gr.,SAPITO,Golosinas,Bombones,""
7790580110772,bombon BOB. CJA-270-gr.,BON BON,Golosinas,Bombones,""
7790580117771,bombon BOB. CJA-270-gr.,BON BON,Golosinas,Bombones,""
7622202228490,BUBBALOO CONFIT 24G,BUBBALOO,Golosinas,Caramelos y chicles,""
0000077972583,BULL ROLL ACID 35G,BULL DOG,Golosinas,Caramelos y chicles,""
7798186030531,BULLDOG LIM TUTI 30G,BULL DOG,Golosinas,Caramelos y chicles,""
7798186030548,BULLDOG MANZ SAN 30G,BULL DOG,Golosinas,Caramelos y chicles,""
7790580147198,BUTTER CREAM 99G,BUTTER TOFFEES,Golosinas,Caramelos y chicles,""
7798186032825,CARAM FRUTAL CONFITADO BILLIKEN  X 50GR,BILLIKEN,Golosinas,Caramelos y chicles,""
0000077944412,CARAM MENTHOPLUS AC NAR,MENTHOPLUS,Golosinas,Caramelos y chicles,""
7790580056001,CARAM SUGUS CONF 50 G,SUGUS,Golosinas,Caramelos y chicles,""
7790580147983,CARAM SUGUS CONF ACIDO X 50 GR,SUGUS,Golosinas,Caramelos y chicles,""
7622202228469,CARAM.CONFITADOS SURTIDOS BUBBALOO FWP 72 GRM,BUBBALOO,Golosinas,Caramelos y chicles,""
7790380258018,CARAME MASTIC PALITO,PALIT,Golosinas,Caramelos y chicles,""
7790580141783,CARAME.SAB.FRUTI.FRESA Y SAND. SUGUS MAX PAQ 120 GRM,SUGUS,Golosinas,Caramelos y chicles,""
7798383820102,CARAMEL 50G,RAKAN,Golosinas,Caramelos y chicles,""
7798186034430,CARAMEL MASTIC FRUTA,BILLI,Golosinas,Caramelos y chicles,""
7622202247286,CARAMELO CHERRY HALLS X 25.2 GRS,HALLS,Golosinas,Caramelos y chicles,""
7895144299549,CARAMELO MASTICABLE FRUITTELLA MORANGO SOUR X 40 GR,FRUITTELLA,Golosinas,Caramelos y chicles,""
7896262301022,CARAMELO MASTICABLE FRUITTELLA MORANGO X 40 GR,FRUITTELLA,Golosinas,Caramelos y chicles,""
0000077907943,CARAMELO MASTICABLE TUTTI FRUTTI LENGUETAZO X 13 G,LENGUETAZO,Golosinas,Caramelos y chicles,""
7622202247392,CARAMELO MENTHOL HALLS X 25.2 GRS,HALLS,Golosinas,Caramelos y chicles,""
7798186034751,CARAMELO REGALIZ,BULLD,Golosinas,Caramelos y chicles,""
0000077944405,"CARAMELOS ACIDOS BLACK CHERRY, MENTHOPLUS, 27 gr",MENTHOPLUS,Golosinas,Caramelos y chicles,""
7790580178208,CARAMELOS ARCOR MASTIC.FRUTA 800G,ARCOR S.A.,Golosinas,Caramelos y chicles,""
7790580150662,"CARAMELOS BLANDOS CONFITADOS ACIDOS, MOGUL EXTREME, 70 gr",MOGUL EXTREME,Golosinas,Caramelos y chicles,""
7790580118785,CARAMELOS BUTTER TOFFEES CHOCOLATE BOL 945 GRM,BUTTER TOFFEES,Golosinas,Caramelos y chicles,""
7790580138837,CARAMELOS CAFÉ LATTE MENTHO PLUS PAQ 100 GRM,MENTHO PLUS,Golosinas,Caramelos y chicles,""
7622202288227,"CARAMELOS CHERRY S/AZUCAR, HALLS FREE, 26 gr",HALLS,Golosinas,Caramelos y chicles,""
0000077946805,CARAMELOS CHERRY SIN AZUCAR MENTHOPLUS X 27.3G.,MENTHOPLUS,Golosinas,Caramelos y chicles,""
7622202288197,"CARAMELOS CLIGHT NARANJA, CLIGHT, 27 gr",CLIGHT,Golosinas,Caramelos y chicles,""
7790580154516,CARAMELOS CONFITADOS SUGUS MUNDIAL X 50 GR,SUGUS,Golosinas,Caramelos y chicles,""
7790580152109,CARAMELOS DE CHOCOLATE BUTTER TOFFES X 80 GRM,BUTTER TOFFEES,Golosinas,Caramelos y chicles,""
7622202271328,"CARAMELOS DUROS MIEL C/LIMÓN HALLS FWP 25,65 GRM",HALLS,Golosinas,Caramelos y chicles,""
7792860005488,CARAMELOS DUROS SAB.MIEL Y LIMÓN LHERITIER BSA 150 GRM,LHERITIER,Golosinas,Caramelos y chicles,""
7790580152192,"CARAMELOS GAJITOS SURTIDO, ARCOR, 80 gr",ARCOR,Golosinas,Caramelos y chicles,""
7622202247316,CARAMELOS HALLS MENTA LYPTUS X 25.2 GR,HALLS,Golosinas,Caramelos y chicles,""
7790580152116,CARAMELOS LECHE SURTIDOS BUTTER TOFFEES X 80 GRM,BUTTER TOFFEES,Golosinas,Caramelos y chicles,""
7790580152093,"CARAMELOS LECHE, BUTTER TOFFEES, 80 gr",BUTTER TOFFEES,Golosinas,Caramelos y chicles,""
7790580060602,"CARAMELOS MASTICABLES FRUTALES SURT, SUGUS, 150 gr",SUGUS,Golosinas,Caramelos y chicles,""
7792222004005,"CARAMELOS MASTICABLES FRUTALES, BILLIKEN, 600 gr",BILLIKEN,Golosinas,Caramelos y chicles,""
7792860007963,CARAMELOS MASTICABLES PICO DULCE BOLSA X 150 GRS,PICO DULCE,Golosinas,Caramelos y chicles,""
7792860005099,"CARAMELOS MASTICABLES TUBICOLOR, PICO DULCE, 150 gr",PICO DULCE,Golosinas,Caramelos y chicles,""
7790380015949,CARAMELOS MASTICABLES TUTI FRUTI FLYNN PAFF X 128G,FLYNN PAFF,Golosinas,Caramelos y chicles,""
7790580152123,CARAMELOS MENTA CHOCOLATE DELICIAS ARCOR X 80 GRM,ARCOR,Golosinas,Caramelos y chicles,""
7790580152178,CARAMELOS MENTA CRISTAL ARCOR BOLSA X 80 GRM,ARCOR,Golosinas,Caramelos y chicles,""
7622202288258,"CARAMELOS MENTA S/AZUCAR, HALLS FREE, 26 gr",HALLS,Golosinas,Caramelos y chicles,""
7622202271298,CARAMELOS MIEL C MENTA HALLS X 26 GRS,HALLS,Golosinas,Caramelos y chicles,""
7790580178109,CARAMELOS MISKY SURTIDOS MASTICABLES 800GR,MISKY,Golosinas,Caramelos y chicles,""
7799054074190,CARAMELOS NAT ENERVIT X 80 GR,NAT,Golosinas,Caramelos y chicles,""
7799054074169,CARAMELOS NAT FORTIFICADOS X 80 GR,NAT,Golosinas,Caramelos y chicles,""
7799054074183,CARAMELOS NAT P/TOS RELLENOS X 80 GR,NAT,Golosinas,Caramelos y chicles,""
7799054074176,CARAMELOS NAT RELAJANTE X 80 GR,NAT,Golosinas,Caramelos y chicles,""
7790580152130,"CARAMELOS RELLENOS FRUTALES, ARCOR, 80 gr",ARCOR,Golosinas,Caramelos y chicles,""
7790580152147,"CARAMELOS RELLENOS MIEL, ARCOR, 80 gr",ARCOR,Golosinas,Caramelos y chicles,""
0000077958648,"CARAMELOS S/STRONG, MENTHOPLUS, 29 gr",MENTHOPLUS,Golosinas,Caramelos y chicles,""
7622202288319,"CARAMELOS SABRO FRAMBUESA, CLIGHT, 27 gr",CLIGHT,Golosinas,Caramelos y chicles,""
7622202247361,"CARAMELOS SANDIA, HALLS, 25 gr",HALLS,Golosinas,Caramelos y chicles,""
7790380029076,CARAMELOS SURTIDOS FLYNN PAFF X 128 GRS,FLYNN PAFF,Golosinas,Caramelos y chicles,""
7622202271267,CARAMELOS XTRA STRONG HALLS X25 GRS,HALLS,Golosinas,Caramelos y chicles,""
7790580120573,CH TL7 ULTRA CLEAN  X 24GR,TOP LINE,Golosinas,Caramelos y chicles,""
7790580120702,CH TL7 ULTRA GMINT X 24GR,TOP LINE,Golosinas,Caramelos y chicles,""
7790580121013,CH TL7 ULTRA RBERRY X 24GR,TOP LINE,Golosinas,Caramelos y chicles,""
0000077969101,CHICLE GLOBO BELDENT X 10 GRS,BELDENT,Golosinas,Caramelos y chicles,""
0000077969118,CHICLE GLOBO FRUTILLA BELDENT X 10 GRS,BELDENT,Golosinas,Caramelos y chicles,""
0000077969088,CHICLE MENTA FUERTE BELDENT X 10 GRS,BELDENT,Golosinas,Caramelos y chicles,""
0000077931764,CHICLE MENTA XPLOS TOPLINE X 14 GRS,TOPLINE,Golosinas,Caramelos y chicles,""
0000077969095,CHICLE MENTOL BELDENT X 10 GRS,BELDENT,Golosinas,Caramelos y chicles,""
7622201457334,CHICLE QI MINT BELDENT INFINITE X 26.6 GRS,BELDENT,Golosinas,Caramelos y chicles,""
7622201457396,CHICLE QI SPEARM MINT BELDENT INFINITE X 26.6 GRS,BELDENT,Golosinas,Caramelos y chicles,""
0000077969071,CHICLE SABOR MENTA,BELDENT,Golosinas,Caramelos y chicles,""
0000077964137,"CHICLE SABOR MENTHOL, TOPLINE SEVEN, 14 gr",TOPLINE SEVEN,Golosinas,Caramelos y chicles,""
0000077987686,CHICLE SANDIA BELDENT X 5 GRS,BELDENT,Golosinas,Caramelos y chicles,""
7622201448226,CHICLE SPEARM MINT BELDENT INFINIT X 13.3 GRS,BELDENT,Golosinas,Caramelos y chicles,""
7790580137076,CHICLE TOPLINE7 ULTRA DOBLE X 24 GR,TOP LINE,Golosinas,Caramelos y chicles,""
0000077982353,CHICLE TUTTI FRUTTI,BUBBA,Golosinas,Caramelos y chicles,""
0000077982377,CHICLE UVA,BUBBA,Golosinas,Caramelos y chicles,""
0022000006660,CHICLE WRIGLEYS DOUBLEMINT X 37.5 GR,WRIGLEYS,Golosinas,Caramelos y chicles,""
0022000293305,CHICLE WRIGLEYS SPEARMINT X 12.5 GR,WRIGLEYS,Golosinas,Caramelos y chicles,""
0022000006653,CHICLE WRIGLEYS SPEARMINT X 37.5 GR,WRIGLEYS,Golosinas,Caramelos y chicles,""
7790580146818,CHICLES CONFITADOS TURBO MINT TOP LINE X 25 GRS,TOPLINE,Golosinas,Caramelos y chicles,""
0000077916389,CHICLES FRUTA TOPLINE TABLETA X 6.7 GRS,TOPLINE,Golosinas,Caramelos y chicles,""
7895144295664,CHICLES FRUTILLA MENTOS X 28 UN,MENTOS,Golosinas,Caramelos y chicles,""
7622201448325,"CHICLES INFINIT BLUEBERRY X7, BELDENT, 13 gr",BELDENT,Golosinas,Caramelos y chicles,""
7622201421496,"CHICLES INFINIT MENTA X7, BELDENT, 13 gr",BELDENT,Golosinas,Caramelos y chicles,""
7895144295930,CHICLES MINT MENTOS X 28 UN,MENTOS,Golosinas,Caramelos y chicles,""
0000077939753,"CHICLES SAB.MENTA-MENTOL-EUCALIPT 7, TOPLINE SEVEN, 14 gr",TOPLINE,Golosinas,Caramelos y chicles,""
0000077916426,CHICLES TABLETA MENTA TOPLINE X 6.7 GRS,TOPLINE,Golosinas,Caramelos y chicles,""
7895144295916,CHICLES UP2U MENTOS X 28 UN,MENTOS,Golosinas,Caramelos y chicles,""
7895144295961,CHICLES WINTERGREEN MENTOS X 28 UN,MENTOS,Golosinas,Caramelos y chicles,""
0000078916401,Caram Mentos Fruit 29.7 Gr,MENTOS,Golosinas,Caramelos y chicles,""
0000078930650,Caram Mentos Magic 29.7 Gr,MENTOS,Golosinas,Caramelos y chicles,""
0000078916418,Caram Mentos Menta 29.7 Gr,MENTOS,Golosinas,Caramelos y chicles,""
7792860005495,Caramelo duro LHERITIER Cer/Men 150g BSA-150-gr.,LHERITIER,Golosinas,Caramelos y chicles,""
7792860005181,Caramelo duro LHERITIER Menta 150g BSA-150-gr.,LHERITIER,Golosinas,Caramelos y chicles,""
0000077989499,Caramelos FLYNN PAFF Tutti Frutti 8gr DOY-8-gr.,LENGUETAZO,Golosinas,Caramelos y chicles,""
0000077920539,Caramelos MENTHO PLUS duros cereza PAQ-29.4-gr.,MENTHO PLUS,Golosinas,Caramelos y chicles,""
0000077922656,Caramelos MENTHO PLUS duros cereza PAQ-29.4-gr.,MENTHO PLUS,Golosinas,Caramelos y chicles,""
0000077958631,Caramelos MENTHO PLUS duros cereza PAQ-29.4-gr.,MENTHO PLUS,Golosinas,Caramelos y chicles,""
7790580060206,Caramelos SUGUS masticables frutas BSA-700-gr.,SUGUS,Golosinas,Caramelos y chicles,""
7792860002449,Caramelos mast PICO DULCE BIT 120g BSA-120-gr.,PICO DULCE,Golosinas,Caramelos y chicles,""
7622202012204,Chicle BELDENT Extra Menta x54g POT-51-gr.,BELDENT,Golosinas,Caramelos y chicles,""
7622202012037,Chicle BELDENT Frutilla Lima x54g POT-51-gr.,BELDENT,Golosinas,Caramelos y chicles,""
7798186032979,DRF FRUTOS CITRI 23G,DRF,Golosinas,Caramelos y chicles,""
7798186032993,DRF FRUTOS ROJOS 23G,DRF,Golosinas,Caramelos y chicles,""
0000077991324,FULLMINT CHERRY 28G,FULLMINT,Golosinas,Caramelos y chicles,""
0000077991348,FULLMINT MENTA 28G,FULLMINT,Golosinas,Caramelos y chicles,""
0000077991362,FULLMINT MIEL 28G,FULLMINT,Golosinas,Caramelos y chicles,""
0000077992376,FULLMINT STRONG 28G,FULLMINT,Golosinas,Caramelos y chicles,""
7792389080331,JARDIN PASTILLAS PAR,JARDIN,Golosinas,Caramelos y chicles,""
7793024003869,LIPO LECHE 120G,LIPO,Golosinas,Caramelos y chicles,""
0000077922687,MENTHO PLUS MIEL S/E-29.4-gr.,MENTHO PLUS,Golosinas,Caramelos y chicles,""
7798176199859,MENTIT BANA KIDS 26G,MENTITAS,Golosinas,Caramelos y chicles,""
7798176191297,MENTIT CHERRY 26G,MENTITAS,Golosinas,Caramelos y chicles,""
7798176199897,MENTIT TUTTI KID 26G,MENTITAS,Golosinas,Caramelos y chicles,""
7798094340555,MENTITAS FRUTAL X 26G,MENTITAS,Golosinas,Caramelos y chicles,""
7798094340012,MENTITAS MENTA X 26G,MENTITAS,Golosinas,Caramelos y chicles,""
0000078930643,MENTOS TUTTI FRU 29G,MENTOS,Golosinas,Caramelos y chicles,""
0000077955111,MPLUS 2 FRI CAFE 28G,MENTHOPLUS,Golosinas,Caramelos y chicles,""
0000077958532,MPLUS VITA LIM 30G,MENTHOPLUS,Golosinas,Caramelos y chicles,""
0000077946812,MPLUS ZER DURAZN 26G,MENTHOPLUS,Golosinas,Caramelos y chicles,""
7798186032771,PASTILL MULTIMINT STRONG,BILLIKEN,Golosinas,Caramelos y chicles,""
7790206523269,PASTILLA REFRESCO CLASICO X 27 GR,FELFORT,Golosinas,Caramelos y chicles,""
0000078600010,PASTILLA SABOR MENTA,TIC TAC,Golosinas,Caramelos y chicles,""
0000078600027,PASTILLA SABOR NARAN,TIC TAC,Golosinas,Caramelos y chicles,""
6935855715981,PASTILLAS DRF MENTA LATA X 22 GR,DRF,Golosinas,Caramelos y chicles,""
7792222002780,PASTILLAS DRF MENTOL X 23 GRS,DRF,Golosinas,Caramelos y chicles,""
7792222002827,PASTILLAS DRF NARANJA X 23 G,DRF,Golosinas,Caramelos y chicles,""
7790206523320,PASTILLAS FELFORT REFRESCO TUTTI FRUTTI X 27 GR,FELFORT,Golosinas,Caramelos y chicles,""
7792222002865,PASTILLAS MENTA,DRF,Golosinas,Caramelos y chicles,""
7797394001265,PASTILLAS MIX DE FRUTAS TIC TAC X 16 GRS,TIC TAC,Golosinas,Caramelos y chicles,""
0000077988690,"PASTILLAS SABOR CITRUS, TIC TAC, 16 gr",TIC TAC,Golosinas,Caramelos y chicles,""
0000077991386,"PASTILLAS SABOR FRUTILLAS Y CREMA, TIC TAC, 16 gr",TIC TAC,Golosinas,Caramelos y chicles,""
0000077958655,"PASTILLAS SABOR MIEL, MENTHOPLUS, 30 gr",MENTHOPLUS,Golosinas,Caramelos y chicles,""
7622210659026,Past Halls Strong 28 Gr,Halls,Golosinas,Caramelos y chicles,""
7792222002841,Pastillas DRF Anis 23g PAQ-23-gr.,DRF,Golosinas,Caramelos y chicles,""
7792222002803,Pastillas DRF Limón 23 g PAQ-23-gr.,DRF,Golosinas,Caramelos y chicles,""
0000077020512,Pastillas TIC TAC Menta Fresca x16g CJA-16-gr.,TIC TAC,Golosinas,Caramelos y chicles,""
0000786000102,Pastillas TIC TAC menta CJA-16-gr.,TIC TAC,Golosinas,Caramelos y chicles,""
7797394001272,Pastillas Tic Tac Mix de Frutas T100 CJA-499-gr.,TIC TAC,Golosinas,Caramelos y chicles,""
0022000285966,SKITTLES GUM WI 164G,SKITTLES,Golosinas,Caramelos y chicles,""
0000077916419,TOPLINE MENTA FRE,TOPLINE,Golosinas,Caramelos y chicles,""
0000077919489,TOPLINE SANDIA,TOPLINE,Golosinas,Caramelos y chicles,""
0000077916396,TOPLINE STRONG,TOPLINE,Golosinas,Caramelos y chicles,""
7790580150068,TUBO TOPLINE 7 TURBO PINK X 50 GR,TOP LINE,Golosinas,Caramelos y chicles,""
7792860003033,caramelo duro PICO DULCE frutal BSA-150-gr.,PICO DULCE,Golosinas,Caramelos y chicles,""
7790380015833,caramelos FLYN PAFF Frutilla PAQ-128-gr.,GEORGALOS,Golosinas,Caramelos y chicles,""
7790380029021,caramelos FLYN PAFF Frutilla PAQ-128-gr.,GEORGALOS,Golosinas,Caramelos y chicles,""
7790380015864,caramelos FLYN PAFF Uva PAQ-144-gr.,GEORGALOS,Golosinas,Caramelos y chicles,""
7790380029007,caramelos FLYN PAFF Uva PAQ-144-gr.,FLYNN PAFF,Golosinas,Caramelos y chicles,""
7792222003312,caramelos GOTITA DE AMOR 35 g PAQ-35-gr.,BILLIKEN,Golosinas,Caramelos y chicles,""
0000077922663,caramelos MENTHO PLUS Menthol PAQ-29.4-gr.,MENTHO PLUS,Golosinas,Caramelos y chicles,""
0000077958624,caramelos MENTHO PLUS Menthol PAQ-29.4-gr.,MENTHOPLUS,Golosinas,Caramelos y chicles,""
0000077920676,caramelos MENTHO PLUS duros. PAQ-29.4-gr.,MENTHO PLUS,Golosinas,Caramelos y chicles,""
0000779206764,caramelos MENTHO PLUS duros. PAQ-29.4-gr.,MENTHO PLUS,Golosinas,Caramelos y chicles,""
0000077922694,caramelos MENTHO PLUS duros. PAQ-29.4-gr.,MENTHO PLUS,Golosinas,Caramelos y chicles,""
0000077958662,caramelos MENTHO PLUS duros. PAQ-29.4-gr.,MENTHO PLUS,Golosinas,Caramelos y chicles,""
0000077904744,pastillas LA YAPA PAQ-17-gr.,YAPA,Golosinas,Caramelos y chicles,""
7861002901831,pastillas TIC TAC T100 Menta CJA-49-gr.,TIC TAC,Golosinas,Caramelos y chicles,""
7861002901855,pastillas TIC TAC T100 Naranja CJA-499-gr.,TIC TAC,Golosinas,Caramelos y chicles,""
0000077969729,rollo BILLIKEN 35g PAQ-35-gr.,BILLIKEN,Golosinas,Caramelos y chicles,""
7798143356117,ALMENDRAS CON CHOCOLATE,CARREFOUR CRISTAL,Golosinas,Chocolates,""
0726367920217,ALMENDRAS Y SEMILLAS C CHOCO NATURAL CANDY X100GR,NATURAL CANDY,Golosinas,Chocolates,""
7790580142414,ARCOR CHO CRISP 50G,ARCOR,Golosinas,Chocolates,""
7790580135942,ARCOR CHOLATOSOS 70G,ARCOR,Golosinas,Chocolates,""
7795522003983,BALLCH CHO MANI 30G,BARILOCHE,Golosinas,Chocolates,""
7795522003242,BALLCH CHO MANI 70G,BARILOCHE,Golosinas,Chocolates,""
7792430902698,BARILOCH LENTEJ CHOC,BARILOCHE,Golosinas,Chocolates,""
0000077922120,BARRA CHOCOLATE C LECHE MANI COFLER BLOCK X 110 GR,COFLER,Golosinas,Chocolates,""
7506174512248,BARRA CHOCOLATE SNICKERS X 48 GRS,SNICKERS,Golosinas,Chocolates,""
0000077949677,BARRA DE CHOCOLATE MIXTO KINDER X 4 UNI,KINDER,Golosinas,Chocolates,""
7798138291300,BARRA DE CHOCOLATE VAUQUITA RELLENA DDL X 50 GR,Vauquita,Golosinas,Chocolates,""
7790580143800,"BARRA MANI Y CARAM.BAÑADO EN CHOCO, COFLER BLOCK, 45 gr",COFLER BLOCK,Golosinas,Chocolates,""
7790206506934,BARRITA FELFORT DE A 2 CEREAL X 12 GR,FELFORT,Golosinas,Chocolates,""
7790206508389,BARRITA FELFORT DULECH X 21 GR,FELFORT,Golosinas,Chocolates,""
7792730020610,BIZNIKKE BLANCO X 28 GR,Biznikke,Golosinas,Chocolates,""
7790580346614,BLEA CHOCO BLANCO,BONOB,Golosinas,Chocolates,""
7790580142117,BLOCK DUO XL 500GR,COFLER,Golosinas,Chocolates,""
0000077989772,BOCAD COFLER CUPS MANI,COFLER,Golosinas,Chocolates,""
7792430903695,BRC CHO ALMEN 70G,BARILOCHE,Golosinas,Chocolates,""
7792430903725,BRC CHO BCO 70G,BARILOCHE,Golosinas,Chocolates,""
7792430611606,BRC CHO BCO DDL 35G,BARILOCHE,Golosinas,Chocolates,""
7792430611668,BRC CHO DDL 35G,BARILOCHE,Golosinas,Chocolates,""
7792430611620,BRC CHO DUO 35G,BARILOCHE,Golosinas,Chocolates,""
7792430903701,BRC CHO LECHE 70G,BARILOCHE,Golosinas,Chocolates,""
7792430611644,BRC CHO MANI 35G,BARILOCHE,Golosinas,Chocolates,""
7792430903718,BRC CHO MANI 70G,BARILOCHE,Golosinas,Chocolates,""
7792430611682,BRC CHO MANI PAS 35G,BARILOCHE,Golosinas,Chocolates,""
7798036730796,BREK MANI CHO 70G,BREK,Golosinas,Chocolates,""
7790380020240,Barra FLOW almendras con chocolate x30g CJA-30-gr.,FLOW,Golosinas,Chocolates,""
0000077931528,Barrita Chocolate AGUILA SemiA x14g CJA-14-gr.,AGUILA,Golosinas,Chocolates,""
7798128002190,CACHAFAZ CHOCO LECHE,CACHAFAZ,Golosinas,Chocolates,""
7790206016006,CAJA MONEDAS CHOC PIRATAS 5 G CDF,FELFORT,Golosinas,Chocolates,""
8410740924894,CASA MANI CHOCO 80G,LACASA,Golosinas,Chocolates,""
7798066790579,CEREZAS CHOC,SIN MARCA,Golosinas,Chocolates,""
7790380018056,"CHCOOLATE AIREADO MIX, TODDY, 50 gr",TODDY,Golosinas,Chocolates,""
7799120004564,CHECK CHO BCO 30G,CHECK,Golosinas,Chocolates,""
7799120004557,CHECK CHO BCO 80G,CHECK,Golosinas,Chocolates,""
7799120004533,CHECK CHO DDL 80G,CHECK,Golosinas,Chocolates,""
7799120004502,CHECK CHO LECHE 30G,CHECK,Golosinas,Chocolates,""
7799120004496,CHECK CHO LECHE 80G,CHECK,Golosinas,Chocolates,""
7799120004526,CHECK CHO MANI 30G,CHECK,Golosinas,Chocolates,""
7799120004519,CHECK CHO MANI 80G,CHECK,Golosinas,Chocolates,""
7790580126124,CHOC  COFLER BLOCK RUBIO,COFLER,Golosinas,Chocolates,""
7791102055144,CHOC AMAR COOP GRANOS,COOPERATIVA,Golosinas,Chocolates,""
7791102055083,CHOC AMAR COOPE CREMOSO,COOPERATIVA,Golosinas,Chocolates,""
7791102055038,CHOC AMAR ECOOP S/SAL AGR,ECOOP,Golosinas,Chocolates,""
7792350067644,CHOC AMAR LA GRINGA CREM,LA GRINGA,Golosinas,Chocolates,""
7792350067637,CHOC AMAR LA GRINGA ENT,LA GRINGA,Golosinas,Chocolates,""
7792350067262,CHOC AMAR P PCIO CREM,PRIMER PRECIO,Golosinas,Chocolates,""
7792350067255,CHOC AMAR P PCIO GRANOS,PRIMER PRECIO,Golosinas,Chocolates,""
7792290278902,CHOC AMAR P PCIO TETRA CR,PRIMER PRECIO,Golosinas,Chocolates,""
7791102055090,CHOC BCO COOPE CREMOSO,COOPERATIVA,Golosinas,Chocolates,""
7792350067651,CHOC BCO LA GRINGA CREM,LA GRINGA,Golosinas,Chocolates,""
7792350067279,CHOC BCO P PCIO CREM,PRIMER PRECIO,Golosinas,Chocolates,""
7790206506958,CHOC FEELING 20 G,FELFORT,Golosinas,Chocolates,""
7790206514700,CHOC FELFORT CLASICO CACAO X 50 GRS,FELFORT,Golosinas,Chocolates,""
7790206513314,CHOC FELFORT MANI X 30 GR,FELFORT,Golosinas,Chocolates,""
0000080867067,CHOC KINDER BUENO DARK,KINDER,Golosinas,Chocolates,""
8000500050897,CHOC KINDER BUENO PACK,KINDER,Golosinas,Chocolates,""
7792360072485,CHOC NUGATON BLACK X 27 G,NUGATON,Golosinas,Chocolates,""
7792360072461,CHOC NUGATON BLANCO 27 G,NUGATON,Golosinas,Chocolates,""
7790580746612,CHOC TOFI LECHE X 55 GRS,TOFI,Golosinas,Chocolates,""
7790580103385,CHOC. COFLER BCO/LEC AIR X27G,COFLER,Golosinas,Chocolates,""
7790580103378,CHOC. COFLER BLANCO AIR X 27 GR,COFLER,Golosinas,Chocolates,""
7790580103361,CHOC. COFLER LECHE AIR X27GR,COFLER,Golosinas,Chocolates,""
7798036732196,CHOC. P.PRECIO BLANCO,PRIMER PRECIO,Golosinas,Chocolates,""
7798036732172,CHOC. PRIM PRECIO C/LECHE,PRIMER PRECIO,Golosinas,Chocolates,""
7790580103484,CHOC.COFLER LECHE 55g PAQ-55-gr.,COFLER,Golosinas,Chocolates,""
8410740906128,"CHOCLATE NEGRO 70% CACAO PURO, LACASA, 100 gr",LACASA,Golosinas,Chocolates,""
7792360096634,CHOCMAN BONAFIDE SEMIAMARGO X 35 GR,CHOCMAN,Golosinas,Chocolates,""
7792184003313,CHOCO BISCUIT DOYPAC,SORIANO,Golosinas,Chocolates,""
0000080761761,CHOCO BUENO BLANCO,KINDE,Golosinas,Chocolates,""
7899970403026,CHOCO COOKIES&CREAM,HERSH,Golosinas,Chocolates,""
8445291603684,CHOCO NESTLE ALMENDRA,NESTLE,Golosinas,Chocolates,""
8445291603622,CHOCO NESTLE CLASICO,NESTLE,Golosinas,Chocolates,""
8445292457521,CHOCO NESTLE CRUNCH,NESTLE,Golosinas,Chocolates,""
7891000437148,"CHOCOBISCUIT RELLENO CHOCO., NESTLE, 90 gr",NESTLE,Golosinas,Chocolates,""
7891000437209,"CHOCOBISCUIT RELLENO MANI, NESTLE, 90 gr",NESTLE,Golosinas,Chocolates,""
7792360094418,"CHOCOLATE  BLANCO, BONAFIDE, 100 gr",BONAFIDE,Golosinas,Chocolates,""
7790380025078,"CHOCOLATE  RELLENO DE PASTA DE MANI, FULL MANI, 110 gr",FULL MANI,Golosinas,Chocolates,""
7891330019977,CHOCOLATE 40% CACAO NEUGEBAUER FWP 80 GRM,NEUGEBAUER,Golosinas,Chocolates,""
7790580101732,CHOCOLATE AGUILA EXTRAFINO 70 CACAO X 70 GR,AGUILA,Golosinas,Chocolates,""
7790580118716,CHOCOLATE AGUILA EXTRAFINO 80 CACAO X 70 GR,AGUILA,Golosinas,Chocolates,""
7790580139094,CHOCOLATE ARCOR MUNDIAL X 25 GR,ARCOR,Golosinas,Chocolates,""
0000077991430,CHOCOLATE BIZNIKKE NEVADO X 28 GRS,BIZNIKKE,Golosinas,Chocolates,""
7622210745132,"CHOCOLATE BLANCO C/GALLETITAS OREO, MILKA, 55 gr",MILKA,Golosinas,Chocolates,""
7622300990213,"CHOCOLATE BLANCO C/OREO, MILKA, 155 gr",MILKA,Golosinas,Chocolates,""
0000077981912,"CHOCOLATE BLANCO CON MANI, COFLER BLOCK, 38 gr",COFLER BLOCK,Golosinas,Chocolates,""
0000077983992,"CHOCOLATE BLANCO CON MANI, SHOT, 35 gr",SHOT,Golosinas,Chocolates,""
7790380024217,CHOCOLATE BLANCO GEORGALOS 25 GRM,GEORGALOS,Golosinas,Chocolates,""
7891330020003,CHOCOLATE BLANCO NEUGEBAUER TAB 80 GRM,NEUGEBAUER,Golosinas,Chocolates,""
0000080052760,CHOCOLATE BUENO,KINDER,Golosinas,Chocolates,""
7790580103422,"CHOCOLATE C/LECHE AIREADO MIXTO, COFLER, 55 gr",COFLER,Golosinas,Chocolates,""
7790580146092,"CHOCOLATE C/LECHE C/ROCKLETS, COFLER, 140 gr",COFLER,Golosinas,Chocolates,""
7622300990183,"CHOCOLATE C/LECHE CASTAÑAS Y CARAM, MILKA, 155 gr",MILKA,Golosinas,Chocolates,""
7790380025122,"CHOCOLATE C/LECHE RELL. MILK, TODDY, 60 gr",TODDY,Golosinas,Chocolates,""
7790380025115,"CHOCOLATE C/LECHE RELL. MOUSSE, TODDY, 60 gr",TODDY,Golosinas,Chocolates,""
8445291565395,"CHOCOLATE C/LECHE Y ALMENDRAS, NESTLE, 50 gr",NESTLE,Golosinas,Chocolates,""
7891330019991,CHOCOLATE C/MANÍ NEUGEBAUER TAB 80 GRM,NEUGEBAUER,Golosinas,Chocolates,""
7790580103446,CHOCOLATE COFLER AIR CON LECHE TAB 100 GRM,COFLER,Golosinas,Chocolates,""
7792360094524,CHOCOLATE CON ALMENDRAS VIZZIO X 35 GR,VIZZIO,Golosinas,Chocolates,""
7899970402814,CHOCOLATE CON LECHE,HERSH,Golosinas,Chocolates,""
8445291565425,"CHOCOLATE CON LECHE CON ALMENDRAS, NESTLE, 25 gr",NESTLE,Golosinas,Chocolates,""
7891000437162,"CHOCOLATE CON LECHE DUO, NESTLE, 80 gr",NESTLE,Golosinas,Chocolates,""
7790380024194,CHOCOLATE CON LECHE GEORGALOS 25 GRM,GEORGALOS,Golosinas,Chocolates,""
7891330019984,CHOCOLATE CON LECHE NEUGEBAUER FWP 80 GRM,NEUGEBAUER,Golosinas,Chocolates,""
7792360952657,"CHOCOLATE CON LECHE Y MANI, BONAFIDE, 30 gr",BONAFIDE,Golosinas,Chocolates,""
7792360097709,"CHOCOLATE CON LECHE Y MANI, BONAFIDE, 90 gr",BONAFIDE,Golosinas,Chocolates,""
7622202328947,"CHOCOLATE CON LECHE, MILKA, 55 gr",MILKA,Golosinas,Chocolates,""
8445291565173,"CHOCOLATE CON LECHE, NESTLE, 45 gr",NESTLE,Golosinas,Chocolates,""
7622202333255,"CHOCOLATE CON LECHER Y MANI, SHOT, 90 gr",SHOT,Golosinas,Chocolates,""
7792360094500,CHOCOLATE CON MANI VIZZIO X 35 GR,VIZZIO,Golosinas,Chocolates,""
7790380025108,"CHOCOLATE CON MANI, FULL MANI, 150 gr",FULL MANI,Golosinas,Chocolates,""
7790380025177,"CHOCOLATE CON MANI, FULL MANI, 30 gr",FULL MANI,Golosinas,Chocolates,""
7790380025085,"CHOCOLATE CON MANI, FULL MANI, 90 gr",FULL MANI,Golosinas,Chocolates,""
7891000329665,CHOCOLATE DUO AIREADO SUFLAIR TAB 80 GRM,SUFLAIR,Golosinas,Chocolates,""
7610400010016,CHOCOLATE LINTD SWISS CLASIC MILK X 100 GR,LINDT,Golosinas,Chocolates,""
7797453001458,CHOCOLATE M&M MANI X 49 GR,M & M,Golosinas,Chocolates,""
8410740911542,"CHOCOLATE NEGRO C/ARANDANOS, LACASA, 100 gr",LACASA,Golosinas,Chocolates,""
7792430608255,"CHOCOLATE P/TAZA Y REPOSTERIA, BARILOCHE, 100 gr",BARILOCHE,Golosinas,Chocolates,""
7790407031273,CHOCOLATE PARA TAZA,AGUIL,Golosinas,Chocolates,""
7622210732507,"CHOCOLATE RELL. ALMENDRA Y CARAMELO, MILKA, 300 gr",MILKA,Golosinas,Chocolates,""
0000080050094,"CHOCOLATE RELL. C/LECHE MAXI, KINDER, 21 gr",KINDER,Golosinas,Chocolates,""
0000077973986,"CHOCOLATE RELL. PISTACHO DUBAI, COFLER, 43 gr",COFLER,Golosinas,Chocolates,""
7622300590062,"CHOCOLATE RELL. RASPBERRY, MILKA, 100 gr",MILKA,Golosinas,Chocolates,""
7622300757717,"CHOCOLATE RELL.LUFLEE CARAMEL, MILKA, 250 gr",MILKA,Golosinas,Chocolates,""
7790580146016,"CHOCOLATE RELLENO AVELLANAS, COFLER, 35 gr",COFLER,Golosinas,Chocolates,""
7622300846565,"CHOCOLATE RELLENO C/DDL., MILKA, 135 gr",MILKA,Golosinas,Chocolates,""
7798138291232,CHOCOLATE RELLENO DDL VAUQUITA X 70 GR,Vauquita,Golosinas,Chocolates,""
7790580132958,"CHOCOLATE RELLENO DDL, COFLER, 38 gr",COFLER,Golosinas,Chocolates,""
8445291565364,"CHOCOLATE SEMI AMARGO, NESTLE, 25 gr",NESTLE,Golosinas,Chocolates,""
8445291565333,"CHOCOLATE SEMI AMARGO, NESTLE, 50 gr",NESTLE,Golosinas,Chocolates,""
7792360094302,CHOCOLATE TAZA,BONAFIDE,Golosinas,Chocolates,""
7792360094319,CHOCOLATE TAZA 60 CACAO BONAFIDE X 100 GRS,BONAFIDE,Golosinas,Chocolates,""
7792360071365,CHOCOLATE TAZA TABLE,BONAF,Golosinas,Chocolates,""
7614500010013,CHOCOLATE TOBLERONE CON LECHE TAB 100 GRM,TOBLERONE,Golosinas,Chocolates,""
0040000514206,CHOCOLATE TWIX X 50.07GRS,TWIX,Golosinas,Chocolates,""
7790407031532,"CHOCOLITOS DE CHOCO SEMIAMARGO, AGUILA, 150 gr",AGUILA,Golosinas,Chocolates,""
7891000377543,CHOCOTRIO MILK BISCU,NESTL,Golosinas,Chocolates,""
7891000377642,CHOCOTRIO PEANU BISC,NESTL,Golosinas,Chocolates,""
7891000437186,CLASSIC CHOCO MILK NESTLE,NESTLE,Golosinas,Chocolates,""
7790580142513,COF POS CHOCOLI 110G,COFLER,Golosinas,Chocolates,""
0000077971685,COFL CHO LECH 18G,COFLER,Golosinas,Chocolates,""
7790580141752,COFLER 60 CACAO 100G,COFLER,Golosinas,Chocolates,""
7790580141776,COFLER 60 NARAN 100G,COFLER,Golosinas,Chocolates,""
7790580132750,"COFLER BLOCK MITI MITI, COFLER, 170 gr",COFLER,Golosinas,Chocolates,""
7790580695316,COFLER Blanco & Cookies Macizo 55 G TAB-55-gr.,COFLER,Golosinas,Chocolates,""
7790580144005,COFLER TAB AVEL 140G,COFLER,Golosinas,Chocolates,""
7790580116897,CONF ROCKLETS COOKIE X 35 GR,ROCKLETS,Golosinas,Chocolates,""
7792360097976,CONFITES VIZZIO MANI CROCANTE  X 80 GR,VIZZIO,Golosinas,Chocolates,""
7622300335052,"CUBANITOS BAÑADOS C/CHOCO. SNACKY, TERRABUSI, 60 gr",TERRABUSI,Golosinas,Chocolates,""
7622201812805,Chcolate MILKA Leger Almendras 110g PAQ-110-gr.,MILKA,Golosinas,Chocolates,""
7790580103439,Choc Cofler Air Almendras 55 Gr,COFLER,Golosinas,Chocolates,""
7790580103415,Choc Cofler Air Blanco 55 Gr,COFLER,Golosinas,Chocolates,""
7891000107836,Choc Suflair 50 Gr,SUFLAIR,Golosinas,Chocolates,""
0000077962898,Choco Biscuit SORIANO Display 20  grs PAQ-20-gr.,SORIANO,Golosinas,Chocolates,""
7790580137090,Chocolate BLOCK Blanco x38g CJA-38-gr.,COFLER,Golosinas,Chocolates,""
0000077917706,Chocolate COFLER BLOCK leche c/ maní BCK-38-gr.,COFLER,Golosinas,Chocolates,""
7790580115579,Chocolate COFLER BLOCKAZO 1KG PAQ-1000-gr.,COFLER,Golosinas,Chocolates,""
7790580123642,Chocolate COFLER Yougurt Frutilla PAQ-64-gr.,COFLER,Golosinas,Chocolates,""
7797394001654,Chocolate KINDER leche relleno leche CJA-50-gr.,KINDER,Golosinas,Chocolates,""
0000080177609,Chocolate KINDER leche relleno leche CJA-50-gr.,KINDER,Golosinas,Chocolates,""
0000077949707,Chocolate KINDER leche relleno leche TAB-100-gr.,KINDER,Golosinas,Chocolates,""
7797394001692,Chocolate KINDER leche relleno leche TAB-100-gr.,KINDER,Golosinas,Chocolates,""
0000080177616,Chocolate KINDER leche relleno leche TAB-100-gr.,KINDER,Golosinas,Chocolates,""
7891000379073,Chocolate KITKAT Black x41.5gr CJA-41.50-gr.,KIT KAT,Golosinas,Chocolates,""
0000080050315,"Chocolate Kinder x 12,5 grs PAQ-12.5-gr.",KINDER,Golosinas,Chocolates,""
7622210745293,Chocolate MILKA castaña PAQ-55-gr.,MILKA,Golosinas,Chocolates,""
7622210745224,Chocolate MILKA leche PAQ-55-gr.,MILKA,Golosinas,Chocolates,""
7790538000537,Chocolate MINI ARROCITAS BSA-53-gr.,ARROCITAS,Golosinas,Chocolates,""
7891000368893,Chocolate NESTLE Diplomata Classic 80g TAB-80-gr.,NESTLE,Golosinas,Chocolates,""
7891000368626,Chocolate NESTLE GALAK Blanco x80g TAB-80-gr.,GALAK,Golosinas,Chocolates,""
7613287526311,Chocolate NESTLE c/Mani 150g TAB-150-gr.,NESTLE,Golosinas,Chocolates,""
7891000368572,Chocolate NESTLE medio amargo classic 80 TAB-80-gr.,NESTLE,Golosinas,Chocolates,""
7891000329856,Chocolate SUFLAIR Milk x80g TAB-80-gr.,SUFLAIR,Golosinas,Chocolates,""
7790407031075,Chocolate aguila et.blanca TAB-100-gr.,AGUILA,Golosinas,Chocolates,""
7790580130565,Chocolates COFLER BLOCK 256g CJA-256-gr.,BLOCK,Golosinas,Chocolates,""
7798070860916,FRED TABLETA CHO X6,FREDDO,Golosinas,Chocolates,""
7790878185222,FROZEN LECHE 140GR,DEL TURISTA,Golosinas,Chocolates,""
7790380037903,GEOR CONFI CHO 680G,GEORGALOS,Golosinas,Chocolates,""
7790380011880,GEOR MANI CHO 100G,GEORGALOS,Golosinas,Chocolates,""
7790380019626,GEORGALOS FLOW CEREA,GEORGALOS,Golosinas,Chocolates,""
7798352260045,GIO AMARGO 150GR,GIO,Golosinas,Chocolates,""
0000078931039,H KINDER SOPRESA NATOON,KINDER,Golosinas,Chocolates,""
7790580133573,HUEVO ARCOR MILK X 22 GR,ARCOR,Golosinas,Chocolates,""
7898024395867,HUEVO CHOCOLATE C SORPRESA ROSA KINDER X 2 UNI,KINDER,Golosinas,Chocolates,""
0000040084107,HUEVO CHOCOLATE SORPRESA CELESTE KINDER X 20 GRS,KINDER,Golosinas,Chocolates,""
0000078931053,HUEVO CHOCOLATE SORPRESA ROSA KINDER X 20 GRS,KINDER,Golosinas,Chocolates,""
7790380032038,HUEVO D/CHOCOLATE C/CONF.CHOC. MANTECOL FWP 22 GRM,MANTECOL,Golosinas,Chocolates,""
7790380032618,HUEVO D/CHOCOLATE C/MIN.CONF TODDY FWP 22 GRM,TODDY,Golosinas,Chocolates,""
7795522404810,HUEVO PALMESANO LECHE DEC,PALMESANO,Golosinas,Chocolates,""
7797394001555,Huevo KINDER Sorpresa x40gr PAQ-40-gr.,KINDER,Golosinas,Chocolates,""
7797394000749,Huevo KINDERSorpresa Lei Pack 2x48 40 gr CJA-40-gr.,KINDER,Golosinas,Chocolates,""
0000077939500,Huevo Kinder Sorpresa Lei T1 CJA-20-gr.,KINDER,Golosinas,Chocolates,""
7797394001104,Huevo Kinder Sorpresa Lei T1 CJA-20-gr.,KINDER,Golosinas,Chocolates,""
7790380032465,Huevo Pascua GEORGALOS chocomoti x22g PCK-22-gr.,GEORGALOS,Golosinas,Chocolates,""
0000400841074,Huevos KINDER sorpresa choc x 1 un PAQ-20-gr.,KINDER,Golosinas,Chocolates,""
7891000441039,KIT KAT MIST HW 41G,KITKAT,Golosinas,Chocolates,""
8410740006262,LACASITOS CHO 190G,LACASA,Golosinas,Chocolates,""
7610400014038,LINDT SWISS CLASSIC TABLETA MILK ALMOND X 100 GR,LINDT,Golosinas,Chocolates,""
7610400010023,LINDT SWISS CLASSIC TABLETA MILK HAZELNUT X 100 GR,LINDT,Golosinas,Chocolates,""
0040000017325,M&M's MANI PAQ-150-gr.,M & M,Golosinas,Chocolates,""
0400000003276,M&M's MANI x 49g PAQ-499-gr.,M & M,Golosinas,Chocolates,""
7792360095279,MEC TABL CHBCOO 45G,MECANO,Golosinas,Chocolates,""
7792360095262,MEC TABL CHO 45G,MECANO,Golosinas,Chocolates,""
7622300134532,MILK CARA AVELL 304G,MILKA,Golosinas,Chocolates,""
7622210678171,MILK STRAW CHES 300G,MILKA,Golosinas,Chocolates,""
7798304841544,MILKA 59GR,MILKA,Golosinas,Chocolates,""
7622202322181,MILKA AIR COMB 25G,MILKA,Golosinas,Chocolates,""
7790538000582,MINI ARROC CARAM 53G,ARROCITAS,Golosinas,Chocolates,""
7790538010406,MINI ARROCI HIER 53G,ARROCITAS,Golosinas,Chocolates,""
7790538010413,MINI ARROCI QUES 53G,ARROCITAS,Golosinas,Chocolates,""
9012200872739,MLK CHOCO SWING 300G,MILKA,Golosinas,Chocolates,""
0040000001447,MYMS CHOCO MANI 46G,M Y M,Golosinas,Chocolates,""
7798066799480,NARANJA CHOC,SIN MARCA,Golosinas,Chocolates,""
8445291996809,NESTLE ALME AMAR 80G,NESTLE,Golosinas,Chocolates,""
7792222041055,NUGATON LECHE x 27g PAQ-27-gr.,NUGATON,Golosinas,Chocolates,""
7792360092711,NUGATON POS MAN 75G,NUGATON,Golosinas,Chocolates,""
7792360072447,OBLEA BANADA CHOCOLATE C LECHE NUGATON X 27 GR,NUGATON,Golosinas,Chocolates,""
7790580346607,OBLEA BON O BON BCO 30G,BON O BON,Golosinas,Chocolates,""
7790580346508,OBLEA BON O BON LECHE,BON O BON,Golosinas,Chocolates,""
7899970400674,OBLEA HERSHEYS MAIS CHOCOLATE CON LECHE,HERSHEYS,Golosinas,Chocolates,""
7790580346515,OBLEA RELL CHOC LECH,BON O BON,Golosinas,Chocolates,""
7790349851694,OBLEAS RELLENAS CHOC,Z,Golosinas,Chocolates,""
7793123016111,OBLITA CUBANIT CHOC,OBLITA,Golosinas,Chocolates,""
7790380016922,Postre GEORGALOS nucrem x 84g PAQ-84-gr.,GEORGALOS,Golosinas,Chocolates,""
7790580151560,ROCKL MAX MOM HW 40G,ROCKLETS,Golosinas,Chocolates,""
7790580327613,ROCKLETS MANI CHOC 12X18X40G,ROCKLETS,Golosinas,Chocolates,""
0000077928894,SAPITO CHOCO 10G,SAPITO,Golosinas,Chocolates,""
7798094220444,SMACK OBLE MANI 33G,SMACK,Golosinas,Chocolates,""
0040000001058,SNICKERS ALMEND 50G,SNICKERS,Golosinas,Chocolates,""
7891330020010,TA NEUGE N Y B,NEUGEBAUER,Golosinas,Chocolates,""
7790580101879,TAB AGUILA 60% CAC/NAR,AGUILA,Golosinas,Chocolates,""
7790580155322,TAB AGUILA 60% CACAO,AGUILA,Golosinas,Chocolates,""
7790580124564,TAB AGUILA 60%C C/FRAMB,AGUILA,Golosinas,Chocolates,""
7790580139179,TAB AGUILA 70% CACAO,AGUILA,Golosinas,Chocolates,""
7790580139162,TAB AGUILA 80% CACAO,AGUILA,Golosinas,Chocolates,""
7790580143015,TAB AGUILA NARANJITAS,AGUILA,Golosinas,Chocolates,""
7792430903404,TAB BARIL ALM 100 GR,BARILOCHE,Golosinas,Chocolates,""
7790580127145,TAB COFLER BON O BON AIR X 30 GR,COFLER,Golosinas,Chocolates,""
7790580126261,TAB COFLER CHOCOTORTA,COFLER,Golosinas,Chocolates,""
7790580126735,TAB COFLER CHOCOTORTA,COFLER,Golosinas,Chocolates,""
7790580124250,TAB COFLER COOKIE&CREAM,COFLER,Golosinas,Chocolates,""
7790580126254,TAB COFLER DOB MOUSSE,COFLER,Golosinas,Chocolates,""
7790580126742,TAB COFLER DOB MOUSSE,COFLER,Golosinas,Chocolates,""
7622202257599,TAB MILKA WHOLE NUTS,MILKA,Golosinas,Chocolates,""
7891330021505,TAB NE COOKIES,NEUGEBAUER,Golosinas,Chocolates,""
7790580123741,TABL COFLER GRAFFITI BLANCO X 45 GR,COFLER,Golosinas,Chocolates,""
7790580111755,TABL COFLER GRAFFITI X45G,GRAFFITI,Golosinas,Chocolates,""
7798070860237,TABLETA AMERICANA,FREDD,Golosinas,Chocolates,""
7790580117979,TABLETA BON O BON ALVEOLOS X 48 GR,BON-O-BON,Golosinas,Chocolates,""
7790580146047,TABLETA BON O BON X 160 GRS,BON O BON,Golosinas,Chocolates,""
7790580103477,TABLETA CHOC C ALMEND AIREADO COFLER FLOW X 100 GR,COFLER,Golosinas,Chocolates,""
7790580103743,TABLETA CHOC C MANI COFLER BLOCK FLOW X 300 GRS,COFLER,Golosinas,Chocolates,""
7790580103460,TABLETA CHOC MIXTO AIREADO COFLER FLOW X 100 GRS,COFLER,Golosinas,Chocolates,""
7790580127336,TABLETA CHOCO BLANCO C CHOCOLINAS COFLER X 140 GRS,COFLER,Golosinas,Chocolates,""
7790580033408,TABLETA CHOCO LECHE AIREADO COFLER FLOW X 55 GRS,COFLER,Golosinas,Chocolates,""
7622201492465,TABLETA CHOCO RELLENA MILKA CHOCOPAUSE X 45 GRS,MILKA,Golosinas,Chocolates,""
7790407031013,TABLETA CHOCOLATE AGUILA X 100 GRS,AGUILA,Golosinas,Chocolates,""
7622202322150,TABLETA CHOCOLATE AIREADO LECHE MILKA X 25 GRS,MILKA,Golosinas,Chocolates,""
7790580142995,TABLETA CHOCOLATE AMARGO 80 CACAO AGUILA X 150 GRS,AGUILA,Golosinas,Chocolates,""
7622202322129,TABLETA CHOCOLATE BCO Y DDL MILKA X 29 GRS,MILKA,Golosinas,Chocolates,""
7790580103538,TABLETA CHOCOLATE BLANCO COOKIES COFLER X 55 GRS,COFLER,Golosinas,Chocolates,""
7790580102890,TABLETA CHOCOLATE BLANCO MANI ARCOR X 80 GRS,ARCOR,Golosinas,Chocolates,""
7622210795908,TABLETA CHOCOLATE BLANCO MILKA OREO X 20 GRS,MILKA,Golosinas,Chocolates,""
7790580128234,TABLETA CHOCOLATE C ALMENDRAS COFLER X 140 GRS,COFLER,Golosinas,Chocolates,""
7790580102852,TABLETA CHOCOLATE C LECHE MANI ARCOR X 80 GRS,ARCOR,Golosinas,Chocolates,""
7791249451656,TABLETA CHOCOLATE C LECHE Y MANI SHOT X 90 GRS,SHOT,Golosinas,Chocolates,""
7790580105013,TABLETA CHOCOLATE C MANI COFLER BLOCK X 170 GRS,COFLER,Golosinas,Chocolates,""
0000077953124,TABLETA CHOCOLATE C MANI COFLER BLOCK X 38 GRS,BLOCK,Golosinas,Chocolates,""
0000077914217,TABLETA CHOCOLATE C MANI SHOT X 35 GRS,SHOT,Golosinas,Chocolates,""
8410740906005,"TABLETA CHOCOLATE C/NARANJA, LACASA, 100 gr",LACASA,Golosinas,Chocolates,""
7790580127947,TABLETA CHOCOLATE COFLER X 140 GRS,COFLER,Golosinas,Chocolates,""
7622201807405,TABLETA CHOCOLATE CON ALMENDRAS CADBURY X 82 GRS,CADBURY,Golosinas,Chocolates,""
7622210795625,TABLETA CHOCOLATE CON LECHE MILKA X 20 GRS,MILKA,Golosinas,Chocolates,""
8445291565203,TABLETA CHOCOLATE CON LECHE NESTLE X 25 GRS,NESTLE,Golosinas,Chocolates,""
7790580109882,TABLETA CHOCOLATE EXTRA FINO AGUILA X 150 GRS,AGUILA,Golosinas,Chocolates,""
7891000422052,TABLETA CHOCOLATE KIT KAT 3 CHOCOLATES X 41.5 GRS,KIT KAT,Golosinas,Chocolates,""
7790580033507,TABLETA CHOCOLATE RELLENA ALMEND COFLER X 55G,COFLER,Golosinas,Chocolates,""
7622201492717,TABLETA CHOCOLATE RELLENA MILKA CHOCOPAUSE X 45 GR,MILKA,Golosinas,Chocolates,""
7622202322068,TABLETA CHOCOLATE Y DDL MILKA X 29 GRS,MILKA,Golosinas,Chocolates,""
7622201812775,TABLETA DE CHOC COMBINADO AIREADO MILKA X 110 GRS,MILKA,Golosinas,Chocolates,""
7622201818951,TABLETA DE CHOC COMBINADO AIREADO MILKA X 50 GRS,MILKA,Golosinas,Chocolates,""
7622201818975,TABLETA DE CHOCO C ALMENDRAS AIREADO MILKA X 50 GR,MILKA,Golosinas,Chocolates,""
7622201818579,TABLETA DE CHOCOLATE 3 SUENOS CADBURY X 25 GRS,CADBURY,Golosinas,Chocolates,""
7622201812744,TABLETA DE CHOCOLATE AIREADO MILKA X 110 GRS,MILKA,Golosinas,Chocolates,""
7622201818937,TABLETA DE CHOCOLATE AIREADO MILKA X 50 GRS,MILKA,Golosinas,Chocolates,""
7794612491013,TABLETA DE CHOCOLATE BICOLOR HAMLET X 42 GRS,HAMLET,Golosinas,Chocolates,""
7790580607418,TABLETA DE CHOCOLATE BLANCO ARCOR X 25 GRS,ARCOR,Golosinas,Chocolates,""
7622210745583,TABLETA DE CHOCOLATE BLANCO MILKA X 55 GRS,MILKA,Golosinas,Chocolates,""
7622210745620,TABLETA DE CHOCOLATE C ALMEN M JOY MILKA X 55 GRS,MILKA,Golosinas,Chocolates,""
7622300990152,TABLETA DE CHOCOLATE C ALMENDRAS MILKA X 155 GRS,MILKA,Golosinas,Chocolates,""
7790580607210,TABLETA DE CHOCOLATE C LECHE ARCOR X 25 GRS,ARCOR,Golosinas,Chocolates,""
7622300990114,TABLETA DE CHOCOLATE C LECHE MILKA X 150 GRS,MILKA,Golosinas,Chocolates,""
7622300424084,TABLETA DE CHOCOLATE C LECHE Y MANI SHOT X 170 GRS,SHOT,Golosinas,Chocolates,""
7790580124960,TABLETA DE CHOCOLATE C MANI ARCOR X 25 GRS,ARCOR,Golosinas,Chocolates,""
7891000368992,TABLETA DE CHOCOLATE CLASSIC DUO NESTLE X 80 GRS,NESTLE,Golosinas,Chocolates,""
7891000369098,TABLETA DE CHOCOLATE CLASSIC NESTLE X 80 GRS,NESTLE,Golosinas,Chocolates,""
7613287526236,TABLETA DE CHOCOLATE CON MANI NESTLE X 33 GRS,NESTLE,Golosinas,Chocolates,""
7613287529497,TABLETA DE CHOCOLATE CON MANI NESTLE X 90 GRS,NESTLE,Golosinas,Chocolates,""
7622201818692,TABLETA DE CHOCOLATE CON YOGUR CADBURY X 162 GRS,CADBURY,Golosinas,Chocolates,""
7622201818654,TABLETA DE CHOCOLATE CON YOGUR CADBURY X 29 GRS,CADBURY,Golosinas,Chocolates,""
7891000369371,TABLETA DE CHOCOLATE CRUNCH NESTLE X 80G,NESTLE,Golosinas,Chocolates,""
0000077977991,"TABLETA DE CHOCOLATE MILK, ARCOR, 12 gr",ARCOR,Golosinas,Chocolates,""
7792430609719,"TABLETA DE CHOCOLATE PARA TAZA, BOMBONETT, 100 gr",BOMBONETT,Golosinas,Chocolates,""
7790580103521,TABLETA DE CHOCOLATE RELL. ROCKLETS COFLER X55G,COFLER,Golosinas,Chocolates,""
7891000248799,TABLETA DE CHOCOLATE RELLENA KIT KAT X 41.5 GR,KIT KAT,Golosinas,Chocolates,""
7622210788207,TABLETA DE CHOCOLATE RELLENA MILKA BIS X 106 GRS,MILKA,Golosinas,Chocolates,""
7790580120092,TABLETA DE CHOCOLATE SEMIAMARGO ARCOR X 25 GRS,ARCOR,Golosinas,Chocolates,""
7790580106560,TABLETA DE CHOCOLATE TRES PLACERES COFLER X 55 GRS,COFLER,Golosinas,Chocolates,""
7622201818739,TABLETA DE CHOCOLATE TRES SUENOS CADBURY X 82 GRS,CADBURY,Golosinas,Chocolates,""
7798138290013,TABLETA DE DULCE DE LECHE VAUQUITA BOL 100 GRM,VAUQUITA,Golosinas,Chocolates,""
7798138290143,TABLETA DE DULCE DE LECHE VAUQUITA LIGHT TAB 140 GRM,VAUQUITA,Golosinas,Chocolates,""
7798070860220,TABLETA DULCE D LECH,FREDD,Golosinas,Chocolates,""
0000077927361,TABLETA DULCE DE LECHE LIGHT VAUQUITA X 22 GRS.,VAUQUITA,Golosinas,Chocolates,""
0000077976109,TABLETA DULCE DE LECHE VAUQUITA X 25 GRS,VAUQUITA,Golosinas,Chocolates,""
7798138290570,TABLETA VAUQUITA BLACK X 80 GR,Vauquita,Golosinas,Chocolates,""
7792430903374,TABLETAS BAR  100 GR,BARILOCHE,Golosinas,Chocolates,""
7790580115562,Tableta COFLER  BOB Aireada PAQ-67-gr.,COFLER,Golosinas,Chocolates,""
7798138290136,Tableta VAUQUITA DDL Light x 4 un BLI-88-gr.,VAUQUITA,Golosinas,Chocolates,""
7790580124397,Tableta chocolate AGUILA 70% Cacao TAB-150-gr.,AGUILA,Golosinas,Chocolates,""
7792360095071,Tableta chocolate VIZZIO blanca x90g BSA-90-gr.,VIZZIO,Golosinas,Chocolates,""
7792360095002,Tableta chocolate VIZZIO leche x50g BSA-50-gr.,VIZZIO,Golosinas,Chocolates,""
7792360095019,Tableta chocolate VIZZIO leche x90gr BSA-90-gr.,VIZZIO,Golosinas,Chocolates,""
7790380004882,baño de rep GEORGALOS semiamargo PAQ-150-gr.,GEORGALOS,Golosinas,Chocolates,""
7790580980801,choARCORcrem LAT x300 gr. Amarillo Cremo LAT-300-gr.,ARCOR,Golosinas,Chocolates,""
7622201800505,chocolate CADBURY Intense 162g PAQ-160-gr.,CADBURY,Golosinas,Chocolates,""
7622201818609,chocolate CADBURY Intense 25g PAQ-25-gr.,CADBURY,Golosinas,Chocolates,""
7622201818715,chocolate CADBURY YOGHURT FRUTILLA 82g PAQ-82-gr.,CADBURY,Golosinas,Chocolates,""
7790580103453,chocolate COFLER Aireado blanco PAQ-100-gr.,COFLER,Golosinas,Chocolates,""
0000077950031,chocolate Cofler BLOCK Con maní TAB-110-gr.,COFLER,Golosinas,Chocolates,""
7790380005612,chocolate GEORGALOS con leche TAB-70-gr.,GEORGALOS,Golosinas,Chocolates,""
7790380045618,chocolate GEORGALOS con leche TAB-70-gr.,GEORGALOS,Golosinas,Chocolates,""
7622300844967,chocolate MILKA DDL Blanco PAQ-67.5-gr.,MILKA,Golosinas,Chocolates,""
7622300844943,"chocolate MILKA DDL Con leche 67,5g PAQ-6.7-gr.",MILKA,Golosinas,Chocolates,""
7799035282538,ANIMALES CHUPETIN,PHI PHI TOYS,Golosinas,Gomitas y chupetines,""
7798186034591,BILL GOM ACID 150G,BILLIKEN,Golosinas,Gomitas y chupetines,""
7798186032535,BILLIKEN GOMITA EUCA X 30G,BILLIKEN,Golosinas,Gomitas y chupetines,""
7798186032511,BILLIKEN GOMITAS ACIDAS X 30G,BILLIKEN,Golosinas,Gomitas y chupetines,""
7798186032542,BILLIKEN GOMITAS SURTIDAS FRUTAL X 30G,BILLIKEN,Golosinas,Gomitas y chupetines,""
7790580106935,BOMBON FRUTA ARCOR POT 500 GRM,MOGUL,Golosinas,Gomitas y chupetines,""
7622202216473,"CARAM MAST GUSANITOS SAB NAR/ARAND, BUBBALOO, 83 gr",BUBBALOO,Golosinas,Gomitas y chupetines,""
7790580129606,CARAM MUNDIAL MOGUL PALOT,MUNDIAL,Golosinas,Gomitas y chupetines,""
7790580141660,"CARAMELO DE GOMA TUBITOS EXT TUTTI, MOGUL, 70 gr",MOGUL,Golosinas,Gomitas y chupetines,""
7790580151065,"CARAMELO MAST.GOMA MINI TUBITOS, MOGUL EXTREME, 100 gr",MOGUL EXTREME,Golosinas,Gomitas y chupetines,""
7790580150648,"CARAMELOS BLANDOS CONFITADOS, MOGUL, 70 gr",MOGUL,Golosinas,Gomitas y chupetines,""
7791359120275,"CARAMELOS DE GELATINA EMOCIONES, TEMBLEKE, 48 gr",TEMBLEKE,Golosinas,Gomitas y chupetines,""
7790580116880,"CARAMELOS MASTI.CONF.RELL.SPLASH, MOGUL, 30 gr",MOGUL,Golosinas,Gomitas y chupetines,""
7790580116873,CARAMELOS RELL.SPLASH EXTEME MOGUL FWP 30 GRM,MOGUL,Golosinas,Gomitas y chupetines,""
7790580739003,CHUP.TROMPITO FRUTAL.12X50UX11G PAQ-11.781-gr.,ARCOR,Golosinas,Gomitas y chupetines,""
0000077991959,CHUPETIN,PICOD,Golosinas,Gomitas y chupetines,""
7798130954746,CHUPETIN AIR POP 1 uni.11gr,IMPORTADORA SUDAMERICANA S.R.L,Golosinas,Gomitas y chupetines,""
7792860005785,CHUPETIN BABY DOLL,LHERITIER,Golosinas,Gomitas y chupetines,""
7798130954319,CHUPETIN CRAZY POP NARANJA X 12 GR,CRAZY POP,Golosinas,Gomitas y chupetines,""
7798130954289,CHUPETIN CRAZY POP SANDIA X 12 GR,CRAZY POP,Golosinas,Gomitas y chupetines,""
7790380029618,CHUPETIN FLYNN TUTTI,FLYNN PAFF,Golosinas,Gomitas y chupetines,""
7790580252908,CHUPETIN FRUTAL MISTER POPS X 125 GRS,MISTER POPS,Golosinas,Gomitas y chupetines,""
7790580252809,CHUPETIN FRUTALES PO,MISTER POPS,Golosinas,Gomitas y chupetines,""
7790580118099,CHUPETIN MR.POPS EVOL.BLUEBER. PAQ-432-gr.,MR POP´S,Golosinas,Gomitas y chupetines,""
7790580154318,CHUPETIN MUNDIAL MR POPS,MR.POPS,Golosinas,Gomitas y chupetines,""
7792860004542,CHUPETIN PICO DULCE X 5 UNI,PICO DULCE,Golosinas,Gomitas y chupetines,""
7798040463598,CHUPETIN PUSH POP FRUTAL X 14 GR,PUSH POP,Golosinas,Gomitas y chupetines,""
7798040463352,CHUPETIN RING POP FRUTAL X 10 GR,RING POP,Golosinas,Gomitas y chupetines,""
7790580151171,"CHUPETIN SABOR FRUTILLA EXPLOSIVE, MISTER POPS, 10 gr",MISTER POPS,Golosinas,Gomitas y chupetines,""
7792860011212,CHUPETON-CITO LHERITIER,LHERITIER,Golosinas,Gomitas y chupetines,""
7790580104429,CONFITES MOGUL MASTI ACIDOS X 30 GR,MOGUL,Golosinas,Gomitas y chupetines,""
7790580151133,CONFITES MOGUL MASTI SPLASH ACIDOS X 72 GR,MOGUL,Golosinas,Gomitas y chupetines,""
7790580150761,CONFITES MOGUL MASTI SPLASH X 72 GR,MOGUL,Golosinas,Gomitas y chupetines,""
7790580104382,CONFITES MOGUL MASTI X 30 GR,MOGUL,Golosinas,Gomitas y chupetines,""
0022000018465,CONFITES ORIGINALES SKITTLES X 61.5 GRS,SKITTLES,Golosinas,Gomitas y chupetines,""
0022000018489,CONFITES SKITTLES WILD BERRY X 61 GR,SKITTLES,Golosinas,Gomitas y chupetines,""
0040000002666,CONFITES SOUR ACIDO SKITTLES X 51 GRS,SKITTLES,Golosinas,Gomitas y chupetines,""
7622201802592,Caramelos PALITOS DE LA SELVA x660gr BSA-660-gr.,STANI,Golosinas,Gomitas y chupetines,""
7790380029878,Chupetines PALITOSDE LA SELVA x432g BSA-430-gr.,PALITOS DE LA SELVA,Golosinas,Gomitas y chupetines,""
7790580116811,Chupetines surtidos MR POP EVOLUTION PAQ-432-gr.,MR POP´S,Golosinas,Gomitas y chupetines,""
7790380490128,FLYNN PAFF  PALITOX6,FLYNN PAFF,Golosinas,Gomitas y chupetines,""
7790380029632,FLYNN PAFF CHUPETIN,FLYNN PAFF,Golosinas,Gomitas y chupetines,""
7790380029816,FLYNN PAFF CHUPETIN,FLYNN PAFF,Golosinas,Gomitas y chupetines,""
7790380002826,FLYNN PAFF CONFITADOS X 50 GR,FLYNN PAFF,Golosinas,Gomitas y chupetines,""
7798347080542,FUN LASER POP 12G,FUN,Golosinas,Gomitas y chupetines,""
7791359120091,GELATINAS TREMBLY BICHOS DSP 48 GRM,TREMBLY,Golosinas,Gomitas y chupetines,""
7790580129347,GOMAS SANDIA OSO MOGUL EXTREME X 50 GRS,MOGUL,Golosinas,Gomitas y chupetines,""
7790580152215,GOMITAS ANILLOS FRUTALES MOGUL X 80 GRM,MOGUL,Golosinas,Gomitas y chupetines,""
7798186033624,GOMITAS FRUTALES,BILLI,Golosinas,Gomitas y chupetines,""
7798040469415,GOMITAS FRUTALES FUN DIPPERZ X 54 GRM,FUN DIPPERZ,Golosinas,Gomitas y chupetines,""
7622202216589,GOMITAS FRUTILLA BUBBALOO X 15 GRS,BUBBALOO,Golosinas,Gomitas y chupetines,""
7622202217296,GOMITAS FRUTILLA CIT BUBBALOO X 16.5 GRS,BUBBALOO,Golosinas,Gomitas y chupetines,""
7622202217265,GOMITAS MIX CIT BUBBALOO X 16.5 GRS,BUBBALOO,Golosinas,Gomitas y chupetines,""
7790580101428,GOMITAS MOGUL ARANITAS RELLENAS X 30 GR,MOGUL,Golosinas,Gomitas y chupetines,""
7790580133030,GOMITAS MOGUL CEREBRITOS RELLENOS X 30 GR,MOGUL,Golosinas,Gomitas y chupetines,""
7790580137571,GOMITAS MOGUL DIENTES X 50 GR,MOGUL,Golosinas,Gomitas y chupetines,""
7790580133009,GOMITAS MOGUL DUO MUNDIAL X 30 GR,MOGUL,Golosinas,Gomitas y chupetines,""
7790580155360,GOMITAS MOGUL EXT FRUT,MOGUL,Golosinas,Gomitas y chupetines,""
7790580101435,GOMITAS MOGUL EXTREME PICANTE X 30 GR,MOGUL,Golosinas,Gomitas y chupetines,""
7790580124380,GOMITAS MOGUL FRUTILLA,MOGUL,Golosinas,Gomitas y chupetines,""
7790580139421,GOMITAS MOGUL JELLY BEANS MUNDIAL X 50 GR,MOGUL,Golosinas,Gomitas y chupetines,""
7790580141844,GOMITAS MOGUL JELLY BEANS X 50 GRS,MOGUL,Golosinas,Gomitas y chupetines,""
7790580124472,GOMITAS MOGUL MANGO 360,MOGUL,Golosinas,Gomitas y chupetines,""
7790580124342,GOMITAS MOGUL OSO SURTIDO,MOGUL,Golosinas,Gomitas y chupetines,""
7790580146375,GOMITAS MOGUL TUBITOS FRUTILLA X 15 GR,MOGUL,Golosinas,Gomitas y chupetines,""
7790580146825,GOMITAS MOGUL TUBITOS TUTTI FRUTTI X 15 GR,MOGUL,Golosinas,Gomitas y chupetines,""
7790580124458,GOMITAS MOGUL UVA 360,MOGUL,Golosinas,Gomitas y chupetines,""
7790580118617,GOMITAS MORAS MOGUL X 80 GRM,MOGUL,Golosinas,Gomitas y chupetines,""
7790580140472,GOMITAS MUNDIAL LADRILLO,MOGUL,Golosinas,Gomitas y chupetines,""
7799054068083,GOMITAS NAT EUCALIPTUS X 150 GR,NAT,Golosinas,Gomitas y chupetines,""
7799054068090,GOMITAS NAT MENTOL X 150 GR,NAT,Golosinas,Gomitas y chupetines,""
7790580199913,GOMITAS OSITOS MOGUL X 30 GRS,MOGUL,Golosinas,Gomitas y chupetines,""
7790580602000,GOMITAS ROLLO MOGUL X 12 GRS,MOGUL,Golosinas,Gomitas y chupetines,""
7502226819914,GOMITAS SKITTLES ORIGINAL X 50 GR,SKITTLES,Golosinas,Gomitas y chupetines,""
7502226819938,GOMITAS SKITTLES WILDBERRY X 50 GR,SKITTLES,Golosinas,Gomitas y chupetines,""
7798186034683,GOMITAS YUMMY FRUTILLA CON CREMA X 150 GR,YUMMY,Golosinas,Gomitas y chupetines,""
7798186034690,GOMITAS YUMMY MORITAS X 150 GR,YUMMY,Golosinas,Gomitas y chupetines,""
7798186034843,GOMITAS YUMMY OSITOS ACIDOS X 150 GR,YUMMY,Golosinas,Gomitas y chupetines,""
7798186030593,GONGYS MARSHMALLOWS X 28 G,GONGYS,Golosinas,Gomitas y chupetines,""
7790580169312,Gomitas MOGUL Cerebritos PAQ-30-gr.,MOGUL,Golosinas,Gomitas y chupetines,""
7790580129422,Gomitas MOGUL Frutales 50g BSA-50-gr.,MOGUL,Golosinas,Gomitas y chupetines,""
7790580140441,Gomitas MOGUL Tubitos Frutilla x620g CJA-625-gr.,MOGUL,Golosinas,Gomitas y chupetines,""
7790580230111,Gomitas MOGUL Viboritas PAQ-30-gr.,MOGUL,Golosinas,Gomitas y chupetines,""
0000077989741,LENGUET MACIDA 13G,LENGUETAZO,Golosinas,Gomitas y chupetines,""
7798186032382,MALVAVISCO GONGYS FRUTILL,GONGYS,Golosinas,Gomitas y chupetines,""
7798186033570,MALVAVISCO GONGYS FRUTILL,GONGYS,Golosinas,Gomitas y chupetines,""
7798186033594,MALVAVISCO GONGYS NUBECIT,GONGYS,Golosinas,Gomitas y chupetines,""
7798186032375,"MALVAVISCOS S/VAINILLA TRENZADO, GONGYS, 200 gr",GONGYS,Golosinas,Gomitas y chupetines,""
7798186032368,"MALVAVISCOS S/VAINILLA, GONGYS, 200 gr",GONGYS,Golosinas,Gomitas y chupetines,""
7798178801651,MALVAVISCOS STICK FRESA BUFFYS X 12 GRS,BUFFYS,Golosinas,Gomitas y chupetines,""
7798178801637,MALVAVISCOS STICK FRUTAL BUFFYS X 12 GRS,BUFFYS,Golosinas,Gomitas y chupetines,""
7798130954821,MARSHM TIWS DIS FRUT,FUN C,Golosinas,Gomitas y chupetines,""
7790580118037,MISTER POPS EVOLUTIO,MISTER POPS,Golosinas,Gomitas y chupetines,""
7790580118112,MISTER POPS EVOLUTIO,MISTER POPS,Golosinas,Gomitas y chupetines,""
7790580118129,MISTER POPS EVOLUTIO,MISTER POPS,Golosinas,Gomitas y chupetines,""
7790580129507,MOG GOM RODA ACI 50G,MOGUL,Golosinas,Gomitas y chupetines,""
7790580137618,MOG ROCKS EXT 45G,MOGUL,Golosinas,Gomitas y chupetines,""
7790580146849,MOGUL HW MONSTR 30G,MOGUL,Golosinas,Gomitas y chupetines,""
7790580129330,MOGUL OSO EXTREME X 50 GR,MOGUL,Golosinas,Gomitas y chupetines,""
7790580617813,MOGUL PIECITOS X 30 GRS,MOGUL,Golosinas,Gomitas y chupetines,""
7790580200114,MOGUL TIBURON X 30 GRS,MOGUL,Golosinas,Gomitas y chupetines,""
7790580116798,MOGUL TU ZOMB HW 15G,MOGUL,Golosinas,Gomitas y chupetines,""
7790580142216,MR POP HW DRACU 384G,MISTER POPS,Golosinas,Gomitas y chupetines,""
7790580151874,MR POPS TERR HW 125G,MISTER POPS,Golosinas,Gomitas y chupetines,""
7792307000533,PAST DE GOMA HUESITO,PLENARIO,Golosinas,Gomitas y chupetines,""
7792307000519,PAST DE GOMA VIAJAMO,PLENARIO,Golosinas,Gomitas y chupetines,""
7798186034607,"PASTILLA DE GOMA CITRICAS, BILLIKEN, 150 gr",BILLIKEN,Golosinas,Gomitas y chupetines,""
7798186034577,"PASTILLA DE GOMA EUCALIPTO, BILLIKEN, 150 gr",BILLIKEN,Golosinas,Gomitas y chupetines,""
7798186034706,"PASTILLA DE GOMA OSITOS, YUMMY, 150 gr",YUMMY,Golosinas,Gomitas y chupetines,""
7790580130992,"PASTILLAS DE GOMA CONITOS, MOGUL, 220 gr",MOGUL,Golosinas,Gomitas y chupetines,""
7790580151713,"PASTILLAS DE GOMA DIENTES, MOGUL, 80 gr",MOGUL,Golosinas,Gomitas y chupetines,""
7790580152222,"PASTILLAS DE GOMA EUCALIPTUS, MOGUL, 80 gr",MOGUL,Golosinas,Gomitas y chupetines,""
7790580151737,"PASTILLAS DE GOMA JELLY BEANS, MOGUL, 80 gr",MOGUL,Golosinas,Gomitas y chupetines,""
7790580128821,"PASTILLAS DE GOMA JELLY BUTTONS, MOGUL, 220 gr",MOGUL,Golosinas,Gomitas y chupetines,""
7790580131272,"PASTILLAS DE GOMA MORAS, MOGUL, 50 gr",MOGUL,Golosinas,Gomitas y chupetines,""
7790580151690,"PASTILLAS DE GOMA OSO EXTREME, MOGUL, 80 gr",MOGUL,Golosinas,Gomitas y chupetines,""
7790580125677,PASTILLAS DE GOMA VITALDAD SIMPLE X 112 GRS,SIMPLE ARCOR,Golosinas,Gomitas y chupetines,""
7792860009882,PICO DULCE ANIMALS C,PICO DULCE,Golosinas,Gomitas y chupetines,""
7792307002735,PLE GOM EUC 150G,PLENARIO,Golosinas,Gomitas y chupetines,""
7792307002728,PLE GOM FRU 150G,PLENARIO,Golosinas,Gomitas y chupetines,""
7792307002742,PLE GOM MENT 150G,PLENARIO,Golosinas,Gomitas y chupetines,""
7792307002711,PLE GOM T FRU 150G,PLENARIO,Golosinas,Gomitas y chupetines,""
7613034433978,POPSY TUTI 45GR,POPSY,Golosinas,Gomitas y chupetines,""
7790580116965,ROLLO MOGUL ACIDO X 35G,MOGUL,Golosinas,Gomitas y chupetines,""
7798186035352,ROLLO YUMMY FRUTALES X 32 GR,YUMMY,Golosinas,Gomitas y chupetines,""
0022000285942,SKITTLES  G  O 164G,SKITTLES,Golosinas,Gomitas y chupetines,""
0022000289735,SKITTLES  SOUR  164G,SKITTLES,Golosinas,Gomitas y chupetines,""
7791359130045,TEMBLEKE FIG VARIAS,TEMBLEKE,Golosinas,Gomitas y chupetines,""
7790580140434,TUBITOS FRUTI EXTREM,MOGUL,Golosinas,Gomitas y chupetines,""
7790580140427,TUBITOS MOGUL EXT.FRU12X16X15G PAQ-150-gr.,MOGUL,Golosinas,Gomitas y chupetines,""
7798186034669,YUM GOMI BANAN 150G,YUMMY,Golosinas,Gomitas y chupetines,""
7798186032641,YUMMY DINO X 30G,YUMMY,Golosinas,Gomitas y chupetines,""
7798186033471,YUMMY MORITAS GOMITA,YUMMY,Golosinas,Gomitas y chupetines,""
7798186033457,YUMMY MORITAS X 30 GR,YUMMY,Golosinas,Gomitas y chupetines,""
7798186032627,YUMMY OSITOS X 30G,YUMMY,Golosinas,Gomitas y chupetines,""
7798186032665,YUMMY PECECITOS X 30G,YUMMY,Golosinas,Gomitas y chupetines,""
7798186033051,YUMMY PIECITOS ACIDOS X 30 GR,YUMMY,Golosinas,Gomitas y chupetines,""
7792860016217,chupetines BABY DOLL frutales BLI-4-un.,BABY DOLL,Golosinas,Gomitas y chupetines,""
8410223800882,ALMEN TURR BLA 150G,EL ALMENDRO,Golosinas,Turrones,""
8410223800424,ALMEN TURR DUR 150G,EL ALMENDRO,Golosinas,Turrones,""
7798143356124,AVELLANAS CON CHOCOLATE,CARREFOUR CRISTAL,Golosinas,Turrones,""
7792360091622,BONAF TURR YEMA 150G,BONAFIDE,Golosinas,Turrones,""
7792360090854,BONAF TURRON FRU 80G,BONAFIDE,Golosinas,Turrones,""
7792430603090,BRC TURR FRUTA 100G,BARILOCHE,Golosinas,Turrones,""
7798036731977,BREK GARRA MANI 70G,BREK,Golosinas,Turrones,""
7798036731748,BREK TABL MANI 70G,BREK,Golosinas,Turrones,""
0701575359165,Bria Snack Chocolate y Avellanas DOY-100-gr.,BRIA,Golosinas,Turrones,""
0724373596235,Bria Snack doble chocolate y arandanos DOY-100-gr.,BRIA,Golosinas,Turrones,""
0724373747095,"CAJU C/CHOCO-NATURAL CANDY-DOY-0,1KG CJA-100-gr.",NATURAL CANDY,Golosinas,Turrones,""
7798036730024,CANET TURR MANI 100G,CANNETINE,Golosinas,Turrones,""
8410740911733,CAS ARAND CHO 125G,LACASA,Golosinas,Turrones,""
7799120004595,CHECK TURRON 25G,CHECK,Golosinas,Turrones,""
7799120002805,CHEK TURRON MIEL 90G,CHECK,Golosinas,Turrones,""
7798036731922,CROCANTE DE MANI 90 GR,CANNETINE,Golosinas,Turrones,""
7792430603113,CROCANTEALMBARILOC,BARILOCHE,Golosinas,Turrones,""
7790380026433,CUBANITO MANTECOL,MANTECOL,Golosinas,Turrones,""
7791476005806,Crocante de Maní Egran PAQ-85-gr.,EGRAN,Golosinas,Turrones,""
8410223710297,DVIUDA TURR BLA 150G,DELAVIUDA,Golosinas,Turrones,""
7798143356599,GARRAPINADA DE MAN CONOSUR 500G,CARREFOUR CRISTAL,Golosinas,Turrones,""
7790380037811,GEOR GARR CHO 80G,GEORGALOS,Golosinas,Turrones,""
7790380013587,GEOR TURR BLAN 90G,GEORGALOS,Golosinas,Turrones,""
7794377085243,Garrapiñada de mani x 150 gr POT-150-gr.,SIN MARCA,Golosinas,Turrones,""
7798143356100,Garrapiñada de mani x 150 gr POT-150-gr.,SIN MARCA,Golosinas,Turrones,""
7798151950697,KING GARRAP CHO 80G,MANI KING,Golosinas,Turrones,""
7798151950260,KING MANI GARRAP 80G,MANI KING,Golosinas,Turrones,""
7798143356131,MAN CON CHOCOLATE,SIN MARCA,Golosinas,Turrones,""
7622201816780,MANTECOL ALMENDRAS BAJO S,MANTECOL,Golosinas,Turrones,""
7622201816384,MANTECOL BAJO SODIO X 26 GR,MANTECOL,Golosinas,Turrones,""
7790380090045,MANTECOL BARRA 40GR,MANTECOL,Golosinas,Turrones,""
7790380090052,MANTECOL BARRITA X6,MANTECOL,Golosinas,Turrones,""
7790380270133,MANTECOL CARAME 111G,MANTECOL,Golosinas,Turrones,""
2049290000008,MANTECOL CON ALMEN,GEORGALOS,Golosinas,Turrones,""
2064090000003,MANTECOL TROZADO,MANTECOL,Golosinas,Turrones,""
0000000288070,MANTECOL TRZ/SUC,MANTECOL,Golosinas,Turrones,""
7790380014607,MANUR GARRAPI 60G,GEORGALOS,Golosinas,Turrones,""
7794377085168,Mani con chocolate x 150 gr POT-150-gr.,SIN MARCA,Golosinas,Turrones,""
0736372196040,Mini Bria Snack quinoa y chocolate DOY-100-gr.,BRIA,Golosinas,Turrones,""
0000077923523,NEVARES TURRON 25G,NEVARES,Golosinas,Turrones,""
7798143356148,PASAS CON CHOCOLATE,CARREFOUR CRISTAL,Golosinas,Turrones,""
7792307030158,PLEN LENT CHO 80G,PLENARIO,Golosinas,Turrones,""
7622201812652,Postre MANTECOL  111g PAQ-111-gr.,MANTECOL,Golosinas,Turrones,""
7622201812676,Postre MANTECOL  Marmolado 111g PAQ-111-gr.,MANTECOL,Golosinas,Turrones,""
7622201816414,Postre MANTECOL 41g PAQ-41-gr.,MANTECOL,Golosinas,Turrones,""
7622201812690,Postre MANTECOL bajo en sodio 253g PAQ-253-gr.,MANTECOL,Golosinas,Turrones,""
0000077940131,TURRON CARAMELO/MANI,ARCOR,Golosinas,Turrones,""
7790380003809,TURRON DE MANI NAMUR X 25 GRS,NAMUR,Golosinas,Turrones,""
7798094223650,TURRON MOUSSE,FULBI,Golosinas,Turrones,""
7790580401504,TURRON OBLEA MANI ARCOR 10 X 25 GRS,ARCOR,Golosinas,Turrones,""
7790742172105,BEBIDA LECHE LA SERENISIMA UAT PROTEIN CACAO 1LT,LA SERENISIMA,Frescos,Dulce de leche y chocolatadas,""
7790742625304,DULCE DE LECHE CLASI,LA SERENISIMA,Frescos,Dulce de leche y chocolatadas,""
7790787153664,DULCE DE LECHE CLASI,ILOLAY,Frescos,Dulce de leche y chocolatadas,""
7798338291049,LECHE CHOCOLATAD UAT,L3NIÑ,Frescos,Dulce de leche y chocolatadas,""
8445290900630,LECHE COND NESTLE LIMON,NESTLE,Frescos,Dulce de leche y chocolatadas,""
8445290883858,LECHE CONDE DESCREMA,NESTLE,Frescos,Dulce de leche y chocolatadas,""
8480017016652,LECHE CONDENSADA,DIA,Frescos,Dulce de leche y chocolatadas,""
8445290900654,LECHE CONDENSADA NESTLE TETRA X 395 GRS,NESTLE,Frescos,Dulce de leche y chocolatadas,""
7791337008403,Leche Choc LSCLASICO 1L BRK-1000-ml.,LA SERENISIMA,Frescos,Dulce de leche y chocolatadas,""
7791337008410,Leche Choc LSCLASICO 200ml BRK-200-ml.,LA SERENISIMA,Frescos,Dulce de leche y chocolatadas,""
7790079022623,Bondiola Paladini Fetas Finas X 120 G PCH-120-gr.,PALADINI,Frescos,Fiambres y embutidos,""
7795917816334,CA BONDIOLA FETA150G,CAMPO AUSTRAL,Frescos,Fiambres y embutidos,""
7799120000085,CHK BONDIOLA FET150G,CHECK,Frescos,Fiambres y embutidos,""
0000000227223,Chorizo cagnoli española PZA-1-Kg,CAGNOLI,Frescos,Fiambres y embutidos,""
2509749000008,FIAMBRE QUESO DE CERDO TROZO (VACIO) X KG,S/D,Frescos,Fiambres y embutidos,""
640,FIAMBRES SURTIDOS (VACIO),FLOR DE LINARES,Frescos,Fiambres y embutidos,""
7798013100697,FUET DE CERDO,CAGNO,Frescos,Fiambres y embutidos,""
7798013102875,JAMON COC NAT FETEAD,CAGNO,Frescos,Fiambres y embutidos,""
7796953111179,JAMON COCIDO BOCATTI NATURAL X KG,BOCATTI,Frescos,Fiambres y embutidos,""
2508308000008,JAMON COCIDO EN TROZO X KG. PDR,S/D,Frescos,Fiambres y embutidos,""
2000000168487,JAMON COCIDO FACUNDO X KGM,FACUNDO,Frescos,Fiambres y embutidos,""
7790079021619,JAMON COCIDO FET BS,PALAD,Frescos,Fiambres y embutidos,""
2000000104270,JAMON COCIDO FETEADO COTO CABAÑA ARGENTINA XKG,COTO-CABAñA.ARG,Frescos,Fiambres y embutidos,""
2003516800001,JAMON COCIDO FETEADO LA OCTAVA XKG,LA OCTAVA,Frescos,Fiambres y embutidos,""
2034892000006,JAMON COCIDO FETEADO MILLENIUM CAMPO AUSTRAL X KG,CAMPO AUSTRAL,Frescos,Fiambres y embutidos,""
7790079016103,JAMON COCIDO FETEADO PALADINI X 200 GRS,PALADINI,Frescos,Fiambres y embutidos,""
2509703000006,JAMON COCIDO LARIO X KG,LARIO,Frescos,Fiambres y embutidos,""
2509705000004,JAMON COCIDO NATURAL HORNEADO LARIO X KG,LARIO,Frescos,Fiambres y embutidos,""
2509706000003,JAMON COCIDO OVAL EL BIERZO XKG,EL BIERZO,Frescos,Fiambres y embutidos,""
2509707000002,JAMON COCIDO PALADINI X KG,PALADINI,Frescos,Fiambres y embutidos,""
2509949000006,JAMONCITO TROZO (VACIO) X KG D.R.,S/D,Frescos,Fiambres y embutidos,""
519540,Jamon Asado Nuevo Munich PZA-1-Kg,NUEVO MUNICH,Frescos,Fiambres y embutidos,""
7790079000638,LEBERWURST,PALADINI,Frescos,Fiambres y embutidos,""
2509950000002,LOMITO TROZO (VACIO) X KG D.R.,S/D,Frescos,Fiambres y embutidos,""
7790079001031,MORTADELA BOCHITA,PALADINI,Frescos,Fiambres y embutidos,""
7790079000904,Mortadela  paladini familiar PZA-500-gr.,PALADINI,Frescos,Fiambres y embutidos,""
2509202000002,PALETA EN TROZO X KG. BAROLO,S/D,Frescos,Fiambres y embutidos,""
2000787000000,PICADA D/FIAM.1 . XKG,"",Frescos,Fiambres y embutidos,""
2304516000003,PICADA DE FIAMBRES X KG,CARREFOUR CRISTAL,Frescos,Fiambres y embutidos,""
2509075000000,PICADA DE FIAMBRES X KG,CARREFOUR CRISTAL,Frescos,Fiambres y embutidos,""
2506700000008,SALAME ARTESANAL DON JUAN DE ARTIGAS,DON JUAN DE ARTIGAS,Frescos,Fiambres y embutidos,""
2508119000006,SALAME BASTON PICADO FINO CAGNOLI X KG,CAGNOLI,Frescos,Fiambres y embutidos,""
2509035000002,SALAME BASTON PICADO GRUESO CAGNOLI X KG,CAGNOLI,Frescos,Fiambres y embutidos,""
2509739000001,SALAME COCIDO ( VACIO) FRACC X KG,S/D,Frescos,Fiambres y embutidos,""
2510518000006,SALAME EL FRIULANO ENVASADO AL VACIO,S/D,Frescos,Fiambres y embutidos,""
2509827000005,SALAME EN GRASA (VACIO) X KG,S/D,Frescos,Fiambres y embutidos,""
2510517000007,SALAME ETIQUETA NEGRA ENVASADO AL VACIO,S/D,Frescos,Fiambres y embutidos,""
2509709000000,SALAME MILAN EL BIERZO XKG,EL BIERZO,Frescos,Fiambres y embutidos,""
2508613000007,SALAME MILAN LARIO X KG,LARIO,Frescos,Fiambres y embutidos,""
2509738000002,SALAME PELADO ( VACIO) FRACC X KG,S/D,Frescos,Fiambres y embutidos,""
2509829000003,SALAME PEPPERONI (VACIO),S/D,Frescos,Fiambres y embutidos,""
2506697000005,SALAME TIPO COLONIAL DON JUAN DE ARTIGAS,DON JUAN DE ARTIGAS,Frescos,Fiambres y embutidos,""
7790102000307,SALCHICHA TIPO VIENA CON PIEL X 4 U X 170 GR PUEN,PUENTE DE RONDA,Frescos,Fiambres y embutidos,""
7790670052388,SALCHICHAS CLASIC X6,PATYVIENA,Frescos,Fiambres y embutidos,""
7790670052395,SALCHICHAS CLASICAS PATYVIENA FLOW PACK X 12 UNI,PATYVIENA,Frescos,Fiambres y embutidos,""
7793893001966,SALCHICHAS PANCHIN X6,PIAMONTESA,Frescos,Fiambres y embutidos,""
7790360970053,SALCHICHAS SIN PIEL,SWIFT,Frescos,Fiambres y embutidos,""
7790670052418,SALCHICHAS X 12UD,VIENISSIMA,Frescos,Fiambres y embutidos,""
7790079010828,SALCHICHAS X 6UD,PALADINI,Frescos,Fiambres y embutidos,""
7790670052401,SALCHICHAS X 6UD,VIENISSIMA,Frescos,Fiambres y embutidos,""
7798164602606,Salchichas GRANJA IRIS de viena x 6 PAQ-225-gr.,GRANJA IRIS,Frescos,Fiambres y embutidos,""
7790360000132,Salchichas hot dog swift x 6 un PAQ-225-gr.,SWIFT,Frescos,Fiambres y embutidos,""
7790625000105,salchichas LARIO PAQ-200-gr.,LARIO,Frescos,Fiambres y embutidos,""
7792335000345,HUEVOS AV CO CRT X12,AVICOPER,Frescos,Huevos,""
7792335000925,Huevos avicoper blancos CJA-12-un.,AVICOPER,Frescos,Huevos,""
0724751034984,Huevos blancos DOÑA LALA x 12u carton CJA-12-un.,DOÑA LALA,Frescos,Huevos,""
7790147548086,Huevos blancos Maxima x12ud Map-12-un.,MAXIMA MP,Frescos,Huevos,""
0724751045041,Huevos color DOÑA LALA x 12u carton CJA-12-un.,DOÑA LALA,Frescos,Huevos,""
7790147548109,Huevos color Maxima x12ud Map-12-un.,MAXIMA MP,Frescos,Huevos,""
7798338291575,LECH DESC 0% LACTOSA,LAS 3,Frescos,Leches,""
7798338290028,LECH LARG VID ENTERA,3NIÑA,Frescos,Leches,""
7790742348005,LECHE  MULTIDEFENSA,LA SERENISIMA,Frescos,Leches,""
7790742358509,LECHE C/PREBIOTICOS,LASER,Frescos,Leches,""
7790742335401,LECHE DES BOTELLA 2%,LA SERENISIMA,Frescos,Leches,""
7730105821745,LECHE DES.LV UAT CONAPROLE TTB 1 LTR,CONAPROLE,Frescos,Leches,""
7790742335609,LECHE DESC BOTELLA,LA SERENISIMA,Frescos,Leches,""
7790742192103,LECHE DESCR 1% SACHE,CASAN,Frescos,Leches,""
7790742192202,LECHE DESCR 2% SACHE,CASAN,Frescos,Leches,""
7793913012996,LECHE DESCREMADA LV,TREGA,Frescos,Leches,""
7790742335302,LECHE DESCREMADA UAT 0 LA SERENISIMA PET X 1L,LA SERENISIMA,Frescos,Leches,""
7790742436207,LECHE EN POLVO,LA SERENISIMA,Frescos,Leches,""
7790742436405,LECHE EN POLVO DESCR FORT LA SERENISIMA X 400 GRS,LA SERENISIMA,Frescos,Leches,""
8445290194077,LECHE EN POLVO DESCREMADA ORGANICA SVELTY X 370 GR,SVELTY,Frescos,Leches,""
8445291388918,LECHE EN POLVO DESCREMADA SVELTY X 200 GRS,SVELTY,Frescos,Leches,""
7790742437303,"LECHE EN POLVO ENTE INST FORT BOLSA, LA SERENISIMA, 800 gr",LA SERENISIMA,Frescos,Leches,""
7790742436504,LECHE EN POLVO ENTERA DESLACT LA SERENISIMA X 400G,LA SERENISIMA,Frescos,Leches,""
7790742436306,"LECHE EN POLVO ENTERA ESTUCHEW, LA SERENISIMA, 400 gr",LA SERENISIMA,Frescos,Leches,""
8445291388598,LECHE EN POLVO ENTERA LA LECHERA X 200 GRS,LA LECHERA,Frescos,Leches,""
7790742436108,LECHE EN POLVO ENTERA LA SERENISIMA X 200 GRS,LA SERENISIMA,Frescos,Leches,""
7798095170823,"LECHE EN POLVO ENTERA, PURISIMA, 400 gr",PURISIMA,Frescos,Leches,""
7790742437105,"LECHE EN POLVO MOD.ZERO LAC. 0%, LA SERENISIMA, 400 gr",LA SERENISIMA,Frescos,Leches,""
8445290702234,LECHE EN PVO ENTERA,LA LECHERA,Frescos,Leches,""
7791058000595,LECHE ENT ULT MANFREY SACHET X 1 LT,MANFREY,Frescos,Leches,""
7790742192301,LECHE ENTERA 3% SACH,CASAN,Frescos,Leches,""
7790742335500,LECHE ENTERA BOTELLA,LA SE,Frescos,Leches,""
7793913001822,LECHE ENTERA LV,TREGA,Frescos,Leches,""
7790742448309,LECHE ENTERA MULT VIT 3% LA SERENISIMA SACHET X 1L,LA SERENISIMA,Frescos,Leches,""
7790787002535,LECHE L/V ILOLAY DESCR,ILOLAY,Frescos,Leches,""
7790787002528,LECHE L/V ILOLAY ENTERA,ILOLAY,Frescos,Leches,""
7798338290271,LECHE L3N DESLACT IMP POS,3 NIÑAS,Frescos,Leches,""
7790742363107,LECHE LARGA VIDA 1%,LA SERENISIMA,Frescos,Leches,""
7790742363008,LECHE LARGA VIDA 3%,LA SERENISIMA,Frescos,Leches,""
7798338291469,LECHE LIVIANA 2% FORTIFICADA UAT LAS 3 NINAS X 1 L,LAS TRES NINAS,Frescos,Leches,""
7798338291803,LECHE LV LAS3 NIÑAS PROTE,3 NIÑAS,Frescos,Leches,""
7790742358103,"LECHE LV PARC.DESC. CAL/COL. BOT, LA SERENISIMA, 1000 cm3",LA SERENISIMA,Frescos,Leches,""
7793913013009,LECHE LV TREGAR 0% LACT,TREGAR,Frescos,Leches,""
7798095172049,"LECHE MODIF.EN POLVO DESL., PURISIMA, 400 gr",PURISIMA,Frescos,Leches,""
7798095171059,"LECHE MODIFICADA EN POLVO ESTUCHE, FORMIDABLE, 800 gr",FORMIDABLE,Frescos,Leches,""
7790742331304,"LECHE MODIFICADA EN POLVO NUT. EQ., ARMONIA, 800 gr",ARMONIA,Frescos,Leches,""
7790742331601,"LECHE MODIFICADA EN POLVO, ARMONIA, 400 gr",ARMONIA,Frescos,Leches,""
7790742348302,LECHE MULTID 3%,LA SERENISIMA,Frescos,Leches,""
7790742348203,LECHE MULTIDEF 2%,LA SE,Frescos,Leches,""
7791058000601,LECHE PARC DESC MANFREY SACHET SACHET X 1 LT,MANFREY,Frescos,Leches,""
7790742448101,LECHE PARC DESC MULT VIT1% LA SERENISIMA SACHET 1L,LA SERENISIMA,Frescos,Leches,""
7790742448200,LECHE PARC DESC MULT VIT2% LA SERENISIMA SACHET 1L,LA SERENISIMA,Frescos,Leches,""
7790742437709,LECHE POLVO LS  PROTEIN,LA SERENISIMA,Frescos,Leches,""
7790742358608,LECHE PROTEIN DES 0%,LA SERENISIMA,Frescos,Leches,""
7790742352002,LECHE RED LACTOSA,LA SERENISIMA,Frescos,Leches,""
7790742363206,LECHE SEMI DESCRE 2%,LA SERENISIMA,Frescos,Leches,""
7798179070667,LECHE SILVIA SACH DESCR,SILVIA,Frescos,Leches,""
7798179070650,LECHE SILVIA SACH ENTERA,SILVIA,Frescos,Leches,""
7790742335807,LECHE UAT DESC FORT HIERRO 1 LA SERENISIMA PET 1L,LA SERENISIMA,Frescos,Leches,""
7790742357205,LECHE UAT ENT FORT 3% LA SERENISIMA TETRA 200CC,LA SERENISIMA,Frescos,Leches,""
7790742333605,LECHE ZERO LACTOSA,LA SERENISIMA,Frescos,Leches,""
7791058000816,Leche Descremada MANFREY UAT 1lt BRK-1000-ml.,MANFREY,Frescos,Leches,""
7798095171363,Leche Polvo PURISIMA Plus ent inst 800g EST-800-gr.,PURISIMA,Frescos,Leches,""
7790742335906,Leche UAT Desc LA SERENISIMA Calcio 1L BOT-1000-ml.,LA SERENISIMA,Frescos,Leches,""
7790742358400,Leche UAT Desc LS Barista Bot 1L BOT-1000-ml.,LA SERENISIMA,Frescos,Leches,""
8445290702302,Leche en Polvo La Lechera paq400g PAQ-400-gr.,LA LECHERA,Frescos,Leches,""
8445291102095,Leche en Polvo Svelty 0% Lactosa paq350g LAT-350-gr.,SVELTY,Frescos,Leches,""
7798095171813,Leche en polvo entera Purisima Reducida CJA-400-gr.,PURISIMA,Frescos,Leches,""
7791058000731,Leche manfrey entera u.a.t. BRK-1000-ml.,MANFREY,Frescos,Leches,""
7790742141101,CREMA DE LECHE,LA SERENISIMA,Frescos,"Manteca, margarina y crema",""
7790787030132,CREMA DE LECHE,ILOLA,Frescos,"Manteca, margarina y crema",""
7794820903186,CREMA DE LECHE,MILKA,Frescos,"Manteca, margarina y crema",""
7793913013436,CREMA DE LECHE DOBLE,TREGA,Frescos,"Manteca, margarina y crema",""
7793913013443,CREMA DE LECHE DOBLE,TREGA,Frescos,"Manteca, margarina y crema",""
7790787030125,"CREMA DE LECHE DOBLE POTE, ILOLAY, 350 cm3",ILOLAY,Frescos,"Manteca, margarina y crema",""
7791058000441,CREMA DE LECHE MANFREY POTE X 200 CC,MANFREY,Frescos,"Manteca, margarina y crema",""
7791058000458,CREMA DE LECHE MANFREY POTE X 350 CC,MANFREY,Frescos,"Manteca, margarina y crema",""
7790080033199,CREMA DE LECHE MULTI,SANCO,Frescos,"Manteca, margarina y crema",""
7798338291087,CREMA DE LECHE UAT BATIR LAS TRES NINAS X 200 CC,LAS TRES NINAS,Frescos,"Manteca, margarina y crema",""
7798338291070,CREMA DE LECHE UAT COCINAR LAS TRES NINAS X 200 CC,LAS TRES NINAS,Frescos,"Manteca, margarina y crema",""
7790787030118,CREMA LECHE DOBLE ILOLAY,ILOLAY,Frescos,"Manteca, margarina y crema",""
7790787949083,CREMA LECHE SIMPLE ILOLAY,ILOLAY,Frescos,"Manteca, margarina y crema",""
7794820902974,Crema de leche doble Milkaut 200cc POT-200-ml.,MILKAUT,Frescos,"Manteca, margarina y crema",""
7790398000272,Crema de leche la paulina POT-350-ml.,LA PAULINA,Frescos,"Manteca, margarina y crema",""
7798060850026,MANTEC CALIDAD EXTRA,TONADITA,Frescos,"Manteca, margarina y crema",""
7790398100088,MANTECA,LA PAULINA,Frescos,"Manteca, margarina y crema",""
7790787960651,MANTECA,ILOLA,Frescos,"Manteca, margarina y crema",""
7790787960668,MANTECA,ILOLA,Frescos,"Manteca, margarina y crema",""
7794820903292,MANTECA,MILKA,Frescos,"Manteca, margarina y crema",""
7798312320284,MANTECA CALIDAD EXTRA SANTA CLARA PAN X 200 GR,SANTA CLARA,Frescos,"Manteca, margarina y crema",""
7798060850019,MANTECA CALIDAD EXTRA TONADITA X 100 GRS,TONADITA,Frescos,"Manteca, margarina y crema",""
7794820903308,MANTECA CON VIT D MILKAUT PAN X 200 GRS,MILKAUT,Frescos,"Manteca, margarina y crema",""
7793940052002,MANTECA EXTRA,LA SERENISIMA,Frescos,"Manteca, margarina y crema",""
7798060853041,MANTECA EXTRA SAL TONADITA 200 GRS,TONADITA,Frescos,"Manteca, margarina y crema",""
7790742345707,MANTECA LIGHT LA SERENISIMA X 200 GRS,LA SERENISIMA,Frescos,"Manteca, margarina y crema",""
7790080010879,MANTECA MULTIVITAMIN,SANCO,Frescos,"Manteca, margarina y crema",""
7790080010862,MANTECA MULTIVITAMINA SANCOR X 100 GRS,SANCOR,Frescos,"Manteca, margarina y crema",""
7798085370073,MANTECA PRIMER PREMIO X 100 GRS.,PRIMER PREMIO,Frescos,"Manteca, margarina y crema",""
7798060852747,MANTECA S SAL TONADITA X 200 GRS,TONADITA,Frescos,"Manteca, margarina y crema",""
8904150128329,MANTECA S TACC SAL HIMALAYA GHEE COWS PURE X 150GR,COWS PURE GHEE,Frescos,"Manteca, margarina y crema",""
0000077306197,MANTECA SIN SAL CONAPROLE X 200 GRS,CONAPROLE,Frescos,"Manteca, margarina y crema",""
7798060853300,MANTECA TONADITA SIN LACTOSA X 200 GRM,TONADITA,Frescos,"Manteca, margarina y crema",""
7793940054006,MANTECA X 200GR,LA SERENISIMA,Frescos,"Manteca, margarina y crema",""
7794990879557,"MANTECA, LA PAULINA, 500 gr",LA PAULINA,Frescos,"Manteca, margarina y crema",""
7791620187754,MARGARINA DANICA EQUILIBRIO POTE X 220 GRS,DANICA,Frescos,"Manteca, margarina y crema",""
7791620187778,MARGARINA DORADA,DANICA,Frescos,"Manteca, margarina y crema",""
7791620187822,MARGARINA EN PAN,MARGADAN,Frescos,"Manteca, margarina y crema",""
7791620187808,MARGARINA EN PAN CLASICA DANICA X 200 GRS,DANICA,Frescos,"Manteca, margarina y crema",""
7791620187839,MARGARINA EN PAN MARGADAN X 500 GRS,MARGADAN,Frescos,"Manteca, margarina y crema",""
7791620187761,MARGARINA SOFT,DANICA,Frescos,"Manteca, margarina y crema",""
7790398100071,Manteca la paulina x 100 gr PAQ-100-gr.,LA PAULINA,Frescos,"Manteca, margarina y crema",""
7798085370080,Manteca primer premio PAQ-200-gr.,PRIMER PREMIO,Frescos,"Manteca, margarina y crema",""
7791620187815,Margarina Veg Coci & Repost DANICA 500g CJA-500-gr.,DANICA,Frescos,"Manteca, margarina y crema",""
7798270245056,ALIADA EMP HOJAL X12,ALIADA,Frescos,Pastas frescas y tapas,""
7798270249740,ALIADA NOQUIS DE PAPA 1000GR,ALIADA,Frescos,Pastas frescas y tapas,""
7798270245063,ALIADA PAS CRI 400GR,ALIADA,Frescos,Pastas frescas y tapas,""
7798270245070,ALIADA PAS HOJ 400GR,ALIADA,Frescos,Pastas frescas y tapas,""
7799120006131,ALIADA RAV PYV 500GR,ALIADA,Frescos,Pastas frescas y tapas,""
7792390620786,CAPELETTINI J&Q,GIACOMO,Frescos,Pastas frescas y tapas,""
7792390621202,"CAPELETTINI MIX LEGUMBRES VERDURA, GIACOMO, 500 gr",GIACOMO,Frescos,Pastas frescas y tapas,""
7792390620748,CAPELETTINI VERDURA,GIACOMO,Frescos,Pastas frescas y tapas,""
7792390620724,CAPELLETINI CARNE GIACOMO BOLSA X 250 GRS,GIACOMO,Frescos,Pastas frescas y tapas,""
8480017148520,CAPELLETIS CARNE ATM,DIA,Frescos,Pastas frescas y tapas,""
7795711009215,CASERITO CARNEMALBEC,VILLA D AGRI,Frescos,Pastas frescas y tapas,""
7799120005721,CHK CAPE CARNE 500GR,CHECK,Frescos,Pastas frescas y tapas,""
7798270246640,CHK CAPE JYM 500GR,CHECK,Frescos,Pastas frescas y tapas,""
7798270249801,CHK EMP CRIOLLA X12,CHECK,Frescos,Pastas frescas y tapas,""
7798270249825,CHK EMP HOJALDRE X12,CHECK,Frescos,Pastas frescas y tapas,""
7798270245087,CHK EMP SEMILLAS X12,CHECK,Frescos,Pastas frescas y tapas,""
7799120005738,CHK NOQUI TRI 500GR,CHECK,Frescos,Pastas frescas y tapas,""
7798270249856,CHK PAS CRIOLL 380GR,CHECK,Frescos,Pastas frescas y tapas,""
7799120005707,CHK PAS LIGHT VEG,CHECK,Frescos,Pastas frescas y tapas,""
7799120005752,CHK RAVIOLONES 500GR,CHECK,Frescos,Pastas frescas y tapas,""
7799120005769,CHK SORREN JYQ 500GR,CHECK,Frescos,Pastas frescas y tapas,""
7795711008928,CRISTAL FMOSTECHOLE,VILLA D AGRI,Frescos,Pastas frescas y tapas,""
7795711008089,CRISTAL NOQUIS PAPA,VILLA D AGRI,Frescos,Pastas frescas y tapas,""
7792390620700,Capelettini GIACOMO carne 500G PAQ-500-gr.,GIACOMO,Frescos,Pastas frescas y tapas,""
7795711005279,Capelletis c/ carne y verdura VILLA D´AG PAQ-500-gr.,SIN MARCA,Frescos,Pastas frescas y tapas,""
7791664001016,Capellettis  la italiana PAQ-1000-gr.,LA ITALIANA,Frescos,Pastas frescas y tapas,""
7791664000651,Capellettis  la italiana PAQ-500-gr.,LA ITALIANA,Frescos,Pastas frescas y tapas,""
7791664000149,Capellettis  la italiana frescos PAQ-500-gr.,LA ITALIANA,Frescos,Pastas frescas y tapas,""
7798105510342,DD EMP CRIOLLA X12,DELICIAS DORADAS,Frescos,Pastas frescas y tapas,""
7798105510137,DD EMP SUP HORNO X12,DELICIAS DORADAS,Frescos,Pastas frescas y tapas,""
7794055000278,EL SOL RAVIOLES 4 QUESOS 1000GR,EL SOL,Frescos,Pastas frescas y tapas,""
7791102070574,FID COOPERATIVA ÑOQUIS,COOPERATIVA,Frescos,Pastas frescas y tapas,""
7792180145550,FID P PRECIO ÑOQUIS,PRIMER PRECIO,Frescos,Pastas frescas y tapas,""
7790070621801,La Salteña Raviol Pollo y Espinaca 900g CJA-900-gr.,LA SALTEÑA,Frescos,Pastas frescas y tapas,""
7790070621849,La Salteña Raviol Ricotta 450g CJA-450-gr.,LA SALTEÑA,Frescos,Pastas frescas y tapas,""
7790070621818,La Salteña Ravioles quesos 900g CJA-900-gr.,LA SALTEÑA,Frescos,Pastas frescas y tapas,""
7790070621856,La Salteña raviol Pollo y Espinaca 450g CJA-450-gr.,LA SALTEÑA,Frescos,Pastas frescas y tapas,""
7790070621887,La Salteña raviol carne y verdura 450g CJA-450-gr.,LA SALTEÑA,Frescos,Pastas frescas y tapas,""
7790070320117,Lucc Lucchettinis Carne 500g PAQ-500-gr.,LUCCHETTI,Frescos,Pastas frescas y tapas,""
7790070621825,NOQUIS DE PAPA LA SALTENA X 900 GRS,LA SALTENA,Frescos,Pastas frescas y tapas,""
7792281007122,P CANELONES FUSION,CAROL,Frescos,Pastas frescas y tapas,""
7790079021374,PAL PASC HOJAL 400GR,PALADINI,Frescos,Pastas frescas y tapas,""
8480017196323,PRE PIZZA,"",Frescos,Pastas frescas y tapas,""
2004408900007,PREPIZZA DE CEBOLLA GRANDE COTO,COTO,Frescos,Pastas frescas y tapas,""
2920662800009,PREPIZZA DE TOMATE X 250 GRS,S/D,Frescos,Pastas frescas y tapas,""
7798185030075,PREPIZZA DE TOMATE X 500 GRS,CARREFOUR CRISTAL,Frescos,Pastas frescas y tapas,""
2920524100001,PREPIZZA DE TOMATE X UNID (ELAB PROPIA),CARREFOUR CRISTAL,Frescos,Pastas frescas y tapas,""
7798333920159,PREPIZZA X2,MALU,Frescos,Pastas frescas y tapas,""
7798009620598,Prepizza salvado BSA-1-un.,FRESH MP,Frescos,Pastas frescas y tapas,""
8480017242099,RAVIOLE C/RICOTA ATM,DIA,Frescos,Pastas frescas y tapas,""
2025880000009,RAVIOLES,NUESTRA COCINA,Frescos,Pastas frescas y tapas,""
7790070621863,RAVIOLES 4 QUESOS,LA SA,Frescos,Pastas frescas y tapas,""
8480017286420,RAVIOLES 4 QUESOS,DIA,Frescos,Pastas frescas y tapas,""
7793806001151,RAVIOLES 4 QUESOS LA SANTIAGUENA FP X 500 GRM,LA SANTIAGUENA,Frescos,Pastas frescas y tapas,""
8480017147516,RAVIOLES ATM CUATRO,DIA,Frescos,Pastas frescas y tapas,""
8480017148537,RAVIOLES CARNE ATM,DIA,Frescos,Pastas frescas y tapas,""
7798118140413,RAVIOLES CARNE Y VERDURA DI PASCUALLE X 500 GRS,DI PASCUALLE,Frescos,Pastas frescas y tapas,""
2861780000004,RAVIOLES CON,MENU ASOCIADOS,Frescos,Pastas frescas y tapas,""
7790070036995,"RAVIOLES CON RICOTTA Y QUESO MOZZA., FAVORITA, 450 gr",FAVORITA,Frescos,Pastas frescas y tapas,""
7795711000830,RAVIOLES CUATRO QUESOS BELLATERRA FP X 500 GRS,BELLATERRA,Frescos,Pastas frescas y tapas,""
7794055001640,"RAVIOLES DE ESPINACA, EL SOL, 1000 gr",EL SOL,Frescos,Pastas frescas y tapas,""
7795711008515,RAVIOLES DE JAMON Y QUESO LA TUCUMANITA X500 GRM,LA TUCUMANITA,Frescos,Pastas frescas y tapas,""
7798080810154,RAVIOLES DE RICOTA LOS NONOS X 600 GR,LOS NONOS,Frescos,Pastas frescas y tapas,""
8480017286451,RAVIOLES ESPINACA,DIA,Frescos,Pastas frescas y tapas,""
7795711000861,RAVIOLES ESPINACA VILLA D AGRI X 520 GRS,VILLA D AGRI,Frescos,Pastas frescas y tapas,""
7790070621870,RAVIOLES JAM & MUZZA,LASAL,Frescos,Pastas frescas y tapas,""
7790522002516,RAVIOLES JAMON Y MOZZARELLA MENDIA FP X 500 GRS,MENDIA,Frescos,Pastas frescas y tapas,""
7798118140468,RAVIOLES JAMON Y QUESO DI PASCUALLE BOLSA X 500 GR,DI PASCUALLE,Frescos,Pastas frescas y tapas,""
7794080000502,RAVIOLES POLLO LA MOROCHA FLOW PACK X 500 GRS,LA MOROCHA,Frescos,Pastas frescas y tapas,""
8480017147523,RAVIOLES POLLO Y ESP,DIA,Frescos,Pastas frescas y tapas,""
7790522002875,RAVIOLES POLLO Y VERD MENDIA BLISTER X 1 KG,MENDIA,Frescos,Pastas frescas y tapas,""
7790522002509,RAVIOLES POLLO Y VERD MENDIA FLOW PACK X 500 GRS,MENDIA,Frescos,Pastas frescas y tapas,""
7791664000644,RAVIOLES POLLO Y VERDURA LA ITALIANA X 500 GRS,LA ITALIANA,Frescos,Pastas frescas y tapas,""
8480017286437,RAVIOLES POLLO/ESPI,DIA,Frescos,Pastas frescas y tapas,""
8480017286444,RAVIOLES RICO/ESPI,DIA,Frescos,Pastas frescas y tapas,""
7795711000038,RAVIOLES VILLA DAGRI POLLO Y ESPINACA BLI 500 GRM,VILLA D AGRI,Frescos,Pastas frescas y tapas,""
7795711000045,RAVIOLES VILLA DAGRI RICOTA BLI 500 GRM,VILLA DAGRI,Frescos,Pastas frescas y tapas,""
8480017242167,RAVIOLIS 4QUESOS ATM,DIA,Frescos,Pastas frescas y tapas,""
7790070100320,RINA LASAGNA HUEVO,RINA,Frescos,Pastas frescas y tapas,""
7791664000873,Raviol LA ITALIANA Ric/Jam/Moz x1kg PAQ-1000-gr.,LA ITALIANA,Frescos,Pastas frescas y tapas,""
0760412178802,Ravioles LA SICILIANA de pollo y verdura CJA-96-un.,LA SICILIANA,Frescos,Pastas frescas y tapas,""
7790522118033,Ravioles MENDIA de 4 quesos 1kg BSA-1000-gr.,MENDIA,Frescos,Pastas frescas y tapas,""
7792052091251,Ravioles RyE CUISINE & CO NBE MP PAQ-250-gr.,CUISINE & CO,Frescos,Pastas frescas y tapas,""
7795711000151,Ravioles Villa Dágri Espinaca 500 Gr. CJA-500-gr.,VILLA D'AGRI,Frescos,Pastas frescas y tapas,""
7795711000168,Ravioles c/ 4 Quesos VILLA D´AGRI PAQ-500-gr.,VILLA D AGRI,Frescos,Pastas frescas y tapas,""
7791664000316,Ravioles la italiana 4 quesos BJA-500-gr.,LA ITALIANA,Frescos,Pastas frescas y tapas,""
7791664000668,Ravioles la italiana pollo c/verduras PAQ-1000-gr.,LA ITALIANA,Frescos,Pastas frescas y tapas,""
7795711005262,Ravioles. c/ Pollo Jamón y Espinaca VILL PAQ-500-gr.,VILLA D'AGRI,Frescos,Pastas frescas y tapas,""
7794055001879,"SORRENTINOS JAMON Y MOZZARELLA, EL SOL, 400 gr",EL SOL,Frescos,Pastas frescas y tapas,""
7790236001768,SORRENTINOS MOZZA Y JAMON LA SALTENA X 300 GRS,LA SALTEÑA,Frescos,Pastas frescas y tapas,""
7795711001400,T/COPETIN PRIMER PRECIO,PRIMER PRECIO,Frescos,Pastas frescas y tapas,""
7795293000020,T/EMP CRIOLLA DON YEYO,DON YEYO,Frescos,Pastas frescas y tapas,""
7790079022128,T/EMP CRIOLLA PALADINI,PALADINI,Frescos,Pastas frescas y tapas,""
7795293101338,T/PASC CRIOLLA D/YEYO,DON YEYO,Frescos,Pastas frescas y tapas,""
7795293101314,T/PASC HOJALDRE D/YEYO,DON YEYO,Frescos,Pastas frescas y tapas,""
7791102069615,TAP EMP CRIOLLA S/S ECOOP,ECOOP,Frescos,Pastas frescas y tapas,""
7791102065334,TAP EMP FREIR COOPERATIVA,COOPERATIVA,Frescos,Pastas frescas y tapas,""
7791102065327,TAP EMP HOJALDRE COOPERAT,COOPERATIVA,Frescos,Pastas frescas y tapas,""
7798105510687,TAPA D/EMPANADAS SIN TACC DELICIAS DORADAS PAQ 280 GRM,DELICIAS DOR.,Frescos,Pastas frescas y tapas,""
8480017085047,TAPA EMP ROTIS.HO/FR,DIA,Frescos,Pastas frescas y tapas,""
7791102069646,TAPA EMPA CRIOLLA PRI PRE,PRIMER PRECIO,Frescos,Pastas frescas y tapas,""
8480017560766,TAPA EMPANA.ROTISERA,DIA,Frescos,Pastas frescas y tapas,""
8480017242013,TAPA EMPANADA COPETI,DIA,Frescos,Pastas frescas y tapas,""
7790236018353,TAPA EMPANADA CRIOLL,LASAL,Frescos,Pastas frescas y tapas,""
7798118140093,TAPA EMPANADA HOJALDRE DI PASCUALLE PAQ-330-gr.,DI  PASCUALLE,Frescos,Pastas frescas y tapas,""
8480017046826,TAPA EMPANADA HOR/FR,DIA,Frescos,Pastas frescas y tapas,""
7798118140017,TAPA EMPANADA HORNO DI PASCUALLE PACK PAQ-300-gr.,DI  PASCUALLE,Frescos,Pastas frescas y tapas,""
7790070621962,TAPA EMPANADA LIGHT MAS CROCANTES LA SALTENA X12UN,LA SALTENA,Frescos,Pastas frescas y tapas,""
7798118140116,TAPA EMPANADA P/ PASTELITO DI PASCUALLE PAQ-320-gr.,DI  PASCUALLE,Frescos,Pastas frescas y tapas,""
7790070622068,TAPA EMPANADA ROTI CRIOLLA LA SALTENA X 20 UNI,LA SALTEÑA,Frescos,Pastas frescas y tapas,""
7790070622075,TAPA EMPANADAS S TACC MASCROCANTES LA SALTENA X12U,LA SALTENA,Frescos,Pastas frescas y tapas,""
7795711000946,TAPA P EMPANADA BELLATERRA BOLSA X 12 UNI,BELLATERRA,Frescos,Pastas frescas y tapas,""
7790606000254,TAPA P EMPANADA CRIOLLA ROTIS DONA NOLY X 12 UNI,DONA NOLY,Frescos,Pastas frescas y tapas,""
7790606085336,TAPA P EMPANADA HOJALDRE NOLY BOLSA X 12 UNI,DONA NOLY,Frescos,Pastas frescas y tapas,""
7790606086074,TAPA P EMPANADA INTEGRAL S SAL NOLY BOLSA X 12 UNI,DONA NOLY,Frescos,Pastas frescas y tapas,""
7790070622006,TAPA P PASCUALINA BALANCE LA SALTENA X 2 UNI,LA SALTENA,Frescos,Pastas frescas y tapas,""
7798065130079,TAPA P PASCUALINA CRIOLLA MADOMI BOLSA X 2 UNI,MADOMI,Frescos,Pastas frescas y tapas,""
7790522000062,TAPA P PASCUALINA HOJALDRE MENDIA BOLSA X 2 UNI,MENDIA,Frescos,Pastas frescas y tapas,""
7790606085411,TAPA P PASCUALINA HOJALDRE NOLY BOLSA X 2 UNID,DONA NOLY,Frescos,Pastas frescas y tapas,""
7790606086081,TAPA P PASCUALINA INTEGRAL S S NOLY BOLSA X 2 UNI,DONA NOLY,Frescos,Pastas frescas y tapas,""
7790070622020,TAPA P/EMPANA CRIOLL,LASAL,Frescos,Pastas frescas y tapas,""
7790070622013,TAPA P/EMPANADA HORN,LASAL,Frescos,Pastas frescas y tapas,""
7790522000734,TAPA P/EMPANADA MENDIA ROTISERA BSA 460 GRM,MENDIA,Frescos,Pastas frescas y tapas,""
7791869000067,TAPA P/EMPANADA SIGNO DE ORO ROTISERAS BOL 12 UNI 500 GRM,SIGNO DE ORO,Frescos,Pastas frescas y tapas,""
7790070622044,TAPA P/TARTAS HOJALD,LASAL,Frescos,Pastas frescas y tapas,""
7790522000802,TAPA PARA PASCUALINA CRIOLLA MENDIA 2 X 400 GRS,MENDIA,Frescos,Pastas frescas y tapas,""
7791102065303,TAPA PASC CRIOLLA COOPERA,COOPERATIVA,Frescos,Pastas frescas y tapas,""
7791102069592,TAPA PASCU SIN SAL ECOOP,ECOOP,Frescos,Pastas frescas y tapas,""
7790070631206,"TAPA PASCUALINA CON ESPINACA X2 U, LA SALTEÑA, 380 gr",LA SALTEÑA,Frescos,Pastas frescas y tapas,""
8480017009920,TAPA PASCUALINA CRIO,DIA,Frescos,Pastas frescas y tapas,""
7798118140079,TAPA PASCUALINA DI PASCUALLE PACK X 2 U PAQ-400-gr.,DI  PASCUALLE,Frescos,Pastas frescas y tapas,""
7798105510168,"TAPA PASCUALINA HOJALDRE X2 U, DELICIAS DORADA, 400 gr",DELICIAS DORADA,Frescos,Pastas frescas y tapas,""
8480017241993,TAPA PASCUALINA INDI,DIA,Frescos,Pastas frescas y tapas,""
8480017215130,TAPA PASCUALINA INTE,DIA,Frescos,Pastas frescas y tapas,""
7790070622082,TAPA S TACC P PASCUALINA LA SALTENA X 2 UNI,LA SALTENA,Frescos,Pastas frescas y tapas,""
7793806000130,TAPAS DE EMPANADA HORNO LA SANTIAGUENA X 15 UNI,LA SANTIAGUENA,Frescos,Pastas frescas y tapas,""
8480017241986,TAPAS DE PASCUALINA,DIA,Frescos,Pastas frescas y tapas,""
7793806000055,TAPAS DE PASCUALINA HOJALD LA SANTIAGUENA X 360 GR,LA SANTIAGUENA,Frescos,Pastas frescas y tapas,""
7790070622051,TAPAS EMPANADA ROTI HOJALDRE LA SALTENA X 20 UNI,LA SALTEÑA,Frescos,Pastas frescas y tapas,""
7790522117937,TAPAS P EMPANADA INTEGRAL MENDIA X 12 UN,MENDIA,Frescos,Pastas frescas y tapas,""
7798105510120,"TAPAS P/ PASTELITOS CRIOLLAS X 24 U, DELICIAS DORADA, 450 gr",DELICIAS DORADA,Frescos,Pastas frescas y tapas,""
8480017073914,TAPAS P/EMPAN CRIOLL,DIA,Frescos,Pastas frescas y tapas,""
7790070622037,TAPAS P/TARTA CRIOLL,LASAL,Frescos,Pastas frescas y tapas,""
8480017241979,TAPAS PARA EMPANADAS,DIA,Frescos,Pastas frescas y tapas,""
7795711000144,TAPAS PARA EMPANADAS HOJALDRE X12 VILLA DAGRI PAQ 320 GRM,VILLA DAGRI,Frescos,Pastas frescas y tapas,""
7790070631220,TAPAS PASCUALINA REMOLACHA LA SALTENA X 380 GR,LA SALTENA,Frescos,Pastas frescas y tapas,""
7791664000163,Tallarines  la italiana frescos PAQ-500-gr.,LA ITALIANA,Frescos,Pastas frescas y tapas,""
7790606085428,Tapa Pascualina Criolla DOÑA NOLY  400g PAQ-400-gr.,DOÑA NOLY,Frescos,Pastas frescas y tapas,""
7795711000113,Tapa para Pascualina X 2 unid. VILLA D´A BSA-400-gr.,VILLA DAGRI,Frescos,Pastas frescas y tapas,""
7792052180047,Tapas criollas Cusine & Co 450 gr PAQ-455-gr.,CUISINE & CO,Frescos,Pastas frescas y tapas,""
7791664000033,Tapas de pascualina la italiana cuadrada PAQ-400-gr.,LA ITALIANA,Frescos,Pastas frescas y tapas,""
0760412178871,Tapas para empanadas LA SICILIANA casera PAQ-12-un.,LA SICILIANA,Frescos,Pastas frescas y tapas,""
7793964000089,Tapas para empanadas arabes LA SICILIANA PAQ-12-un.,LA SICILIANA,Frescos,Pastas frescas y tapas,""
7793964000164,Tapas para pascualina LA SICILIANA PAQ-2-un.,LA SICILIANA,Frescos,Pastas frescas y tapas,""
7795711000069,Tortelletis c/ Pollo-carne y verdura VIL PAQ-500-gr.,VILLA D'AGRI,Frescos,Pastas frescas y tapas,""
7791664001337,agnollottis LA ITALIANA PAQ-700-gr.,LA ITALIANA,Frescos,Pastas frescas y tapas,""
7792052091244,ravioles 4 q 250gr CUISINE & CO NBE MP PAQ-250-gr.,CUISINE & CO,Frescos,Pastas frescas y tapas,""
7793964000560,tapas de empanadas IL SAPORE DI CASA 12u PAQ-12-un.,IL SAPORE DI CASA,Frescos,Pastas frescas y tapas,""
7791664000279,tapas de empanadas LA ITALIANA p/ freir PAQ-352-gr.,LA ITALIANA,Frescos,Pastas frescas y tapas,""
7790070612106,ÑOQUIS,LASAL,Frescos,Pastas frescas y tapas,""
8480017242075,ÑOQUIS,DIA,Frescos,Pastas frescas y tapas,""
7794055001039,"ÑOQUIS CON PAPA SUPER PACK, EL SOL, 1000 gr",EL SOL,Frescos,Pastas frescas y tapas,""
8480017631336,ÑOQUIS DE ESPINACA,DIA,Frescos,Pastas frescas y tapas,""
8480017558169,ÑOQUIS TRICOLOR,DIA,Frescos,Pastas frescas y tapas,""
7793964000058,Ñoquis LA SICILIANA BSA-500-gr.,LA SICILIANA,Frescos,Pastas frescas y tapas,""
7791664001283,ñoquis AMICI x 500 gr PAQ-500-gr.,AMICI,Frescos,Pastas frescas y tapas,""
7793913013467,ARROZ C/LECH C/DDL,TREGAR,Frescos,Postres lácteos,""
7793913013450,ARROZ C/LECHE CLASIC,TREGA,Frescos,Postres lácteos,""
7793913000504,"ARROZ CON LECHE LIGHT, TREGAR, 180 gr",TREGAR,Frescos,Postres lácteos,""
7793913013474,Arroz con leche TREGAR Canela 180g POT-180-gr.,TREGAR,Frescos,Postres lácteos,""
7791337008113,COPA CHOCOLATE,DANETTE,Frescos,Postres lácteos,""
7791337010703,DANETTE FFS PISTACHO X2,DANETTE,Frescos,Postres lácteos,""
7798321152098,FLAN CAS CARAM LIGHT,SANCOR,Frescos,Postres lácteos,""
7798321152074,FLAN CASER CARAM230G,SANCOR,Frescos,Postres lácteos,""
7798321152081,FLAN CASERO DDL 230G,SANCOR,Frescos,Postres lácteos,""
7791337010604,"FLAN CON CARAMELO X2 U, DANETTE, 190 gr",DANETTE,Frescos,Postres lácteos,""
7791337010666,"FLAN CON CARAMELO X2 U, LA SERENISIMA, 190 gr",LA SERENISIMA,Frescos,Postres lácteos,""
7798114470262,"FLAN CON HUEVO LIGHT SABOR VAINILLA, FLANCHELLO, 120 gr",FLANCHELLO,Frescos,Postres lácteos,""
7790787087334,FLAN DE VAINI CARAMELO ILOLAY KIDS POTE X 1U,ILOLAY,Frescos,Postres lácteos,""
7791337010635,"FLAN DELI CON CARAMELO X2 U, SER, 190 gr",SER,Frescos,Postres lácteos,""
7791337008496,FLAN SERENITO VAINILLA X95G.,"",Frescos,Postres lácteos,""
7791058002445,FLAN VAIN.C/CARAMELO,MANFR,Frescos,Postres lácteos,""
8480017297969,FLAN VAINILLA,DIA,Frescos,Postres lácteos,""
7798114470163,FLAN VAINILLA FLANCHELLO,FLANCHELLO,Frescos,Postres lácteos,""
7791287000144,FLAN VAINILLA LA NUEVA,LA NUEVA,Frescos,Postres lácteos,""
7798114470231,FLANCHELLO CHOCO120G,FLANCHELLO,Frescos,Postres lácteos,""
7798114470057,FLANCHELLO VAINI180G,FLANCHELLO,Frescos,Postres lácteos,""
7798335284013,GANDA POSTRE VAI120G,GANDARA,Frescos,Postres lácteos,""
7790787087341,ILOLA FLAN C DDL110G,ILOLAY,Frescos,Postres lácteos,""
7790787087198,ILOLA POSTRE DDL120G,ILOLAY,Frescos,Postres lácteos,""
7798377021195,"MOUSSE DE CHOCOLATE, GUSTEAUS, 250 gr",GUSTEAUS,Frescos,Postres lácteos,""
7791337009608,POSTRE CHOC PACKX4,DANETTE,Frescos,Postres lácteos,""
7790787087174,POSTRE CHOC.ILOLAY KIDS,ILOLAY,Frescos,Postres lácteos,""
7791337008489,POSTRE CHOCOBOMB,SERENITO,Frescos,Postres lácteos,""
7791337008076,POSTRE CHOCOLATE,DANETTE,Frescos,Postres lácteos,""
7791337008427,POSTRE CHOCOLATE,SEREN,Frescos,Postres lácteos,""
8480017297952,POSTRE CHOCOLATE,DIA,Frescos,Postres lácteos,""
7791337010598,"POSTRE CHOCOLATE X2 U, DANETTE, 190 gr",DANETTE,Frescos,Postres lácteos,""
7791337010642,"POSTRE CHOCOLATE X2 U, LA SERENISIMA, 190 gr",LA SERENISIMA,Frescos,Postres lácteos,""
7791337009912,POSTRE CHOCOLATE Y AVELLANAS DANETTE POTE X 95 GRS,DANETTE,Frescos,Postres lácteos,""
7791337008106,POSTRE COPA DDL,DANETTE,Frescos,Postres lácteos,""
7791337010574,"POSTRE CREMA AMERICANA X2 U, DANETTE, 190 gr",DANETTE,Frescos,Postres lácteos,""
7791337007833,POSTRE DANETTEX 95G.CHOC.BLANCO,"",Frescos,Postres lácteos,""
7798134781065,POSTRE DE CHOC TRINI C/ST,TRINI,Frescos,Postres lácteos,""
7791337010611,"POSTRE DELI CHOCOLATE X2 U, SER, 190 gr",SER,Frescos,Postres lácteos,""
7791337010628,"POSTRE DELI DULCE DE LECHE X2 U, SER, 190 gr",SER,Frescos,Postres lácteos,""
7791337009868,POSTRE DULCE DE LECHE DANETTE PACK 4 X 95 GRM,DANETTE,Frescos,Postres lácteos,""
7791058000977,POSTRE DULCE DE LECHE MANFREY X 120 GRS,MANFREY,Frescos,Postres lácteos,""
7791337010581,"POSTRE DULCE DE LECHE X2 U, DANETTE, 190 gr",DANETTE,Frescos,Postres lácteos,""
7791337010673,"POSTRE DULCE DE LECHE X2 U, SERENITO, 190 gr",SERENITO,Frescos,Postres lácteos,""
7791337009882,POSTRE FLAN DANETTE PACK 4 X 95 GRM,DANETTE,Frescos,Postres lácteos,""
7798001562698,POSTRE LAC DDL CREMIGAL,CREMIGAL,Frescos,Postres lácteos,""
7798001562681,POSTRE LAC VAIN CREMIGAL,CREMIGAL,Frescos,Postres lácteos,""
7798001562704,POSTRE LACT CHOC CREMIGAL,CREMIGAL,Frescos,Postres lácteos,""
7791337008472,POSTRE ROCKLETS,SERENITO,Frescos,Postres lácteos,""
7798335284037,POSTRE SAB.CHOCOLATE GANDARA POT 120 GRM,GANDARA,Frescos,Postres lácteos,""
7798335284020,POSTRE SAB.DULCE DE LECHE GANDARA POT 120 GRM,GANDARA,Frescos,Postres lácteos,""
8480017297945,POSTRE VAI/C D LECHE,DIA,Frescos,Postres lácteos,""
7790787087204,POSTRE VAINI CONFITE,ILOLA,Frescos,Postres lácteos,""
7791337008458,POSTRE VAINILLA,SERENITO,Frescos,Postres lácteos,""
8480017297938,POSTRE VAINILLA,DIA,Frescos,Postres lácteos,""
7790787087181,POSTRE VAINILLA C DULCE DE LECHE ILOLAY X 120 GRS,ILOLAY,Frescos,Postres lácteos,""
7790787087167,POSTRE VAINILLA ILOLAY POTE X 120 GRS,ILOLAY,Frescos,Postres lácteos,""
7791058000960,POSTRE VAINILLA MANFREY POTE X 120 GRS,MANFREY,Frescos,Postres lácteos,""
7791337010659,"POSTRE VAINILLA X2 U, LA SERENISIMA, 190 gr",LA SERENISIMA,Frescos,Postres lácteos,""
7791337010680,"POSTRE VAINILLA X2 U, SERENITO, 190 gr",SERENITO,Frescos,Postres lácteos,""
7798321151718,SHIMY POSTRE ENT C VIT VAI CONF,SHIMY,Frescos,Postres lácteos,""
7793913001662,TREG ARROZ CHOCO180G,TREGAR,Frescos,Postres lácteos,""
7798111062149,YATAS POSTRE CHO100G,YATASTO,Frescos,Postres lácteos,""
7798111062163,YATAS POSTRE DDL100G,YATASTO,Frescos,Postres lácteos,""
7798111062187,YATAS POSTRE VAI100G,YATASTO,Frescos,Postres lácteos,""
7798111062194,YATAS POSTRE VAI230G,YATASTO,Frescos,Postres lácteos,""
7798111062378,YATASTO FLAN 110GR,YATASTO,Frescos,Postres lácteos,""
7792882000218,ALIMENTO A BASE QUESO RALLADO LA QUESERA X 150 GRS,LA QUESERA,Frescos,Quesos,""
7798041520108,ARRIVATA RICOTTA300G,ARRIVATA,Frescos,Quesos,""
2001040000003,LA SUIPACHENSE QUESO CUARTIROLO CREMOSO,LA SUIPACHENSE,Frescos,Quesos,""
7798041520221,MOZZARELLA BOCCONCINO ARRIVATA X 150 GRS,ARRIVATA,Frescos,Quesos,""
7790742249906,MOZZARELLA LS 500 GRS,LA SERENISIMA,Frescos,Quesos,""
7791564136535,QUESO AZUL BAVARIA TROZADO X 125 GRS,BAVARIA,Frescos,Quesos,""
7791564000294,"QUESO AZUL, SANTA ROSA, 140 gr",SANTA ROSA,Frescos,Quesos,""
7791337009851,QUESO BLANCO LIGHT,LSC,Frescos,Quesos,""
7791337009844,QUESO BLANCO ORIG,LSC,Frescos,Quesos,""
7790742167101,QUESO CHEDDAR LA SERENISIMA FETEADO 150 GRS,LA SERENISIMA,Frescos,Quesos,""
7791337061491,QUESO CREMA,CASANCREM,Frescos,Quesos,""
7791337061507,QUESO CREMA BALAN,CASANCREM,Frescos,Quesos,""
7794820903087,QUESO CREMA CREMATTO BALANCE MILKAUT POTE X 445 GR,MILKAUT,Frescos,Quesos,""
7791337061361,QUESO CREMA ENTERO,CASANCREM,Frescos,Quesos,""
7791337061422,QUESO CREMA ENTERO,LSC,Frescos,Quesos,""
7791337061385,QUESO CREMA LIGHT,CASANCREM,Frescos,Quesos,""
7791337061439,QUESO CREMA LIGHT,LSC,Frescos,Quesos,""
7791337060944,QUESO CREMA S/SAL,CASANCREM,Frescos,Quesos,""
2506696000006,QUESO CUARTIROLO DON ATILIO X KG.,DON ATILIO,Frescos,Quesos,""
2505271000004,QUESO CUARTIROLO TREMBLAY X KG,TREMBLAY,Frescos,Quesos,""
7790742667755,QUESO EN HEBRAS CHEDDAR FINLANDIA CHEF X 130 GRS,FINLANDIA,Frescos,Quesos,""
7790080019872,QUESO FONTINA CORAZON HORMA SANCOR X 240 GRS,SANCOR,Frescos,Quesos,""
7791564012495,QUESO FUND AZUL,ADLER,Frescos,Quesos,""
7791564012488,QUESO FUND JAMON,ADLER,Frescos,Quesos,""
7793913013658,QUESO FUNDIDO CHEDDAR LIGTH TREGAR POTE X180 GRS,TREGAR,Frescos,Quesos,""
7794820014981,QUESO FUNDIDO JAMON MILKAUT POTE X 190 GRS,MILKAUT,Frescos,Quesos,""
7794820015018,QUESO FUNDIDO LIGHT TRAD MILKAUT POTE X 190 GRS,MILKAUT,Frescos,Quesos,""
7790080019599,QUESO GOUDA CORAZON HORMA SANCOR X 260 GRS,SANCOR,Frescos,Quesos,""
7790742667649,QUESO HEBRAS 4 QUESO,FINLA,Frescos,Quesos,""
7790742667328,QUESO HEBRAS 4 QUESOS FINLANDIA CHEF LIGHT X 130 G,FINLANDIA,Frescos,Quesos,""
7794990177523,QUESO HEBRAS ITALIAN,L.PAU,Frescos,Quesos,""
7794990177561,QUESO HEBRAS ITALIAN,LAPAU,Frescos,Quesos,""
7794990177547,QUESO HEBRAS PARMESA,LAPAU,Frescos,Quesos,""
7794990177585,QUESO HEBRAS PARMESA,LAPAU,Frescos,Quesos,""
2509964000005,QUESO LA SERENISIMA PORT SALUT SIN SAL FRAC X KG,LA SERENISIMA,Frescos,Quesos,""
7790309000049,QUESO MOZZARELLA BARRAZA CILINDRO X 500 GRS,BARRAZA,Frescos,Quesos,""
7798099130014,QUESO MOZZARELLA CILINDRO DONA AURORA X 500 GRM,DONA AURORA,Frescos,Quesos,""
7790742667311,"QUESO MOZZARELLA PARMESANO HEBRAS, FINLANDIA CHEFF, 130 gr",FINLANDIA,Frescos,Quesos,""
7793913013641,QUESO NEUFCHATEL LIGHT TREGAR POTE X 180 GRS,TREGAR,Frescos,Quesos,""
7790080016956,QUESO PATEGRAS CORAZON HORMA SANCOR X 240 GRS,SANCOR,Frescos,Quesos,""
2505628000008,QUESO PORT SALUT LIGHT LA PAULINA HORMA X KG,LA PAULINA,Frescos,Quesos,""
2506144000008,QUESO PORT SALUT LIGTH FRACC PUYEHUE X KG,PUYEHUE,Frescos,Quesos,""
2505545000006,QUESO PORT SALUT P.DEL AGUA LIGHT HORMA X KG.,PUNTA DE AGUA,Frescos,Quesos,""
7790742471307,QUESO PROVOLETA SIN LACTOSA LA SERENISIMA PAQ 180 GRM,LA SERENISIMA,Frescos,Quesos,""
7790398100118,QUESO RALLADO,LA PAULINA,Frescos,Quesos,""
7790398100132,QUESO RALLADO,LA PAULINA,Frescos,Quesos,""
7790742222909,QUESO RALLADO,LA SERENISIMA,Frescos,Quesos,""
7790742223005,QUESO RALLADO,LA SERENISIMA,Frescos,Quesos,""
7790742223104,QUESO RALLADO,LA SERENISIMA,Frescos,Quesos,""
7790787002931,QUESO RALLADO,ILOLA,Frescos,Quesos,""
7793913013511,QUESO RALLADO,TREGA,Frescos,Quesos,""
7794990880003,QUESO RALLADO,LA PA,Frescos,Quesos,""
7790787251780,QUESO RALLADO ILOLAY DISPLAY X 40 GRS,ILOLAY,Frescos,Quesos,""
7790742223203,QUESO RALLADO LS REGGIANITO FLOW PACK 175 GR,LA SERENISIMA,Frescos,Quesos,""
7794820015247,QUESO RALLADO MILKAUT FLOW PACK X 120 GRS,MILKAUT,Frescos,Quesos,""
7794820000304,QUESO RALLADO MILKAUT X 40 GRS,MILKAUT,Frescos,Quesos,""
7790742223302,QUESO RALLADO PARMESANO LA SERENISIMA BOLSA 80 GRS,LA SERENISIMA,Frescos,Quesos,""
7790742321701,QUESO UNT CLASICO,FINLANDIA,Frescos,Quesos,""
7790742373205,QUESO UNT CLASICO,FINLANDIA,Frescos,Quesos,""
7790742321800,QUESO UNT LIGHT,FINLANDIA,Frescos,Quesos,""
7790742373304,QUESO UNT LIGHT,FINLANDIA,Frescos,Quesos,""
7790742373809,QUESO UNT LIGHT,LA SERENISIMA,Frescos,Quesos,""
7790742373908,QUESO UNT ORIGINAL,LA SERENISIMA,Frescos,Quesos,""
7790742324009,QUESO UNT RED CAL,FINLANDIA,Frescos,Quesos,""
7790742324108,QUESO UNT RED CAL,FINLANDIA,Frescos,Quesos,""
7794820903070,Queso Crematto MILKAUT pote x 445 grs POT-445-gr.,MILKAUT,Frescos,Quesos,""
7791058111048,Queso Rallado Manfrey x 120 grs BSA-120-gr.,MANFREY,Frescos,Quesos,""
7793913013610,Queso Untable CHATEL Clasicox 180grs POT-180-gr.,TREGAR,Frescos,Quesos,""
7790080015133,Queso rallado SANCOR Quesabores hebras y PCK-150-gr.,SANCOR,Frescos,Quesos,""
7798179070018,RICOTA G SILVIA X 500 GRS,SILVIA,Frescos,Quesos,""
8480017297198,RICOTTA DESCREMADA,DIA,Frescos,Quesos,""
7790742102805,RICOTTA ENTERA,GARCIA,Frescos,Quesos,""
8480017297204,RICOTTA ENTERA,DIA,Frescos,Quesos,""
7793913013665,RICOTTA ENTERA TREGAR X 290 GRS POT-290-gr.,TREGAR,Frescos,Quesos,""
7793913013672,RICOTTA LIGHT TREGAR X 290 GRS POT-290-gr.,TREGAR,Frescos,Quesos,""
7790742114204,RICOTTA SEMIGRASA BAJO SODIO GARCIA X 500 GRS,GARCIA,Frescos,Quesos,""
7790742665027,B.Lactea Frut LA SERENISIMA Sachet 900ml SCH-900-gr.,LA SERENISIMA,Frescos,Yogures,""
7790742665010,"BEBIDA LACTEA VAINILLA SACHET, LA SERENISIMA, 900 cm3",LA SERENISIMA,Frescos,Yogures,""
7793798000231,CERR DESC FRU SCH1KG,CERROS TUCUMANOS,Frescos,Yogures,""
7791337009424,LECHE FER KIDS FRUTI,ACTIMEL,Frescos,Yogures,""
7791337007819,LECHE MULTIFRUTA,ACTIMEL,Frescos,Yogures,""
7791337007802,LECHE SABOR FRUTILLA,ACTIMEL,Frescos,Yogures,""
7791337009684,YOG BEBIBLE FRUTILLA,GRAN COMPRA,Frescos,Yogures,""
7791337009776,YOG BEBIBLE NATURAL,YOGURISIMO,Frescos,Yogures,""
7791337009639,YOG FRUTILLA SACHET,SER,Frescos,Yogures,""
7791337008236,YOGUR BATIDO FRUTILL,GRAN COMPRA,Frescos,Yogures,""
7791337007345,YOGUR BATIDO NATURAL S ENDULZAR SER 175 GRS,SER,Frescos,Yogures,""
7791337008212,YOGUR BATIDO VAINILL,GRAN COMPRA,Frescos,Yogures,""
7791337008052,YOGUR BEB DESLAC FRUTI LA SERENISIMA SACHET X 900G,LA SERENISIMA,Frescos,Yogures,""
7791058790755,YOGUR BEB ENT FRUTO D BOSQ MANFREY SACHET X 900 GR,MANFREY,Frescos,Yogures,""
7791337008267,"YOGUR BEB.BANANA C/PROB.SACHET, YOGURISIMO, 900 gr",YOGURISIMO,Frescos,Yogures,""
7790787960552,YOGUR BEBIB DESC FRUTILLA ILOLAY SACHET X 900 GRS,ILOLAY,Frescos,Yogures,""
7790787960569,YOGUR BEBIB DESC VAINILLA ILOLAY SACHET X 900 GR,ILOLAY,Frescos,Yogures,""
7790787960514,YOGUR BEBIB PARC DESC FRUT ILOLAY SACHET X 900 GRS,ILOLAY,Frescos,Yogures,""
7790787960521,YOGUR BEBIB PARC DESC VAIN ILOLAY SACHET X 900 GR,ILOLAY,Frescos,Yogures,""
7791337009394,YOGUR BEBIBLE FRUT Y MZNA ACTIVIA SOBRE X 900 GRS,ACTIVIA,Frescos,Yogures,""
7791337007192,YOGUR BEBIBLE FRUTILLA SER NATUR BOTELLA X190 GRS,SER,Frescos,Yogures,""
7791337007666,YOGUR CEREAL CON MIE,SER,Frescos,Yogures,""
7791337007185,YOGUR DESC BEB S LACTOSA MULTIFRUT SER BOT X185GRS,SER,Frescos,Yogures,""
7791337007598,YOGUR ENT FIR FRUTILLA YOGURISIMO CONI 4 X 120 GRS,YOGURISIMO,Frescos,Yogures,""
7791337007604,YOGUR ENT FIR VAINILLA YOGURISIMO CONI 4 X 120 GRS,YOGURISIMO,Frescos,Yogures,""
7790787960422,YOGUR FIRME ENTERO VAINILLA ILOLAY POTE X 120 GRS,ILOLAY,Frescos,Yogures,""
7791337007864,YOGUR FIRME FRUTILLA,SER,Frescos,Yogures,""
7791337007246,YOGUR FIRME VAINILLA,SER,Frescos,Yogures,""
7791337007789,YOGUR GRANOLA BERRIE,SER,Frescos,Yogures,""
7791337007208,YOGUR NATURAL BIGPOT,SER,Frescos,Yogures,""
7790787960378,YOGUR PAR DESC CREMOSO VAINILLA ILOLAY X 120GRS,ILOLAY,Frescos,Yogures,""
0744430256209,YOGUR S AZUCAR BEB. FRUT YOGURADE BOTELLA X 250 GR,YOGURADE,Frescos,Yogures,""
7791337008229,YOGURISIMO FRUTILLA,YOGURISIMO,Frescos,Yogures,""
7791337008243,YOGURISIMO VAINILLA,YOGURISIMO,Frescos,Yogures,""
7790787960477,YOGURT C/CEREALES,ILOLA,Frescos,Yogures,""
7793913013580,Yogur EnteroTregar Vainilla Sachet 900g SCH-900-gr.,TREGAR,Frescos,Yogures,""
7792401010278,Yogur momy entero bebible sab.x 1 lt SCH-1000-gr.,MOMY,Frescos,Yogures,""
7792401010254,yogur descr MOMY bebible frutilla 1 kg SCH-1000-gr.,MOMY,Frescos,Yogures,""
7791473001375,BIZCO P PRECIO RECT CHOC,PRIMER PRECIO,Panadería,Budines y bizcochuelos,""
2080000740937,Bizcochuelo  De chocolate Jumbo BSA-500-gr.,FRESH MP,Panadería,Budines y bizcochuelos,""
7791473001634,Bizcochuelo  De chocolate Jumbo BSA-500-gr.,FRESH MP,Panadería,Budines y bizcochuelos,""
2080000740920,Bizcochuelo  De vainilla Jumbo BSA-500-gr.,FRESH MP,Panadería,Budines y bizcochuelos,""
7791473001627,Bizcochuelo  De vainilla Jumbo BSA-500-gr.,FRESH MP,Panadería,Budines y bizcochuelos,""
7791936000273,Bizcochuelo Lyvian 3Capas Choc Vainilla PAQ-500-gr.,LYVIAN,Panadería,Budines y bizcochuelos,""
0000000321372,Budin de limon S/E-1-un.,FRESH MP,Panadería,Budines y bizcochuelos,""
7798172410835,BIZC P PRECIO HOJ BATATA,PRIMER PRECIO,Panadería,Facturas y pastelería,""
8480017152602,CAÑONCITOS,"",Panadería,Facturas y pastelería,""
7798270243298,CHK PASTELITOS X24,CHECK,Panadería,Facturas y pastelería,""
2404454000001,CUERNOS,"",Panadería,Facturas y pastelería,""
2404645000001,CUERNOS KG,"",Panadería,Facturas y pastelería,""
8480017196279,DONAS,"",Panadería,Facturas y pastelería,""
8480017197054,DONAS X UNI,"",Panadería,Facturas y pastelería,""
7792180143440,DONATELLA CHO DDL X2,DONATELLA,Panadería,Facturas y pastelería,""
7792180140234,DONUT CHOC RELL DECO,S/D,Panadería,Facturas y pastelería,""
7792180140227,DONUT GLASEADA,S/D,Panadería,Facturas y pastelería,""
7792180140210,DONUT ROSA RELLENA,S/D,Panadería,Facturas y pastelería,""
0000000732949,Donut Bañada Rosa S/E-1-un.,FRESH MP,Panadería,Facturas y pastelería,""
0000000732901,Donut Glaseada S/E-1-un.,FRESH MP,Panadería,Facturas y pastelería,""
0000000732918,Donut bañada Chocolate Rellena DDL S/E-1-un.,FRESH MP,Panadería,Facturas y pastelería,""
7792180005960,FACTURA RELLENA REJILLA PASTELERA X 1 UN,S/D,Panadería,Facturas y pastelería,""
6000001012716,FACTURAS LAR KG.,PANIF. LAR,Panadería,Facturas y pastelería,""
7798133500124,FACTURAS SURTIDA BLISTER 6 UN.,CARREFOUR CRISTAL,Panadería,Facturas y pastelería,""
8480017072962,FACTURAS SURTIDA XUD,"",Panadería,Facturas y pastelería,""
7798120540270,FACTURAS SURTIDAS,"",Panadería,Facturas y pastelería,""
2920579200008,FACTURAS SURTIDAS X 12 UDS. (LG),CARREFOUR CRISTAL,Panadería,Facturas y pastelería,""
2920592400003,FACTURAS SURTIDAS X 3 UDS. (LG),CARREFOUR CRISTAL,Panadería,Facturas y pastelería,""
7798155433073,FACTURAS SURTIDAS X 3 UNI (P4),S/D,Panadería,Facturas y pastelería,""
2920579100001,FACTURAS SURTIDAS X 6 UDS. (LG),CARREFOUR CRISTAL,Panadería,Facturas y pastelería,""
2920796700008,FACTURAS SURTIDAS X 6 UDS. (MAR),CARREFOUR CRISTAL,Panadería,Facturas y pastelería,""
2920548300005,FACTURAS SURTIDAS X 6 UNID. (MI),CARREFOUR CRISTAL,Panadería,Facturas y pastelería,""
2921069000009,FACTURAS SURTIDAS X UNI (MC),S/D,Panadería,Facturas y pastelería,""
2920448300006,FACTURAS SURTIDAS X UNIDAD 35 GRS,CARREFOUR CRISTAL,Panadería,Facturas y pastelería,""
2920066800001,FACTURAS SURTIDASX 6 UNIDADES 240 GRS. (ELAB.P.),CARREFOUR CRISTAL,Panadería,Facturas y pastelería,""
2920538500002,FACTURAS X 6 UNID. (MC),CARREFOUR CRISTAL,Panadería,Facturas y pastelería,""
7792180132383,MEDIALUNA DE MANTECA,"",Panadería,Facturas y pastelería,""
7798133510031,MEDIALUNAS 4UD,"",Panadería,Facturas y pastelería,""
7792180144782,MEDIALUNAS DE GRASA,"",Panadería,Facturas y pastelería,""
2858930000007,MEDIALUNAS X 3UN,NUESTRA COCINA,Panadería,Facturas y pastelería,""
8480017197030,MEDIALUNAS X UNI,"",Panadería,Facturas y pastelería,""
7793013010335,MERENGUE MED BLANCO,S/D,Panadería,Facturas y pastelería,""
0000000726894,Muffin Chocolate S/E-1-un.,FRESH MP,Panadería,Facturas y pastelería,""
0000000726924,Muffin Marmolado S/E-1-un.,FRESH MP,Panadería,Facturas y pastelería,""
0000000726917,Muffin Vainilla S/E-1-un.,FRESH MP,Panadería,Facturas y pastelería,""
0000000726900,Muffin Vainilla con DDL S/E-1-un.,FRESH MP,Panadería,Facturas y pastelería,""
8480017196309,PASTAFROLA,"",Panadería,Facturas y pastelería,""
2606665000003,PASTAFROLA DE BATATA EN BLISTER,ELABORACION PROPIA,Panadería,Facturas y pastelería,""
7791696012301,PASTAFROLA MEMBRILLO,"",Panadería,Facturas y pastelería,""
7791696008557,PASTAFROLA PORCION,"",Panadería,Facturas y pastelería,""
8480017196972,PASTAFROLA X UNI,"",Panadería,Facturas y pastelería,""
8480017305459,PASTELILLOS MEMBRILL,DIA,Panadería,Facturas y pastelería,""
2920745300006,PASTELITO X UNIDAD BATATA,CARREFOUR CRISTAL,Panadería,Facturas y pastelería,""
8480017305442,PASTELITOS BATATA,DIA,Panadería,Facturas y pastelería,""
7798120540881,PEPITAS DE MEMBRILLO,"",Panadería,Facturas y pastelería,""
2509192000006,PLANCHA PASTA FROLA BATATA X KG,S/D,Panadería,Facturas y pastelería,""
2305300000001,PLANCHA PASTA FROLA BATATA X KG.(C),CARREFOUR CRISTAL,Panadería,Facturas y pastelería,""
8480017218025,REJILLA PASTELERA,"",Panadería,Facturas y pastelería,""
7798181511424,SCON DULCE SIN TACC,CRIST,Panadería,Facturas y pastelería,""
2404452000003,SURTIDO DULCE,"",Panadería,Facturas y pastelería,""
8480017902238,SURTIDO DULCE 250 GR,"",Panadería,Facturas y pastelería,""
2404651000002,SURTIDO DULCE KG,"",Panadería,Facturas y pastelería,""
2032680000009,TARTA BICOLOR X 1KG,NUESTRA COCINA,Panadería,Facturas y pastelería,""
2920095400005,TARTA DE LIMON-LEMON PIE X6/8 PORCIONES -MENSA,S/D,Panadería,Facturas y pastelería,""
2006297000004,TARTA DE MANZANA X KGM,COTO,Panadería,Facturas y pastelería,""
2606675000000,TARTA DE MANZANAS,ELABORACION PROPIA,Panadería,Facturas y pastelería,""
2920096300007,TORTA DE DURAZNO X 6/8 PORCIONES -MENSA,S/D,Panadería,Facturas y pastelería,""
2606106000005,TORTA DE FRUTILLA 1 KG,ELABORACION PROPIA,Panadería,Facturas y pastelería,""
2606107000004,TORTA DURAZNO 1 KG,ELABORACION PROPIA,Panadería,Facturas y pastelería,""
8480017196330,TORTAS ESPECIALES,"",Panadería,Facturas y pastelería,""
2404450000005,TORTILLAS CON GRASA,"",Panadería,Facturas y pastelería,""
2404652000001,TORTILLAS CON GRASA,"",Panadería,Facturas y pastelería,""
2921061300008,TRENZA CREMA Y MANZANA X UNID,S/D,Panadería,Facturas y pastelería,""
2004407300006,TRENZA DE MANZANA COTO X KG,COTO,Panadería,Facturas y pastelería,""
7790229000389,Tartaleta Dulce 150 gr BJA-150-gr.,FRESH MP,Panadería,Facturas y pastelería,""
0000000673037,Torta Oreo C S/E-1-un.,FRESH MP,Panadería,Facturas y pastelería,""
0000000626521,Torta Red Velvet. S/E-1-un.,FRESH MP,Panadería,Facturas y pastelería,""
8480017303011,VIGILANTE CROISSANT,"",Panadería,Facturas y pastelería,""
7791936000310,merengue LIVIAN PAQ-100-gr.,LYVIAN,Panadería,Facturas y pastelería,""
7791936001225,merengue LYVIAN PAQ-100-gr.,LYVIAN,Panadería,Facturas y pastelería,""
0000000196307,torta matilda S/E-1-un.,FRESH MP,Panadería,Facturas y pastelería,""
7792180136459,BAGUETTE,"",Panadería,Pan fresco,""
7798120540218,BAGUETTE,UD,Panadería,Pan fresco,""
8480017072948,BAGUETTE,"",Panadería,Pan fresco,""
7798133510062,BOLLITOS SALVADO,"",Panadería,Pan fresco,""
2404649000007,BOLLOS KG,"",Panadería,Pan fresco,""
8480017302977,CHIPA,"",Panadería,Pan fresco,""
8480017286772,CHIPA CONGELADO,DIA,Panadería,Pan fresco,""
7792180009074,"CHIPA X15U, MAMA COCINA, 300 gr",MAMA COCINA,Panadería,Pan fresco,""
2920708400002,CIRIOLA BAGUETTE DE CEBOLLA X UNID.,CARREFOUR CRISTAL,Panadería,Pan fresco,""
2404448000000,CREMONAS,"",Panadería,Pan fresco,""
2404614000001,CREMONAS,"",Panadería,Pan fresco,""
7798133510079,FIGACITAS DE MANTECA,"",Panadería,Pan fresco,""
8480017216236,FLAUTITA,"",Panadería,Pan fresco,""
7798133510024,FLAUTITA  2UD,"",Panadería,Pan fresco,""
8480017210258,FLAUTITA X 1 UNIDAD,"",Panadería,Pan fresco,""
7798009620604,Focaccia Tomate PAQ-1-un.,FRESH MP,Panadería,Pan fresco,""
7798009620628,Focaccia Tomate PAQ-1-un.,FRESH MP,Panadería,Pan fresco,""
7798145994492,Focaccia Tomate PAQ-1-un.,FRESH MP,Panadería,Pan fresco,""
7792180008640,MC FLAUTITA 462GR,MAMA COCINA,Panadería,Pan fresco,""
7792180008657,MC ROSETA 390GR,MAMA COCINA,Panadería,Pan fresco,""
8480017216250,MED BAGUETTE RUSTICA,"",Panadería,Pan fresco,""
7792180136831,MIGNON,"",Panadería,Pan fresco,""
8480017210203,MIGNON,SAPOR,Panadería,Pan fresco,""
7798133510086,MIGÑON,"",Panadería,Pan fresco,""
8480017218940,MINI CIABATTA TRADIC,"",Panadería,Pan fresco,""
7713042224381,PAN ARTESANAL,"",Panadería,Pan fresco,""
7798120540225,PAN ARTESANAL,UD,Panadería,Pan fresco,""
8480017197061,PAN BAGUETTE C/SESAM,"",Panadería,Pan fresco,""
8480017197078,PAN BAGUETTE UNI,"",Panadería,Pan fresco,""
7798221641678,PAN CAMPERO C/SEMILL,BINFI,Panadería,Pan fresco,""
7798098120016,PAN CASERO BLANCO,"",Panadería,Pan fresco,""
7798098120023,PAN CASERO C/SALVADO,"",Panadería,Pan fresco,""
7798185030112,PAN CHIP POR 12 UNIDADES,CARREFOUR CRISTAL,Panadería,Pan fresco,""
7798185030037,PAN CON SALVADO POR 6 UNIDADES.,CARREFOUR CRISTAL,Panadería,Pan fresco,""
7898337980774,PAN DE AJO PICANTE,NOLY,Panadería,Pan fresco,""
7898337980699,PAN DE AJO TRADICION,NOLY,Panadería,Pan fresco,""
7798185030426,PAN DE CAMPO CON CENTENO Y SEMILLAS POR 340GR.,CARREFOUR CRISTAL,Panadería,Pan fresco,""
7798185030419,PAN DE CAMPO CON SEMILLAS POR 340GR.,CARREFOUR CRISTAL,Panadería,Pan fresco,""
7798185030402,PAN DE CAMPO POR 360GR.,CARREFOUR CRISTAL,Panadería,Pan fresco,""
7791708611416,PAN DE CAMPO TIPO CASERO VENEZIANA X 400 GRS,VENEZIANA,Panadería,Pan fresco,""
2401111000008,PAN DE MIGA,"",Panadería,Pan fresco,""
2404447000001,PAN MIGNON,"",Panadería,Pan fresco,""
2404650000003,PAN MIGNON KG,"",Panadería,Pan fresco,""
7798185030198,PAN PEBETE 6UD,PANER,Panadería,Pan fresco,""
8480017322999,PAN PEBETE DIA 2OOGR,DIA,Panadería,Pan fresco,""
7713042224398,PAN REGIONAL,"",Panadería,Pan fresco,""
7792963000151,PAN REGIONAL,"",Panadería,Pan fresco,""
7898954933573,PAN S TACC PEVET SCHAR PAQUETE X 150 GRS,SCHAR,Panadería,Pan fresco,""
7898954933610,PAN SIN TACC FRANCES SCHAR X 200 GRS,SCHAR,Panadería,Pan fresco,""
12810,PANECILLOS CON CEBOLLA,SIN MARCA,Panadería,Pan fresco,""
8480017302991,PANNINI,"",Panadería,Pan fresco,""
7798133500988,PEBETES,"",Panadería,Pan fresco,""
0000000555319,Pan Kaiser S/E-1-un.,FRESH MP,Panadería,Pan fresco,""
0000000549189,Pan Lomitero (m) S/E-1-un.,FRESH MP,Panadería,Pan fresco,""
0000000549172,Pan Pannini S/E-1-un.,FRESH MP,Panadería,Pan fresco,""
0000000549196,Pan Rombo Rustico MC S/E-1-un.,FRESH MP,Panadería,Pan fresco,""
7798221640015,Pan de campo BIO libre de gluten BSA-196-gr.,BIO,Panadería,Pan fresco,""
7798145993310,Pan de miga blanco PZA-1-un.,FRESH MP,Panadería,Pan fresco,""
7798145993907,Pan de miga blanco PZA-1-un.,FRESH MP,Panadería,Pan fresco,""
0000000554985,baguette Rustica S/E-1-un.,FRESH MP,Panadería,Pan fresco,""
7791102045190,HEL FRUT/VAIN/CHOC COOP,COOPERATIVA,Congelados,Helados,""
8480017009210,HELAD 2CHOC BLANC 4U,DIA,Congelados,Helados,""
7796020011722,"PALITO CREMA AMER.CHOC.TURBO X6 U, ICE CREAM, 240 gr",ICE CREAM,Congelados,Helados,""
7790580133245,POSTRE HELADO CHOCOLATE COFLER BLOCK X 500 GRS,COFLER,Congelados,Helados,""
7798141132096,YOGUR HELADO DULCE DE LECHE KARINAT POTE X 120 GRS,KARINAT,Congelados,Helados,""
7798141132065,Yogur Helado Frutos del bosque KARINAT POT-120-gr.,KARINAT,Congelados,Helados,""
7798141132591,Yogur helado KARINAT griego x120g POT-120-gr.,KARINAT,Congelados,Helados,""
0000000967464,postre MANTECOL con almendras BDE-1-Kg,MANTECOL,Congelados,Helados,""
7799120004892,CHK PAP BAST SINAC,CHECK,Congelados,Papas congeladas,""
7797906055144,"CROQUETAS DE PAPA GOLAZO, MC CAIN, 700 gr",MC CAIN,Congelados,Papas congeladas,""
7798302800154,FINCA BALCARCE PAPA CONG BASTON 700GR,FINCA BALCARCE,Congelados,Papas congeladas,""
7797906000526,MCC TRAD BOLSA,MCCAIN,Congelados,Papas congeladas,""
7797906054994,ONE FRY BASTON 1 4KG,ONEFRY,Congelados,Papas congeladas,""
7790079021503,PAL BASTON 380GR,PALADINI,Congelados,Papas congeladas,""
7790079021459,PAL BASTON 700GR,PALADINI,Congelados,Papas congeladas,""
7797906055014,PAPAS AIR FRYER FINI,MCCAI,Congelados,Papas congeladas,""
7798302800437,PAPAS BASTONES CONGELADAS FINCA BALCARCE BSA 380 GRM,FINCA BALCARCE,Congelados,Papas congeladas,""
7790360981042,PAPAS CONGELADAS PRECOCIDAS SWIFT BOLSA X 700 GRM,SWIFT,Congelados,Papas congeladas,""
7797906054987,"PAPAS CORTE TRADICIONAL, ONEFRY, 700 gr",ONEFRY,Congelados,Papas congeladas,""
7798302800178,PAPAS CUBOS FINCA BALCARCE BSA 700 GRM,FINCA BALCARCE,Congelados,Papas congeladas,""
8480017297747,PAPAS FRITAS CONG.,DIA,Congelados,Papas congeladas,""
7797906000700,PAPAS FRITAS CONGEL.,MCAIN,Congelados,Papas congeladas,""
7797906055007,PAPAS GOURMET CRISPERS MC CAIN BSA 600 GRM,MC CAIN,Congelados,Papas congeladas,""
7797906054864,PAPAS HORNEABLES,MCCAI,Congelados,Papas congeladas,""
2058350000001,PAPAS NOISETTE,NUESTRA COCINA,Congelados,Papas congeladas,""
2067180000006,PAPAS NOISETTE,NUESTRA COCINA,Congelados,Papas congeladas,""
7797906054925,PAPAS NOISETTE HORNE,MCCAI,Congelados,Papas congeladas,""
8480017174420,PAPAS NOISETTES,DIA,Congelados,Papas congeladas,""
7798302800277,PAPAS ONDEADAS CONGELADAS FINCA BALCARCE BSA 700 GRM,FINCA BALCARCE,Congelados,Papas congeladas,""
7797906054956,PAPAS SMILES,MCCAI,Congelados,Papas congeladas,""
7797906054819,PAPAS TRADICIONAL,MCCAI,Congelados,Papas congeladas,""
7797906054826,PAPAS TRADICIONAL,MCCAI,Congelados,Papas congeladas,""
7798304851338,Papa Baston SIMPLOT Corte Tradicional BSA-1100-gr.,SIMPLOT,Congelados,Papas congeladas,""
7798304851321,Papa Baston SIMPLOT Corte Tradicional BSA-700-gr.,SIMPLOT,Congelados,Papas congeladas,""
7797906054833,Papas Gourmet Corte Crinkle MC CAIN 600g PCK-600-gr.,MC CAIN,Congelados,Papas congeladas,""
7797906054857,Papas Horneable Artesanal MC CAIN 700g PCK-700-gr.,MC CAIN,Congelados,Papas congeladas,""
7797906054949,Papas MC CAIN noissete JyQ x600g PAQ-600-gr.,MC CAIN,Congelados,Papas congeladas,""
7797906054932,Papas MC CAIN noissete f hierbas x600g PAQ-600-gr.,MC CAIN,Congelados,Papas congeladas,""
7797906054918,"Papas MC CAIN noissete x1,2kg PAQ-1200-gr.",MC CAIN,Congelados,Papas congeladas,""
7798304851475,Papas Rústicas SIMPLOT x 700 gr BSA-700-gr.,SIMPLOT,Congelados,Papas congeladas,""
7798304851536,Papas SIMPLOT Extra Crunch corte tradici BSA-700-gr.,SIMPLOT,Congelados,Papas congeladas,""
7798304851468,Papas SIMPLOT SteakHouse x 700 BSA-700-gr.,SIMPLOT,Congelados,Papas congeladas,""
7798304851512,papas SIMPLOT Extra Crunch Corte Fino 70 BSA-700-gr.,SIMPLOT,Congelados,Papas congeladas,""
7792180142641,PIETRO PAL JAM 185GR,PIETRO,Congelados,Pizzas,""
7792180143419,PIZZA A LA PIEDRA PEPPERONI PIETRO CJA 510 GRM,PIETRO,Congelados,Pizzas,""
7798139960366,PIZZA CHARLYTOS MOZZARELLA,S/D,Congelados,Pizzas,""
7792180142122,"PIZZA CON MOZZARELLA, PIETRO, 470 gr",PIETRO,Congelados,Pizzas,""
7798350190832,PIZZA DE MUZZARELLA ECO CONGELADA (FN) X 430GRS,S/D,Congelados,Pizzas,""
7791720025222,PIZZA JAMON MOZZARE CARREFOUR ESTUCHE X 650 GRS,CARREFOUR,Congelados,Pizzas,""
7790070040015,PIZZA MOZZA CLÁSICA,SIBARITA,Congelados,Pizzas,""
7792180143600,PIZZA MOZZA M MADRE,PIETR,Congelados,Pizzas,""
7790070040039,PIZZA MOZZARELLA,SIBAR,Congelados,Pizzas,""
7791720025208,PIZZA MOZZARELLA CARREFOUR ESTUCHE X 600 GRS,CARREFOUR,Congelados,Pizzas,""
7790070040022,PIZZA MOZZARELLA XL SIBARITA CAJA X 680 GRM,SIBARITA,Congelados,Pizzas,""
7790070040046,PIZZA MOZZARELLA Y JAMON SIBARITA CAJA X 530 GRM,SIBARITA,Congelados,Pizzas,""
7798350191372,PIZZA MUZZARELLA Y CEBOLLA (INT) X 520 GRS,S/D,Congelados,Pizzas,""
7792180142078,Pizza HORNO CASERO jamón y mozza 470g PAQ-470-gr.,HORNO CASERO,Congelados,Pizzas,""
7792180142085,Pizza HORNO CASERO peperoni 470g PAQ-470-gr.,HORNO CASERO,Congelados,Pizzas,""
0000000614788,Pizza Muzzarella Cong BJA-1-un.,FRESH MP,Congelados,Pizzas,""
0000000614795,Pizza Muzzarella y Jamon Cong BJA-1-un.,FRESH MP,Congelados,Pizzas,""
7790070036292,Acelga GRANJA DEL SOL 500g CJA-500-gr.,GRANJA DEL SOL,Congelados,Verduras congeladas,""
7790670052593,Acelga GREEN LIFE 550g DOY-550-gr.,GREEN LIFE,Congelados,Verduras congeladas,""
7790070036346,Acelga LUCCHETTI 450g CJA-450-gr.,LUCCHETTI,Congelados,Verduras congeladas,""
7795947005647,CAN EMP POLLO X3,MENU ASOCIADOS,Comidas preparadas,Empanadas,""
2806190000008,EMPANADA DE ATUN,CAÑON,Comidas preparadas,Empanadas,""
2837540000003,EMPANADA DE ATUN,CAÑON,Comidas preparadas,Empanadas,""
2837520000009,EMPANADA DE CARNE,CAÑON,Comidas preparadas,Empanadas,""
2849360000002,EMPANADA DE CARNE,CAÑON,Comidas preparadas,Empanadas,""
2867090000000,EMPANADA DE CARNE,NUESTRA COCINA,Comidas preparadas,Empanadas,""
2888410000005,EMPANADA DE CARNE,CAÑON,Comidas preparadas,Empanadas,""
7795947005630,EMPANADA DE CARNE (INT) X 3 UNID,CARREFOUR CRISTAL,Comidas preparadas,Empanadas,""
7795947005623,EMPANADA DE JAMON Y QUESO (INT) X 3 UNID,CARREFOUR CRISTAL,Comidas preparadas,Empanadas,""
2837550000000,EMPANADA DE JYQ,CAÑON,Comidas preparadas,Empanadas,""
2849330000001,EMPANADA DE JYQ,CAÑON,Comidas preparadas,Empanadas,""
2867120000000,EMPANADA DE JYQ,NUESTRA COCINA,Comidas preparadas,Empanadas,""
2888420000002,EMPANADA DE JYQ,NUESTRA COCINA,Comidas preparadas,Empanadas,""
2837530000006,EMPANADA DE POLLO,CAÑON,Comidas preparadas,Empanadas,""
2849340000008,EMPANADA DE POLLO,NUESTRA COCINA,Comidas preparadas,Empanadas,""
2867130000007,EMPANADA DE POLLO,CAÑON,Comidas preparadas,Empanadas,""
2888430000009,EMPANADA DE POLLO,CAÑON,Comidas preparadas,Empanadas,""
2807420000003,EMPANADA DE VERDURA,NUESTRA COCINA,Comidas preparadas,Empanadas,""
2849350000005,EMPANADA DE VERDURA,CAÑON,Comidas preparadas,Empanadas,""
7798171572343,EMPANADAS CARNE X4,ELNOB,Comidas preparadas,Empanadas,""
7792180130303,"EMPANADAS DE CARNE CONGELADAS X4U, PIETRO, 340 gr",PIETRO,Comidas preparadas,Empanadas,""
7798171572367,EMPANADAS DE HUMITA EL NOBLE CAJA - 320 GRS.,EL NOBLE,Comidas preparadas,Empanadas,""
7792180130310,"EMPANADAS DE JAMON Y QUESO CONG.X4U, PIETRO, 340 gr",PIETRO,Comidas preparadas,Empanadas,""
7798171572381,EMPANADAS DE POLLO -  EL NOBLE CAJA - 320 GRS.,EL NOBLE,Comidas preparadas,Empanadas,""
7798171572374,"EMPANADAS ESPINACA Y QUESO CONG.X4U, EL NOBLE, 320 gr",EL NOBLE,Comidas preparadas,Empanadas,""
7798171572350,EMPANADAS JYQ X4,ELNOB,Comidas preparadas,Empanadas,""
7797942001723,ENS 4 COLOR,ROCKY,Comidas preparadas,Ensaladas,""
7798137000033,ENS ACHICHORIA,NO APLICA MARCA,Comidas preparadas,Ensaladas,""
7798143520983,ENSAL ACHICORIA,NO APLICA MARCA,Comidas preparadas,Ensaladas,""
7798143521065,ENSAL MESCLUM,NO APLICA MARCA,Comidas preparadas,Ensaladas,""
7798143521072,ENSAL MIXTA,NO APLICA MARCA,Comidas preparadas,Ensaladas,""
7798137000019,ENSAL MIXTA 200G,NO APLICA MARCA,Comidas preparadas,Ensaladas,""
7798137000026,ENSAL MIXTA 300G,NO APLICA MARCA,Comidas preparadas,Ensaladas,""
7798143521089,ENSAL MIXTA ESPECIAL,NO APLICA MARCA,Comidas preparadas,Ensaladas,""
7798143521096,ENSAL NAPOLITANA,NO APLICA MARCA,Comidas preparadas,Ensaladas,""
7798143521102,ENSAL PARRILLERA,NO APLICA MARCA,Comidas preparadas,Ensaladas,""
7798143521119,ENSAL REPOLLO,NO APLICA MARCA,Comidas preparadas,Ensaladas,""
7798143521140,ENSAL TOSCANA,NO APLICA MARCA,Comidas preparadas,Ensaladas,""
8480017319623,ENSALA FRESCA CROCAN,DIA,Comidas preparadas,Ensaladas,""
7798096881889,ENSALADA BEETSLOW,NO APLICA MARCA,Comidas preparadas,Ensaladas,""
7798096880554,ENSALADA BLEND ITALI,SIN MARCA,Comidas preparadas,Ensaladas,""
2030450000006,ENSALADA CAESAR,NUESTRA COCINA,Comidas preparadas,Ensaladas,""
8480017319562,ENSALADA CESAR,DIA,Comidas preparadas,Ensaladas,""
7798096880981,ENSALADA COLESLAW,SUEÑO VERDE,Comidas preparadas,Ensaladas,""
2055920000003,ENSALADA COMPLETA,NUESTRA COCINA,Comidas preparadas,Ensaladas,""
7798096881223,ENSALADA DE KALE PO,SIN MARCA,Comidas preparadas,Ensaladas,""
8480017319616,ENSALADA DEL CHEF,DIA,Comidas preparadas,Ensaladas,""
7798096880578,ENSALADA HOJAS CRUJI,SUEÑO,Comidas preparadas,Ensaladas,""
7798024766424,ENSALADA ITALIANA,GRAND,Comidas preparadas,Ensaladas,""
2861820000001,ENSALADA LECHU,MENU ASOCIADOS,Comidas preparadas,Ensaladas,""
2030460000003,ENSALADA LECHUGA Y TOMATE,NUESTRA COCINA,Comidas preparadas,Ensaladas,""
7798096880530,ENSALADA MIX DE VERD,SUEÑO VERDE,Comidas preparadas,Ensaladas,""
2056000000005,ENSALADA RUSA,NUESTRA COCINA,Comidas preparadas,Ensaladas,""
7798344080033,ESPIN RAD LE,SIN MARCA,Comidas preparadas,Ensaladas,""
7798096880592,Ensalada Vegetariana SUEÑO VERDE BJA-180-gr.,SUEÑO VERDE,Comidas preparadas,Ensaladas,""
7793234000498,Ensalada coleslaw SUEÑO VERDE BSA-250-gr.,SUEÑO VERDE,Comidas preparadas,Ensaladas,""
7798344080026,LECHU VERD REP ZANA,SIN MARCA,Comidas preparadas,Ensaladas,""
7797942006315,MIX COLESLAW,ROCKY,Comidas preparadas,Ensaladas,""
7798015650350,MIX DE HOJAS,NO APLICA MARCA,Comidas preparadas,Ensaladas,""
7798344080040,MIX DE MINI HOJAS,SIN MARCA,Comidas preparadas,Ensaladas,""
7798344080095,REP BLANCO MORA ZAN,SIN MARCA,Comidas preparadas,Ensaladas,""
7798096881230,SUPER HOJAS POWER G,SIN MARCA,Comidas preparadas,Ensaladas,""
7798344080125,ZANA REMO CHERRY,SIN MARCA,Comidas preparadas,Ensaladas,""
2861720000002,2 HAMBUR CON PAPAS,MENU ASOCIADOS,Comidas preparadas,Platos listos,""
0763571700556,ALBONDI PORTUG C/ARR,FROOD,Comidas preparadas,Platos listos,""
2061060000001,ALBONDIGAS CON ARROZ,NUESTRA COCINA,Comidas preparadas,Platos listos,""
2059650000005,ARROLLADO PRIMAVERA,NUESTRA COCINA,Comidas preparadas,Platos listos,""
2861710000005,ARROZ CON,MENU ASOCIADOS,Comidas preparadas,Platos listos,""
2057030000003,ARROZ PILAF,NUESTRA COCINA,Comidas preparadas,Platos listos,""
2066690000001,BOCADITO DE ESPINACA Y QUESO,NUESTRA COCINA,Comidas preparadas,Platos listos,""
2073440000006,BONDIOLA CON DEMIGLACE,NUESTRA COCINA,Comidas preparadas,Platos listos,""
2004434000009,CORDON ESPINACA COTO XKG,COTO,Comidas preparadas,Platos listos,""
2094350000009,CROQUETA DE ARROZ Y ESPINACA,NUESTRA COCINA,Comidas preparadas,Platos listos,""
2049310000001,CROQUETAS JAMON Y QUESO,NUESTRA COCINA,Comidas preparadas,Platos listos,""
7791476092011,EGRAN LOCRO LISTO,EGRAN,Comidas preparadas,Platos listos,""
2062010000003,HP 2 HAMBURG PAPAS,MENU ASOCIADOS,Comidas preparadas,Platos listos,""
2062000000006,HP ARROZ ALBONDIGAS,MENU ASOCIADOS,Comidas preparadas,Platos listos,""
2920831600003,KEPE ASADO X UNID,S/D,Comidas preparadas,Platos listos,""
0763571700655,LASAGÑA BOLOGNESA,FROOD,Comidas preparadas,Platos listos,""
2055570000002,LECHON AL HORNO,NUESTRA COCINA,Comidas preparadas,Platos listos,""
2055580000009,LENGUA VINAGRETA,NUESTRA COCINA,Comidas preparadas,Platos listos,""
2030600000009,LOCRO POR KILO,NUESTRA COCINA,Comidas preparadas,Platos listos,""
2072280000009,MATAMBRITO A LA PIZZA,NUESTRA COCINA,Comidas preparadas,Platos listos,""
2009110000007,MEDIO POLLO ROSTIZADO,NUESTRA COCINA,Comidas preparadas,Platos listos,""
2833510000004,MENU DEL DIA,NUESTRA COCINA,Comidas preparadas,Platos listos,""
2861730000009,MILA CARN PAP O ENS,MENU ASOCIADOS,Comidas preparadas,Platos listos,""
2861740000006,MILA PESC PAP O ENS,MENU ASOCIADOS,Comidas preparadas,Platos listos,""
2861750000003,MILA POLL PAP O ENS,MENU ASOCIADOS,Comidas preparadas,Platos listos,""
2025040000009,MILANESA DE CARNE CON PAPAS FRITAS,NUESTRA COCINA,Comidas preparadas,Platos listos,""
2055410000001,MILANESA DE PESCADO,NUESTRA COCINA,Comidas preparadas,Platos listos,""
2059890000001,MILANESA NAPOLITANA,NUESTRA COCINA,Comidas preparadas,Platos listos,""
7790070036544,Medallones LUCCHETTI Choc y Calab x340g PET-340-gr.,LUCCHETTI,Comidas preparadas,Platos listos,""
2009360000000,NOQUIS CON ESTOFADO,NUESTRA COCINA,Comidas preparadas,Platos listos,""
2006080000006,PAELLA,CANON,Comidas preparadas,Platos listos,""
7792180142955,PASTA MBOX BROCOLI,MENUB,Comidas preparadas,Platos listos,""
7792180142924,PASTA MBOX FILETO,MENUB,Comidas preparadas,Platos listos,""
7792180142948,PASTA MBOX QUESOS,MENUB,Comidas preparadas,Platos listos,""
2067190000003,PATAMUSLO Y PAPAS,NUESTRA COCINA,Comidas preparadas,Platos listos,""
2021600000007,PECETO A LA PROVENZAL COMIDAS FRIA,NUESTRA COCINA,Comidas preparadas,Platos listos,""
2057070000001,PECHITO HORNEADO,NUESTRA COCINA,Comidas preparadas,Platos listos,""
2047900000004,PECHUGUITAS ROMANA AL VERDEO X KG,NUESTRA COCINA,Comidas preparadas,Platos listos,""
2044088000000,PIZZETAS CEBOLLA COTO,COTO,Comidas preparadas,Platos listos,""
2004409100000,PIZZETAS DE TOMATE COTO,COTO,Comidas preparadas,Platos listos,""
2002280000006,POLLO AL VERDEO,NUESTRA COCINA,Comidas preparadas,Platos listos,""
2861690000002,POLLO CON PAPA O ENS,MENU ASOCIADOS,Comidas preparadas,Platos listos,""
2759220000007,POLLO ROSTIZADO,NUESTRA COCINA,Comidas preparadas,Platos listos,""
2032690000006,POLLO ROSTIZADO REFR,NUESTRA COCINA,Comidas preparadas,Platos listos,""
2861770000007,POLLO VERD CON,MENU ASOCIADOS,Comidas preparadas,Platos listos,""
2861790000001,REBOZ CON PAP O,MENU ASOCIADOS,Comidas preparadas,Platos listos,""
7790070103918,"RELLENO PARA FAJITAS DE VEG.Y POLLO, GRANJA DEL SOL, 500 gr",GRANJA DEL SOL,Comidas preparadas,Platos listos,""
2002320000003,RELLENO PARA TACOS CON CARNE,NUESTRA COCINA,Comidas preparadas,Platos listos,""
2002310000006,RELLENO PARA TACOS CON POLLO,NUESTRA COCINA,Comidas preparadas,Platos listos,""
2078730000001,RIBS CON BARBACOA,NUESTRA COCINA,Comidas preparadas,Platos listos,""
0763571700624,RISOTTO CALAB C/POLL,FROOD,Comidas preparadas,Platos listos,""
2002290000003,RISSOTO AL FUNGHI,NUESTRA COCINA,Comidas preparadas,Platos listos,""
7891515626235,SADIA LASG 4 QUESOS,SADIA,Comidas preparadas,Platos listos,""
7891515626211,SADIA LASG BOLOGNESA,SADIA,Comidas preparadas,Platos listos,""
2042370000004,SALPICON AVE,NUESTRA COCINA,Comidas preparadas,Platos listos,""
2800000061876,SC ARROZ ALBONDIGAS,MENU ASOCIADOS,Comidas preparadas,Platos listos,""
2061890000004,SC MILA CAR PA O ENS,MENU ASOCIADOS,Comidas preparadas,Platos listos,""
2800000061906,SC MILA PES PA O ENS,MENU ASOCIADOS,Comidas preparadas,Platos listos,""
2061910000007,SC MILA POL PA O ENS,MENU ASOCIADOS,Comidas preparadas,Platos listos,""
2800000061852,SC POLLO PAP O ENS,MENU ASOCIADOS,Comidas preparadas,Platos listos,""
2861940000004,SC RAVIOLES FILETTO,MENU ASOCIADOS,Comidas preparadas,Platos listos,""
2800000061951,SC REBOZADO PAP PURE,MENU ASOCIADOS,Comidas preparadas,Platos listos,""
2062300000003,SC WRAP JYQ PAPAS,MENU ASOCIADOS,Comidas preparadas,Platos listos,""
2800000062286,SC WRAP POLLO PAPAS,MENU ASOCIADOS,Comidas preparadas,Platos listos,""
2025070000000,SUPREMA DE POLLO HORNEADA GRILLADA,NUESTRA COCINA,Comidas preparadas,Platos listos,""
2059900000007,SUPREMA NAPOLITANA,NUESTRA COCINA,Comidas preparadas,Platos listos,""
2055840000008,TORTILLA DE ACELGA,NUESTRA COCINA,Comidas preparadas,Platos listos,""
2055850000005,TORTILLA DE PAPA,NUESTRA COCINA,Comidas preparadas,Platos listos,""
7798425280024,TORTILLA DE PAPA,UENO,Comidas preparadas,Platos listos,""
7798302800482,TORTILLAS DE PAPA FINCA BALCARCE PAQ 200 GRM,FINCA BALCARCE,Comidas preparadas,Platos listos,""
2738680000000,UN CUARTO DE POLLO ROSTIZADO,NUESTRA COCINA,Comidas preparadas,Platos listos,""
2013050000003,VACIO AL HORNO,NUESTRA COCINA,Comidas preparadas,Platos listos,""
2506781000003,VACIO AL HORNO C PAPAS X KG.,CARREFOUR CRISTAL,Comidas preparadas,Platos listos,""
2861810000004,VACIO CON ENSALADA,MENU ASOCIADOS,Comidas preparadas,Platos listos,""
2062710000006,VERDURAS GRILL,NUESTRA COCINA,Comidas preparadas,Platos listos,""
7795947001649,WRAP DE POLLO CANON X UNID,S/D,Comidas preparadas,Platos listos,""
7795947001465,BAGUETIN JYQ X2,NUESTRA COCINA,Comidas preparadas,Sándwiches,""
7795947006422,BAGUETIN SALAME X2,NUESTRA COCINA,Comidas preparadas,Sándwiches,""
2864950000002,BAGUETTE DE JAMON COCIDO Y QUESO,NUESTRA COCINA,Comidas preparadas,Sándwiches,""
2803910000003,BAGUETTE DE JAMON Y QUESO,NUESTRA COCINA,Comidas preparadas,Sándwiches,""
2828810000007,BAGUETTE JAMON QUESO LECHUGA Y TOMATE,NUESTRA COCINA,Comidas preparadas,Sándwiches,""
2030060000007,BAGUETTE JAMON Y QUESO,MATERIA PRIMA,Comidas preparadas,Sándwiches,""
2006130000000,BAGUETTE SALAME Y QUESO,NUESTRA COCINA,Comidas preparadas,Sándwiches,""
7792052091770,Boc de jyq CUISINE & CO READY MP PAQ-500-gr.,CUISINE & CO,Comidas preparadas,Sándwiches,""
7795947000017,Medialunas Canon con jamon y queso 2 u,"",Comidas preparadas,Sándwiches,""
2803930000007,PEBETE DE JAMON Y QUESO,NUESTRA COCINA,Comidas preparadas,Sándwiches,""
7798024767070,PEBETE MILANESA,GRAND,Comidas preparadas,Sándwiches,""
8480017311597,ROLL DE CAPRESE,DIA,Comidas preparadas,Sándwiches,""
8480017311603,ROLL DE JAMON&QUESO,DIA,Comidas preparadas,Sándwiches,""
8480017311580,ROLL DE TERNERA,DIA,Comidas preparadas,Sándwiches,""
8480017311566,ROLL FIORENTINO,DIA,Comidas preparadas,Sándwiches,""
2050690000000,SAND MILA CARNE,NUESTRA COCINA,Comidas preparadas,Sándwiches,""
2050700000006,SAND MILA POLLO,NUESTRA COCINA,Comidas preparadas,Sándwiches,""
8480017311610,SANDW J&Q TRIPL NEGR,DIA,Comidas preparadas,Sándwiches,""
8480017311801,SANDW TRIPL J&Q BLAN,DIA,Comidas preparadas,Sándwiches,""
8480017310965,SANDWICHES J&Q X12,DIA,Comidas preparadas,Sándwiches,""
7795947001656,WRAP DE TERNERA CANON X UNID,S/D,Comidas preparadas,Sándwiches,""
2861700000008,PORC TARTA ENSALADA,MENU ASOCIADOS,Comidas preparadas,Tartas,""
2800000061869,SC TARTA ENSALADA,MENU ASOCIADOS,Comidas preparadas,Tartas,""
2069540000008,TARTA ATUN 1 KG,NUESTRA COCINA,Comidas preparadas,Tartas,""
7795947004114,TARTA CHICKEN PIE,CAÑON,Comidas preparadas,Tartas,""
7795947003186,TARTA DE CALABAZA,CAÑON,Comidas preparadas,Tartas,""
7798171572732,TARTA DE CALABAZA,ELNOB,Comidas preparadas,Tartas,""
7798171572701,"TARTA DE JAMON Y QUESO, EL NOBLE, 240 gr",EL NOBLE,Comidas preparadas,Tartas,""
7795947005890,TARTA DE POLLO X 1KG,MATERIA PRIMA,Comidas preparadas,Tartas,""
7795947003896,TARTA DE PUERROS,CAÑON,Comidas preparadas,Tartas,""
7798171572763,TARTA INDIVIDUAL ESPINACA EL NOBLE CAJA X 240 GRS,EL NOBLE,Comidas preparadas,Tartas,""
7798171572749,TARTA INTEGRAL QSO/CEBOLL,EL NOBLE,Comidas preparadas,Tartas,""
2069520000004,TARTA JAM QUE 1 KG,NUESTRA COCINA,Comidas preparadas,Tartas,""
7795947001427,TARTA JAMON Y QUESO,CAÑON,Comidas preparadas,Tartas,""
7795947005937,TARTA JAMON Y QUESO X 1KG,MATERIA PRIMA,Comidas preparadas,Tartas,""
2069530000001,TARTA POLLO 1 KG,NUESTRA COCINA,Comidas preparadas,Tartas,""
2032670000002,TARTA PUERROS X 1KG,NUESTRA COCINA,Comidas preparadas,Tartas,""
2069510000007,TARTA VERDURA 1 KG,NUESTRA COCINA,Comidas preparadas,Tartas,""
7790229000372,Tartaleta Salada 150 gr BJA-150-gr.,FRESH MP,Comidas preparadas,Tartas,""
2010560000004,CHINCHULIN BANDEJA,NUESTRA CARNICERIA,Carnes,Achuras,""
2041050000006,CHINCHULIN CRUDO CONGELADO,CIMMINO,Carnes,Achuras,""
2041000000001,CHINCHULIN PRECO CONGELADO,CIMMINO,Carnes,Achuras,""
2010570000001,CORAZON BANDEJA,NUESTRA CARNICERIA,Carnes,Achuras,""
2089650000002,HIGADO BANDEJA,NUESTRA CARNICERIA,Carnes,Achuras,""
2089660000009,LENGUA BANDEJA,NUESTRA CARNICERIA,Carnes,Achuras,""
2007950000003,LENGUA CRUDA CONGELADO,CIMMINO,Carnes,Achuras,""
2041010000008,LENGUA PRECO CONGELADO,CIMMINO,Carnes,Achuras,""
2010610000008,MOLLEJA BANDEJA,NUESTRA CARNICERIA,Carnes,Achuras,""
2041090000004,MOLLEJA CRUDA CONGELADO,CIMMINO,Carnes,Achuras,""
2041020000005,MOLLEJA PRECO CONGELADO,CIMMINO,Carnes,Achuras,""
2089680000003,MONDONGO BANDEJA,NUESTRA CARNICERIA,Carnes,Achuras,""
2041040000009,MONDONGO PRECO CONGELADO,CIMMINO,Carnes,Achuras,""
2000080000004,MONDONGO VACUNO X KG,LA PAULINA,Carnes,Achuras,""
2091920000001,QUIJADA BANDEJA,NUESTRA CARNICERIA,Carnes,Achuras,""
2031910000000,RINON BANDEJA,NUESTRA CARNICERIA,Carnes,Achuras,""
2041100000000,RINON CRUDO CONGELADO,CIMMINO,Carnes,Achuras,""
2041030000002,RINON PRECO CONGELADO,CIMMINO,Carnes,Achuras,""
2031920000007,SESOS BANDEJA,NUESTRA CARNICERIA,Carnes,Achuras,""
2031930000004,TRIPA GORDA BANDEJA,NUESTRA CARNICERIA,Carnes,Achuras,""
2000000166902,ASADO,.,Carnes,Carne vacuna,Asado
2003030000000,ASADO,NUESTRA CARNICERIA,Carnes,Carne vacuna,Asado
2000000479798,ASADO  ESTANCIA X KG,ESTANCIAS COTO,Carnes,Carne vacuna,Asado
2506153000006,ASADO AL HORNO X KG.,CARREFOUR CRISTAL,Carnes,Carne vacuna,Asado
2406951000003,ASADO AL VACIO,CATTE,Carnes,Carne vacuna,Asado
2023400000003,ASADO BANDERITA AL VACIO,SIN MARCA,Carnes,Carne vacuna,Asado
2506119000002,ASADO BANDERITA ETIQUETA NEGRA (AV),CARREFOUR ETIQUETA N,Carnes,Carne vacuna,Asado
2507737000009,ASADO BANDERITA NOVILLITO X KG,CARREFOUR EL MERCADO,Carnes,Carne vacuna,Asado
2000098000003,"ASADO C/HUESO **, FB MEATS, 1 kgr",FB MEATS,Carnes,Carne vacuna,Asado
2060089000009,"ASADO C/HUESO *, FB MEATS, 1 kgr",FB MEATS,Carnes,Carne vacuna,Asado
2000700000001,ASADO CARNICERO,NUESTRA CARNICERIA,Carnes,Carne vacuna,Asado
2001140000002,ASADO CARNICERO AL VACIO CUYO,NUESTRA CARNICERIA,Carnes,Carne vacuna,Asado
2001180000000,ASADO CRIOLLO BANDEJA,NUESTRA CARNICERIA,Carnes,Carne vacuna,""
2004146700006,ASADO DE BIFE NOVILLITO X KG,COTO,Carnes,Carne vacuna,Asado
203,ASADO DE NOVILLITO,SIN MARCA,Carnes,Carne vacuna,Asado
2099130000002,ASADO DE TIRA ABC,SIN MARCA,Carnes,Carne vacuna,Asado
2080590000008,ASADO DE TIRA DESHUESADO AL VACIO,NUESTRA CARNICERIA,Carnes,Carne vacuna,Asado
2080150000004,ASADO DE TIRA GANCHERA,NUESTRA CARNICERIA,Carnes,Carne vacuna,Asado
2082050000009,ASADO DE TIRA GANCHERA,NUESTRA CARNICERIA,Carnes,Carne vacuna,Asado
2023420000007,ASADO DEL CENTRO AL VACIO,NUESTRA CARNICERIA,Carnes,Carne vacuna,Asado
2062170000004,ASADO EMPERADOR,SIN MARCA,Carnes,Carne vacuna,Asado
2505731000001,ASADO ETIQUETA NEGRA (AV),CARREFOUR ETIQUETA N,Carnes,Carne vacuna,Asado
2004138700007,ASADO NOVILLITO  X KG,COTO,Carnes,Carne vacuna,Asado
2506280000009,ASADO NOVILLITO (C3),CARREFOUR EL MERCADO,Carnes,Carne vacuna,Asado
2504693000005,ASADO NOVILLITO X KG,CARREFOUR EL MERCADO,Carnes,Carne vacuna,Asado
2504695000003,ASADO NOVILLO X KG,BULNEZ,Carnes,Carne vacuna,Asado
2034140000000,ASADO PLANCHA,NUESTRA CARNICERIA,Carnes,Carne vacuna,Asado
2031490000001,ASADO RUSO,NO APLICA MARCA,Carnes,Carne vacuna,Asado
2035015000002,ASADO SELECCIÓN  X KG,"",Carnes,Carne vacuna,Asado
2050850000000,ASADO TIRA,NUESTRA CARNICERIA,Carnes,Carne vacuna,Asado
2504698000000,ASADO TIRA ANCHA ETIQUETA NEGRA (C3),CARREFOUR EL MERCADO,Carnes,Carne vacuna,Asado
2510472000005,ASADO TIRA ETIQUETA NEGRA (AV),S/D,Carnes,Carne vacuna,Asado
2710330000004,BIFE AMERICANO VACIO,NO APLICA MARCA,Carnes,Carne vacuna,Vacio
2081560000004,BIFE ANCHO,NUESTRA CARNICERIA,Carnes,Carne vacuna,Bife de chorizo
2085630000000,BIFE ANCHO,NUESTRA CARNICERIA,Carnes,Carne vacuna,Bife de chorizo
205,BIFE ANCHO DE NOVILLITO,SIN MARCA,Carnes,Carne vacuna,Bife de chorizo
2509072000003,BIFE ANCHO GUANACO,S/D,Carnes,Carne vacuna,Bife de chorizo
2004138500003,BIFE ANCHO NOVILLITO  X KG,COTO,Carnes,Carne vacuna,Bife de chorizo
2506303000009,BIFE ANCHO NOVILLITO (C3),CARREFOUR EL MERCADO,Carnes,Carne vacuna,Bife de chorizo
2506072000002,BIFE ANCHO NOVILLITO X KG,CARREFOUR EL MERCADO,Carnes,Carne vacuna,Bife de chorizo
2505297000002,BIFE ANCHO NOVILLO X KG,BULNEZ,Carnes,Carne vacuna,Bife de chorizo
2009560000008,BIFE ANGOSTO,NUESTRA CARNICERIA,Carnes,Carne vacuna,Bife de chorizo
2085720000002,BIFE ANGOSTO,NUESTRA CARNICERIA,Carnes,Carne vacuna,Bife de chorizo
206,BIFE ANGOSTO DE NOVILLITO,SIN MARCA,Carnes,Carne vacuna,Bife de chorizo
2509071000004,BIFE ANGOSTO GUANACO,S/D,Carnes,Carne vacuna,Bife de chorizo
2004231600006,BIFE ANGOSTO NOVILLITO  X KG,"",Carnes,Carne vacuna,Bife de chorizo
2506305000007,BIFE ANGOSTO NOVILLITO (C3),CARREFOUR EL MERCADO,Carnes,Carne vacuna,Bife de chorizo
2506306000006,BIFE ANGOSTO NOVILLITO L (C3),CARREFOUR EL MERCADO,Carnes,Carne vacuna,Bife de chorizo
2506073000001,BIFE ANGOSTO NOVILLITO X KG,CARREFOUR EL MERCADO,Carnes,Carne vacuna,Bife de chorizo
2505298000001,BIFE ANGOSTO NOVILLO X KG,BULNEZ,Carnes,Carne vacuna,Bife de chorizo
2406947000000,BIFE DE CHORIZO,CATTE,Carnes,Carne vacuna,Bife de chorizo
2010510000009,BIFE DE CHORIZO AL VACIO,NUESTRA CARNICERIA,Carnes,Carne vacuna,Bife de chorizo
2029804000007,BIFE DE CHORIZO ESTANCIA  X KG,ESTANCIAS COTO,Carnes,Carne vacuna,Bife de chorizo
2505732000000,BIFE DE CHORIZO ETIQUETA NEGRA (AV),CARREFOUR ETIQUETA N,Carnes,Carne vacuna,Bife de chorizo
2004146600009,BIFE DE CHORIZO NOVILLITO  X KG,COTO,Carnes,Carne vacuna,Bife de chorizo
2506190000007,BIFE DE CHORIZO NOVILLITO (C3),CARREFOUR EL MERCADO,Carnes,Carne vacuna,Bife de chorizo
2509053000008,BIFE DE CHORIZO NOVILLITO (E),CARREFOUR EL MERCADO,Carnes,Carne vacuna,Bife de chorizo
2507281000005,BIFE DE CHORIZO NOVILLITO (M),CARREFOUR EL MERCADO,Carnes,Carne vacuna,Bife de chorizo
2505713000005,BIFE DE CHORIZO NOVILLITO X KG,CARREFOUR EL MERCADO,Carnes,Carne vacuna,Bife de chorizo
2505974000004,BIFE DE CHORIZO ORGANICO X KG,CARREFOUR ORGANICO,Carnes,Carne vacuna,Bife de chorizo
2000000450728,BIFE DE CHORIZO PORCIONADO  COTO XKG,COTO,Carnes,Carne vacuna,Bife de chorizo
2035017000000,BIFE DE CHORIZO SELECCIÓN  X KG,"",Carnes,Carne vacuna,Bife de chorizo
2505943000004,BIFE DE CHORIZO TROZADO HUELLA NATURAL X KG,CARREFOUR HUELLA NAT,Carnes,Carne vacuna,Bife de chorizo
2000000479934,BOLA DE LOMO  ESTANCIA X KG,.,Carnes,Carne vacuna,Bola de lomo
2509789000006,BOLA DE LOMO COMPLEMENTO X KG,S/D,Carnes,Carne vacuna,Bola de lomo
208,BOLA DE LOMO D.NOVILLITO,SIN MARCA,Carnes,Carne vacuna,Bola de lomo
2506101000003,BOLA DE LOMO DE NOVILLO,CARREFOUR EL MERCADO,Carnes,Carne vacuna,Bola de lomo
2004231400002,BOLA DE LOMO NOVILLITO  X KG,"",Carnes,Carne vacuna,Bola de lomo
2023640000009,BOLA DE LOMO OFERTA,NO APLICA MARCA,Carnes,Carne vacuna,Bola de lomo
2508616000004,BOLA DE LOMO ORGANICO X KG,CARREFOUR ORGANICO,Carnes,Carne vacuna,Bola de lomo
2085950000001,BOLLO DE PALETA AL VACIO,NUESTRA CARNICERIA,Carnes,Carne vacuna,Paleta
2506023000006,CARNAZA DE NOVILLO X KG,BULNEZ,Carnes,Carne vacuna,Carnaza
2064851000006,"CARNAZA DE PALETA  FRACCIONADA/F.**, FB MEATS, 1 kgr",FB MEATS,Carnes,Carne vacuna,Paleta
2506276000006,CARNAZA NOVILLITO,CARREFOUR EL MERCADO,Carnes,Carne vacuna,Carnaza
2004138300009,CARNAZA NOVILLITO  X KG,COTO,Carnes,Carne vacuna,Carnaza
563,CARNE PICADA ESPECIAL,SIN MARCA,Carnes,Carne vacuna,Carne picada
2506192000005,CARNE PICADA NOVILLO (C3),BULNEZ,Carnes,Carne vacuna,Carne picada
2506116000005,CARNE PICADA NOVILLO X KG,BULNEZ,Carnes,Carne vacuna,Carne picada
2506284000005,CHURRASCO DE CUADRIL NOVILLITO (C3),CARREFOUR EL MERCADO,Carnes,Carne vacuna,Cuadril
2506267000008,CHURRASCO DE ROAST BEEF NOVILLITO (C3),CARREFOUR EL MERCADO,Carnes,Carne vacuna,Roast beef
2506271000001,CHURRASCO PALETA NOVILLITO (C3),CARREFOUR EL MERCADO,Carnes,Carne vacuna,Paleta
2062160000007,CHURRASCO ROAST BEEF,SIN MARCA,Carnes,Carne vacuna,Roast beef
2061600000003,COLITA CUADRIL CON,SIN MARCA,Carnes,Carne vacuna,Cuadril
573,COLITA CUADRIL NOVILLITO,SIN MARCA,Carnes,Carne vacuna,Cuadril
2406950000004,COLITA DE CUADRIL,CATTE,Carnes,Carne vacuna,Cuadril
2000000479903,COLITA DE CUADRIL  ESTANCIA X KG,ESTANCIAS COTO,Carnes,Carne vacuna,Cuadril
2078184000008,"COLITA DE CUADRIL **, FB MEATS, 1 kgr",FB MEATS,Carnes,Carne vacuna,Cuadril
2010420000007,COLITA DE CUADRIL AL VACIO,NUESTRA CARNICERIA,Carnes,Carne vacuna,Cuadril
2509785000000,COLITA DE CUADRIL COMPLEMENTO X KG,S/D,Carnes,Carne vacuna,Cuadril
2078185000007,"COLITA DE CUADRIL E/V**, FB MEATS, 1 kgr",FB MEATS,Carnes,Carne vacuna,Cuadril
2505733000009,COLITA DE CUADRIL ETIQUETA NEGRA (AV),CARREFOUR ETIQUETA N,Carnes,Carne vacuna,Cuadril
2505945000002,COLITA DE CUADRIL HUELLA NATURAL X KG,CARREFOUR HUELLA NAT,Carnes,Carne vacuna,Cuadril
2004231800000,COLITA DE CUADRIL NOVILLITO  X KG,"",Carnes,Carne vacuna,Cuadril
2508161000009,COLITA DE CUADRIL NOVILLITO (AV),CARREFOUR EL MERCADO,Carnes,Carne vacuna,Cuadril
2509046000008,COLITA DE CUADRIL NOVILLITO (E),CARREFOUR EL MERCADO,Carnes,Carne vacuna,Cuadril
2505715000003,COLITA DE CUADRIL NOVILLITO X KG,CARREFOUR EL MERCADO,Carnes,Carne vacuna,Cuadril
2505975000003,COLITA DE CUADRIL ORGANICA X KG,CARREFOUR ORGANICO,Carnes,Carne vacuna,Cuadril
2035018000009,COLITA DE CUADRIL SELECCIÓN  X KG,"",Carnes,Carne vacuna,Cuadril
2087600000003,CUADRADA FET BANDEJA,NUESTRA CARNICERIA,Carnes,Carne vacuna,""
2004140100000,CUADRADA NOVILLITO  X KG,COTO,Carnes,Carne vacuna,""
2010500000002,CUADRIL AL VACIO,NUESTRA CARNICERIA,Carnes,Carne vacuna,Cuadril
2406948000009,CUADRIL D/NOVILL SEL,CATTE,Carnes,Carne vacuna,Cuadril
213,CUADRIL DE NOVILLITO,SIN MARCA,Carnes,Carne vacuna,Cuadril
2004231700003,CUADRIL NOVILLITO  X KG,"",Carnes,Carne vacuna,Cuadril
2506285000004,CUADRIL NOVILLITO (C3),CARREFOUR EL MERCADO,Carnes,Carne vacuna,Cuadril
2509045000009,CUADRIL NOVILLITO (E),CARREFOUR EL MERCADO,Carnes,Carne vacuna,Cuadril
2506286000003,CUADRIL NOVILLITO L (C3),CARREFOUR EL MERCADO,Carnes,Carne vacuna,Cuadril
2505716000002,CUADRIL NOVILLITO X KG,CARREFOUR EL MERCADO,Carnes,Carne vacuna,Cuadril
2509683000003,CUADRIL NOVILLO X KG,BULNEZ,Carnes,Carne vacuna,Cuadril
2505977000001,CUADRIL ORGANICO X KG,CARREFOUR ORGANICO,Carnes,Carne vacuna,Cuadril
2505697000008,CUADRIL X KG,BULNEZ,Carnes,Carne vacuna,Cuadril
2406953000001,MATAMBRE,CATTE,Carnes,Carne vacuna,Matambre
2000000479965,MATAMBRE  ESTANCIA X KG,ESTANCIAS COTO,Carnes,Carne vacuna,Matambre
2010190000009,MATAMBRE ABC AL VACIO,NUESTRA CARNICERIA,Carnes,Carne vacuna,Matambre
2010400000003,MATAMBRE AL VACIO,NUESTRA CARNICERIA,Carnes,Carne vacuna,Matambre
2078270000004,MATAMBRE BAND,NUESTRA CARNICERIA,Carnes,Carne vacuna,Matambre
2506041000002,MATAMBRE COMPLEMENTO X KG,CARREFOUR CRISTAL,Carnes,Carne vacuna,Matambre
719,MATAMBRE DE NOVILLITO,SIN MARCA,Carnes,Carne vacuna,Matambre
2060111000007,"MATAMBRE E/V **, FB MEATS, 1 kgr",FB MEATS,Carnes,Carne vacuna,Matambre
2505739000003,MATAMBRE ETIQUETA NEGRA (AV),CARREFOUR ETIQUETA N,Carnes,Carne vacuna,Matambre
2505948000009,MATAMBRE HUELLA NATURAL X KG,CARREFOUR HUELLA NAT,Carnes,Carne vacuna,Matambre
2004139400005,MATAMBRE NOVILLITO  X KG,COTO,Carnes,Carne vacuna,Matambre
2508174000003,MATAMBRE NOVILLO (AV),BULNEZ,Carnes,Carne vacuna,Matambre
2505700000001,MATAMBRE NOVILLO X KG,CARREFOUR EL MERCADO,Carnes,Carne vacuna,Matambre
2505984000001,MATAMBRE ORGANICO X KG,CARREFOUR ORGANICO,Carnes,Carne vacuna,Matambre
2000000479910,NALGA  ESTANCIA X KG,.,Carnes,Carne vacuna,Nalga
2509788000007,NALGA COMPLEMENTO X KG,S/D,Carnes,Carne vacuna,Nalga
2004148700004,NALGA CON TAPA NOVILLITO X KG,COTO,Carnes,Carne vacuna,Nalga
221,NALGA DE NOVILLITO,SIN MARCA,Carnes,Carne vacuna,Nalga
2081980000004,NALGA FET BANDEJA,NUESTRA CARNICERIA,Carnes,Carne vacuna,""
2004139600009,NALGA NOVILLITO  X KG,COTO,Carnes,Carne vacuna,Nalga
2506103000001,NALGA NOVILLO,BULNEZ,Carnes,Carne vacuna,Nalga
2087620000007,NALGA OFERTA,NO APLICA MARCA,Carnes,Carne vacuna,Nalga
2507511000003,NALGA ORGANICA X KG,CARREFOUR ORGANICO,Carnes,Carne vacuna,Nalga
2078740000008,"NALGA S/TAPA **, FB MEATS, 1 kgr",FB MEATS,Carnes,Carne vacuna,Nalga
2003569200001,NOV ASADO ASADO ( PUNTA )   XKG,"",Carnes,Carne vacuna,Asado
2000000482149,NQN NALGA,COTO,Carnes,Carne vacuna,Nalga
1070,PALETA,CAMPOS DEL SOL,Carnes,Carne vacuna,Paleta
2000000479842,PALETA  ESTANCIA X KG,ESTANCIAS COTO,Carnes,Carne vacuna,Paleta
2013220000000,PALETA ABC AL VACIO,NUESTRA CARNICERIA,Carnes,Carne vacuna,Paleta
2010360000006,PALETA AL VACIO,NUESTRA CARNICERIA,Carnes,Carne vacuna,Paleta
2000000412900,PALETA C/H,...,Carnes,Carne vacuna,Paleta
2506163000003,PALETA COMPLEMENTO X KG,CARREFOUR CRISTAL,Carnes,Carne vacuna,Paleta
2406955000009,PALETA DE CHURRASCO,CATTE,Carnes,Carne vacuna,Paleta
223,PALETA DE NOVILLITO,SIN MARCA,Carnes,Carne vacuna,Paleta
2004139500002,PALETA NOVILLITO  X KG,COTO,Carnes,Carne vacuna,Paleta
2506270000002,PALETA NOVILLITO (C3),CARREFOUR EL MERCADO,Carnes,Carne vacuna,Paleta
2509754000000,PALETA NOVILLITO (E),S/D,Carnes,Carne vacuna,Paleta
2507280000006,PALETA NOVILLITO (M),CARREFOUR EL MERCADO,Carnes,Carne vacuna,Paleta
2505726000009,PALETA NOVILLITO X KG,CARREFOUR EL MERCADO,Carnes,Carne vacuna,Paleta
2509689000007,PALETA NOVILLO X KG,BULNEZ,Carnes,Carne vacuna,Paleta
2023710000007,PALETA OFERTA,NUESTRA CARNICERIA,Carnes,Carne vacuna,Paleta
2509074000001,PALETA S HUESO GUANACO,S/D,Carnes,Carne vacuna,Paleta
2505708000003,PALETA X KG,BULNEZ,Carnes,Carne vacuna,Paleta
224,PALOMITA D.PALETA NOVILLI,SIN MARCA,Carnes,Carne vacuna,Paleta
1374,PICADA,FLOR DE LINARES,Carnes,Carne vacuna,Carne picada
2000000452623,"PICADA """"LA PREMIUM""""  X KG",COTO,Carnes,Carne vacuna,Carne picada
2000000452609,"PICADA """"LA TRADICIONAL""""  X KG",COTO,Carnes,Carne vacuna,Carne picada
2000000452616,"PICADA """"LA VARIADA""""  X KG",COTO,Carnes,Carne vacuna,Carne picada
2060840000002,PICADA COMUN,SIN MARCA,Carnes,Carne vacuna,Carne picada
2004141200006,PICADA COMUN NOVILLITO  X KG.,COTO,Carnes,Carne vacuna,Carne picada
2000000481241,PICADA DESGRASADA SELECCIÓN  X KG,ESTANCIAS COTO,Carnes,Carne vacuna,Carne picada
2509637000004,PICADA ESPECIAL (C3),S/D,Carnes,Carne vacuna,Carne picada
2506193000004,PICADA ESPECIAL ETIQUETA NEGRA (C3),CARREFOUR EL MERCADO,Carnes,Carne vacuna,Carne picada
2069607000002,PICADA ESPECIAL NOVILLITO  X KG,COTO,Carnes,Carne vacuna,Carne picada
2506117000004,PICADA ESPECIAL NOVILLITO X KG,CARREFOUR EL MERCADO,Carnes,Carne vacuna,Carne picada
2089070000002,PICADA MAGRA ATM,NUESTRA CARNICERIA,Carnes,Carne vacuna,""
2507015000004,PICADA ORGANICA,CARREFOUR ORGANICO,Carnes,Carne vacuna,Carne picada
2506194000003,PICADA TARTARE ETIQUETA NEGRA (C3),CARREFOUR ETIQUETA N,Carnes,Carne vacuna,Carne picada
2506118000003,PICADA TARTARE NOVILLITO X KG,CARREFOUR ETIQUETA N,Carnes,Carne vacuna,Carne picada
2506164000002,PLANCHA DE ASADO NOVILLO X KG,BULNEZ,Carnes,Carne vacuna,Asado
2000000479859,ROAST BEEF  ESTANCIA X KG,ESTANCIAS COTO,Carnes,Carne vacuna,Roast beef
2080870000001,ROAST BEEF AL VACIO,NUESTRA CARNICERIA,Carnes,Carne vacuna,Roast beef
2023720000004,ROAST BEEF ANGUS,ANGUS,Carnes,Carne vacuna,Roast beef
2000000412894,ROAST BEEF C/H,...,Carnes,Carne vacuna,Roast beef
2406956000008,ROAST BEEF CHURRASCO,CATTE,Carnes,Carne vacuna,Roast beef
2004138400006,ROAST BEEF NOVILLITO  X KG,COTO,Carnes,Carne vacuna,Roast beef
2506265000000,ROAST BEEF NOVILLITO (C3),CARREFOUR EL MERCADO,Carnes,Carne vacuna,Roast beef
2509044000000,ROAST BEEF NOVILLITO (E),CARREFOUR EL MERCADO,Carnes,Carne vacuna,Roast beef
2507279000000,ROAST BEEF NOVILLITO (M),CARREFOUR EL MERCADO,Carnes,Carne vacuna,Roast beef
2505728000007,ROAST BEEF NOVILLITO X KG,CARREFOUR EL MERCADO,Carnes,Carne vacuna,Roast beef
2509690000003,ROAST BEEF NOVILLO X KG,BULNEZ,Carnes,Carne vacuna,Roast beef
597,ROAST BEEF SELECCIONADO,SIN MARCA,Carnes,Carne vacuna,Roast beef
2505710000008,ROAST BEEF X KG,BULNEZ,Carnes,Carne vacuna,Roast beef
638,TAPA D.NALGA DE NOVILLITO,SIN MARCA,Carnes,Carne vacuna,Nalga
2000000184661,TAPA D/ASADO AHUMADA Y CONDIM.PIEZA LAS DINAS XKG,LAS DINAS,Carnes,Carne vacuna,Asado
2406957000007,TAPA DE ASADO,CATTE,Carnes,Carne vacuna,Asado
2060118000000,"TAPA DE ASADO **, FB MEATS, 1 kgr",FB MEATS,Carnes,Carne vacuna,Asado
2010350000009,TAPA DE ASADO AL VACIO,NUESTRA CARNICERIA,Carnes,Carne vacuna,Asado
2060119000009,"TAPA DE ASADO E/V**, FB MEATS, 1 kgr",FB MEATS,Carnes,Carne vacuna,Asado
2000000478616,TAPA DE ASADO ESPECIAL  X KG,"",Carnes,Carne vacuna,Asado
2004230000005,TAPA DE ASADO NOVILLITO  X KG,"",Carnes,Carne vacuna,Asado
2506264000001,TAPA DE ASADO NOVILLITO (C3),CARREFOUR EL MERCADO,Carnes,Carne vacuna,Asado
2506139000006,TAPA DE ASADO NOVILLITO (M),CARREFOUR EL MERCADO,Carnes,Carne vacuna,Asado
2506165000001,TAPA DE ASADO NOVILLITO X KG,CARREFOUR EL MERCADO,Carnes,Carne vacuna,Asado
2509691000002,TAPA DE ASADO NOVILLO X KG,BULNEZ,Carnes,Carne vacuna,Asado
2007280000001,TAPA DE ASADO OFERTA,NO APLICA MARCA,Carnes,Carne vacuna,Asado
2505988000007,TAPA DE ASADO ORGANICA X KG,CARREFOUR ORGANICO,Carnes,Carne vacuna,Asado
602,TAPA DE ASADO SELECCIONAD,SIN MARCA,Carnes,Carne vacuna,Asado
2506022000007,TAPA DE ASADO X KG,BULNEZ,Carnes,Carne vacuna,Asado
2506123000005,TAPA DE CUADRIL (PICANHA) ETIQUETA NEGRA (AV),CARREFOUR ETIQUETA N,Carnes,Carne vacuna,Cuadril
2010530000003,TAPA DE CUADRIL AL VACIO,NUESTRA CARNICERIA,Carnes,Carne vacuna,Cuadril
492552,TAPA DE CUADRIL FGD XKG,sin marca,Carnes,Carne vacuna,Cuadril
2506084000007,TAPA DE CUADRIL NOVILLITO,CARREFOUR EL MERCADO,Carnes,Carne vacuna,Cuadril
2505989000006,TAPA DE CUADRIL ORGANICA X KG,CARREFOUR ORGANICO,Carnes,Carne vacuna,Cuadril
2019702000001,"TAPA DE NALGA **, FB MEATS, 1 kgr",FB MEATS,Carnes,Carne vacuna,Nalga
2010410000000,TAPA DE NALGA AL VACIO,SIN MARCA,Carnes,Carne vacuna,Nalga
2023780000006,TAPA DE NALGA ANGUS,ANGUS,Carnes,Carne vacuna,Nalga
2509787000008,TAPA DE NALGA COMPLEMENTO X KG,S/D,Carnes,Carne vacuna,Nalga
2019697000000,"TAPA DE NALGA E/V**, FB MEATS, 1 kgr",FB MEATS,Carnes,Carne vacuna,Nalga
2505959000005,TAPA DE NALGA HUELLA NATURAL X KG,CARREFOUR HUELLA NAT,Carnes,Carne vacuna,Nalga
2004231300005,TAPA DE NALGA NOVILLITO  X KG,"",Carnes,Carne vacuna,Nalga
2506297000009,TAPA DE NALGA NOVILLITO (C3),CARREFOUR EL MERCADO,Carnes,Carne vacuna,Nalga
2506085000006,TAPA DE NALGA NOVILLITO X KG,CARREFOUR EL MERCADO,Carnes,Carne vacuna,Nalga
2506100000004,TAPA DE NALGA NOVILLO,BULNEZ,Carnes,Carne vacuna,Nalga
2509692000001,TAPA DE NALGA NOVILLO X KG,BULNEZ,Carnes,Carne vacuna,Nalga
2018860000007,TAPA DE NALGA OFERTA,NUESTRA CARNICERIA,Carnes,Carne vacuna,Nalga
2506149000003,TAPA DE NALGA ORGANICA X KG,CARREFOUR ORGANICO,Carnes,Carne vacuna,Nalga
2085090000008,TAPA DE PALETA AL VACIO,NUESTRA CARNICERIA,Carnes,Carne vacuna,Paleta
2000000481289,TAPA NALGA  ESTANCIA X KG,ESTANCIAS COTO,Carnes,Carne vacuna,Nalga
2406958000006,VACIO,CATTE,Carnes,Carne vacuna,Vacio
718,VACIO DE NOVILLITO,SIN MARCA,Carnes,Carne vacuna,Vacio
2060117000001,"VACIO E/V **, FB MEATS, 1 kgr",FB MEATS,Carnes,Carne vacuna,Vacio
2505742000007,VACIO ETIQUETA NEGRA (AV),CARREFOUR ETIQUETA N,Carnes,Carne vacuna,Vacio
2509070000005,VACIO GUANACO,S/D,Carnes,Carne vacuna,Vacio
2004139000007,VACIO NOVILLITO  X KG,COTO,Carnes,Carne vacuna,Vacio
2506282000007,VACIO NOVILLITO (C3),CARREFOUR EL MERCADO,Carnes,Carne vacuna,Vacio
2509757000007,VACIO NOVILLITO (E),CARREFOUR EL MERCADO,Carnes,Carne vacuna,Vacio
2506138000007,VACIO NOVILLITO (M),CARREFOUR EL MERCADO,Carnes,Carne vacuna,Vacio
2504696000002,VACIO NOVILLITO X KG,CARREFOUR EL MERCADO,Carnes,Carne vacuna,Vacio
2509693000000,VACIO NOVILLO X KG,BULNEZ,Carnes,Carne vacuna,Vacio
2505993000009,VACIO ORGANICO X KG,CARREFOUR ORGANICO,Carnes,Carne vacuna,Vacio
2035022000002,VACIO SELECCIÓN  X KG,"",Carnes,Carne vacuna,Vacio
2505962000009,VACIO TROZADO HUELLA NATURAL X KG,CARREFOUR HUELLA NAT,Carnes,Carne vacuna,Vacio
2504697000001,VACIO X KG,BULNEZ,Carnes,Carne vacuna,Vacio
730341,matambre de carne NUEVO MUNICH PZA-1-KG,NUEVO MUNICH,Carnes,Carne vacuna,Matambre
2078280000001,BONDIOLA BAND,NUESTRA CARNICERIA,Carnes,Cerdo,""
7242120000000,BONDIOLA ESPECIAL,"",Carnes,Cerdo,""
2075950000002,BONDIOLA PARRI BAND,NUESTRA CARNICERIA,Carnes,Cerdo,""
2509828000004,BONDIOLA TROZO (VACIO),S/D,Carnes,Cerdo,""
0000000834346,Bondiola Cruda FLIA GRIÓN BLI-1-Kg,FAMILIA GRIÓN,Carnes,Cerdo,""
0000000280587,Bondiola LARIO SOB-1-Kg,LARIO,Carnes,Cerdo,""
0000000933698,Bondiola lario SOB-1-Kg,LARIO,Carnes,Cerdo,""
0000000953719,Bondiola paladini SOB-1-Kg,PALADINI,Carnes,Cerdo,""
2051160000001,C AUS BONDIOLA,CAMPO AUSTRAL,Carnes,Cerdo,""
2051200000008,C AUS CARRE C HUESO,CAMPO AUSTRAL,Carnes,Cerdo,""
2051190000002,C AUS MATAMBRITO,CAMPO AUSTRAL,Carnes,Cerdo,""
2051180000005,C AUS PECHITO,CAMPO AUSTRAL,Carnes,Cerdo,""
2051170000008,C AUS RIBBS CERDO,CAMPO AUSTRAL,Carnes,Cerdo,""
2051150000004,C AUS SOLOMILLO,CAMPO AUSTRAL,Carnes,Cerdo,""
2045160000000,CAB BONDIOLA,SIN MARCA,Carnes,Cerdo,""
2044880000000,CAB CARRE DESHUESADO,SIN MARCA,Carnes,Cerdo,""
2044970000002,CAB RIBS DE CERDO,SIN MARCA,Carnes,Cerdo,""
2045170000007,CAB SOLOMILLO,SIN MARCA,Carnes,Cerdo,""
2859290000003,CABEZA LECHON,NUESTRA COCINA,Carnes,Cerdo,""
2078300000004,CARRE CON HUESO BAND,NUESTRA CARNICERIA,Carnes,Cerdo,""
2010690000004,CARRE CONGELADO,SIN MARCA,Carnes,Cerdo,""
2099290000003,CARRE DESHU CONG,CATTER MEAT,Carnes,Cerdo,""
2098480000007,CHULETA DE JAMON,CAMPO AUSTRAL,Carnes,Cerdo,""
2090930000001,CHURR DE BONDIOLA,NUESTRA CARNICERIA,Carnes,Cerdo,""
2078290000008,CHURR DE BONDIOLA BAND,NUESTRA CARNICERIA,Carnes,Cerdo,""
2010960000000,CODILLO CONGELADO,SIN MARCA,Carnes,Cerdo,""
2510213000004,COLITA CUADRIL DE CERDO ETIQUETA NEGRA X KG,S/D,Carnes,Cerdo,""
2080583000008,COLITA DE CUADRIL DE CERDO X KG,"",Carnes,Cerdo,""
2065070000006,ENTRECOT DE CERDO,NUESTRA CARNICERIA,Carnes,Cerdo,""
2078360000006,ENTRECOT DE CERDO BAND,NUESTRA CARNICERIA,Carnes,Cerdo,""
2078470000002,HUESITOS DE CERDO,NUESTRA CARNICERIA,Carnes,Cerdo,""
0000000953764,Lomo de cerdo LARIO. SOB-1-Kg,LARIO,Carnes,Cerdo,""
0000000503723,Lomo de cerdo PALADINI SOB-1-Kg,PALADINI,Carnes,Cerdo,""
2048680000000,MEDIO LECHON CONGELADO,SIN MARCA,Carnes,Cerdo,""
2017520000005,PALETA DE LECHON X KG,"",Carnes,Cerdo,""
2010680000007,PATITA CERDO CONG,NUESTRA CARNICERIA,Carnes,Cerdo,""
2032840000009,PECHITO DE CERDO,CAMPO AUSTRAL,Carnes,Cerdo,""
2078320000008,PECHITO DE CERDO BAND,NUESTRA CARNICERIA,Carnes,Cerdo,""
2078340000002,PECHITO DE CERDO GAN,NUESTRA CARNICERIA,Carnes,Cerdo,""
2010320000008,PICADA DE CERDO ATM,NUESTRA CARNICERIA,Carnes,Cerdo,""
2011250000007,PIERNA LECHON CONG,SIN MARCA,Carnes,Cerdo,""
2071650000007,RIBS DE CERDO BAND,NUESTRA CARNICERIA,Carnes,Cerdo,""
2032880000007,SOLOMILLO,CAMPO AUSTRAL,Carnes,Cerdo,""
2078440000001,SOLOMILLO BAND,NUESTRA CARNICERIA,Carnes,Cerdo,""
2005170000001,SOLOMILLO CONGELADO,SIN MARCA,Carnes,Cerdo,""
2078430000004,VACIO DE CERDO BAND,NUESTRA CARNICERIA,Carnes,Cerdo,""
2510211000006,VACIO DE CERDO ETIQUETA NEGRA X KG,S/D,Carnes,Cerdo,""
2017770000008,VACIO DE CERDO X KG,"",Carnes,Cerdo,""
2509748000009,CHISTORRA PELADA FRACC (VACIO) X KG,S/D,Carnes,Chorizo y morcilla,""
7790079024146,CHORIZO DE CERDO AL VACIO PALADINI X KG,S/D,Carnes,Chorizo y morcilla,""
2036503000009,CHORIZO DE CERDO BOMBON CIUDAD DEL LAGO X KG,CIUDAD DEL LAGO,Carnes,Chorizo y morcilla,""
2000000407630,CHORIZO DE CERDO COTO ENVASADO AL VACIO X KG,COTO,Carnes,Chorizo y morcilla,""
7798183631410,CHORIZO PARRILLERO MARCA PROPIA,CARNES CARREFOUR,Carnes,Chorizo y morcilla,""
7798317980414,CHORIZO SUPER AL VACIO LA DIVISA X400 GRS.,S/D,Carnes,Chorizo y morcilla,""
7798317980452,Chorizo con queso x400 grs-La Divisa E/V-0.4-Kg,LA DIVISA,Carnes,Chorizo y morcilla,""
7793281492154,Chorizo parrillero x400grs - Catter Meat E/V-400-gr.,CHACRA NUESTRA,Carnes,Chorizo y morcilla,""
2000000413129,MORCILLA ENV VACIO COTO XKG 1 KGM,COTO,Carnes,Chorizo y morcilla,""
2025500000006,ASADO CORD,SIN MARCA,Carnes,Cordero y otras carnes,""
2077610000001,ASADO CORDERO PATAGONICO,SIN MARCA,Carnes,Cordero y otras carnes,""
2000000140407,ASADO DE CORDERO  X KG,.,Carnes,Cordero y otras carnes,""
2034190000005,CHIVITO CONGELADO,SIN MARCA,Carnes,Cordero y otras carnes,""
2093760000005,CORDERO DESCONGELADO,SIN MARCA,Carnes,Cordero y otras carnes,""
2007800000009,CORDERO PATAGONICO FRESCO X KG,NUESTRA CARNICERIA,Carnes,Cordero y otras carnes,""
2009430000008,MEDIO CORDERO CONGELADO CONSTANZO,SIN MARCA,Carnes,Cordero y otras carnes,""
2025520000000,PALETA CORD,SIN MARCA,Carnes,Cordero y otras carnes,""
2077620000008,PALETA CORDERO PATAGONICO,SIN MARCA,Carnes,Cordero y otras carnes,""
2025510000003,PIERNA CORD,SIN MARCA,Carnes,Cordero y otras carnes,""
2077630000005,PIERNA CORDERO PATAGONICO,SIN MARCA,Carnes,Cordero y otras carnes,""
7790070036636,FORMITAS DE POLLO LUCCHETTI BOLSA X 350 GRS,LUCCHETTI,Carnes,Hamburguesas y rebozados,""
7790670050667,HAMB CLASIC 12UD,PATY,Carnes,Hamburguesas y rebozados,""
7790360026606,HAMB CLASIC 2UD,SWIFT,Carnes,Hamburguesas y rebozados,""
7790670050650,HAMB CLASIC 4UD,PATY,Carnes,Hamburguesas y rebozados,""
7790670052791,HAMB PATY DE CANCHA X2,PATY,Carnes,Hamburguesas y rebozados,""
7790360026590,HAMBURG CARNE 960GR,SWIFT,Carnes,Hamburguesas y rebozados,""
7790360026576,HAMBURG CARNE CLASIC,SWIFT,Carnes,Hamburguesas y rebozados,""
7790670045465,"HAMBURGUESA CARNE VAC.REBOZ.FLOWx2, PATYNESA, 226 gr",PATY,Carnes,Hamburguesas y rebozados,""
7790360967701,HAMBURGUESA CASERA SWIFT BOLSA X 2 UNI,SWIFT,Carnes,Hamburguesas y rebozados,""
7790360967411,HAMBURGUESA CLASICA XL SWIFT FLOW PACK X 2 UNI,SWIFT,Carnes,Hamburguesas y rebozados,""
7790670050728,HAMBURGUESA FINITA CONGELADA PATY X 2 UNI,PATY,Carnes,Hamburguesas y rebozados,""
7790670051831,Hamburguesa PATY de carne 4u x288g CJA-288-gr.,PATY,Carnes,Hamburguesas y rebozados,""
7790360966841,MEDALLON SUPERCONGX4,SWIFT,Carnes,Hamburguesas y rebozados,""
2509050000001,MILANESA DE CUADRADA NOVILLITO (E),CARREFOUR EL MERCADO,Carnes,Hamburguesas y rebozados,""
7798260740288,MILANESAS DE CERDO UNION GANADERA PAQ 500 GRM,UNION GANADERA,Carnes,Hamburguesas y rebozados,""
2078350000009,MILANESAS DE JAMON BAND,NUESTRA CARNICERIA,Carnes,Hamburguesas y rebozados,""
7790360966797,Medallon Swift Doble Burger Flow x 2 uni BSA-112-gr.,SWIFT,Carnes,Hamburguesas y rebozados,""
7790360971135,"PALITOS DE POLLO, SWIFT, 260 gr",SWIFT,Carnes,Hamburguesas y rebozados,""
7790070035936,PATITAS POLLO +CROCA,GDSOL,Carnes,Hamburguesas y rebozados,""
7790070035950,PATITAS POLLO +CROCA,GDSOL,Carnes,Hamburguesas y rebozados,""
7790070035714,PATITAS POLLO CHEDDA,GRANJ,Carnes,Hamburguesas y rebozados,""
7790070036599,PATITAS POLLO ORIGIN,GRANJ,Carnes,Hamburguesas y rebozados,""
7790070036148,SUPREMITAS DE POLLO CROCANTES GRANJA DEL SOL X480G,GRANJA DEL SOL,Carnes,Hamburguesas y rebozados,""
2034360000002,UG MILANESA DE CERDO,UNION GANADERA,Carnes,Hamburguesas y rebozados,""
7790670050605,hamburguesas PATY de carne GR x 480 gr BSA-480-gr.,PATY,Carnes,Hamburguesas y rebozados,""
7790670050674,hamburguesas PATY de carne flow x 160gr BSA-160-gr.,PATY,Carnes,Hamburguesas y rebozados,""
341,BOCADITOS POLLO FRESCOS,GRANJITOS,Carnes,Pollo,Pollo entero
2507506000001,CUARTO TRASERO VACIO QR,S/D,Carnes,Pollo,""
256,FILET DE PECHUGA DE POLLO,POLLO D.SIERRA,Carnes,Pollo,Pechuga de pollo
220,FILET PECHUGA POLLO (BAN),POLLO D.SIERRA,Carnes,Pollo,Pechuga de pollo
2507145000004,MINI PECHUGAS DE POLLO AL VERDEO X KG,CARREFOUR CRISTAL,Carnes,Pollo,Pechuga de pollo
2507503000004,MUSLOS VACIO QR,S/D,Carnes,Pollo,""
2507502000005,PATAS DE POLLO VACIO QR,S/D,Carnes,Pollo,""
2507467000003,PECHUGA CRISTAL X KG,CARREFOUR CRISTAL,Carnes,Pollo,Pechuga de pollo
2507472000005,PECHUGA DE POLLO AL VACIO CRESTA ROJA,S/D,Carnes,Pollo,Pechuga de pollo
2507173000007,PECHUGA DE POLLO X KG. AVICOLA LUJAN,S/D,Carnes,Pollo,Pechuga de pollo
2507156000000,PECHUGA EL MERCADO X KG.,CARNES CARREFOUR,Carnes,Pollo,Pechuga de pollo
2507504000003,PECHUGA VACIO QR,S/D,Carnes,Pollo,Pechuga de pollo
2507596000004,PECHUGAS DE POLLO A GRANEL X KG,S/D,Carnes,Pollo,Pechuga de pollo
2507384000001,POLLO CONGELADO,CARREFOUR CRISTAL,Carnes,Pollo,""
2406847000001,POLLO EMBOLSADO,DIA,Carnes,Pollo,""
257,POLLO ENTERO CON MENUDOS,POLLO D.SIERRA,Carnes,Pollo,Pollo entero
2507174000006,POLLO ENTERO SELECCIONADO AVICOLA LUJAN,S/D,Carnes,Pollo,Pollo entero
2507175000005,POLLO FRESCO COMUN X KG. AVICOLA LUJAN,S/D,Carnes,Pollo,Pollo entero
2507176000004,POLLO FRESCO CON MENUDOS X KG. AVIC. DE LUJAN,S/D,Carnes,Pollo,Pollo entero
2507483000001,POLLO FRESCO LS X KG,CARREFOUR CRISTAL,Carnes,Pollo,Pollo entero
80001,POLLO FRESCO X KG.,sin marca,Carnes,Pollo,Pollo entero
2035169000002,"POLLO PARRILLERO    304, POLLOLIN, 1 kgr",POLLOLIN,Carnes,Pollo,Pollo entero
504,POLLO PARRILLERO AL AJI,POLLO D.SIERRA,Carnes,Pollo,Pollo entero
2507505000002,SUPREMA FILETTE VACIO QR,S/D,Carnes,Pollo,""
2490137000000,ANANA,"",Frutas y verduras,Frutas,Anana
100203,ANANA EN CUBOS AMARILLOS KG.,VILLARES S.A.C.,Frutas y verduras,Frutas,Anana
2740110000009,BANANA,NO APLICA MARCA,Frutas y verduras,Frutas,Banana
2000446000006,BANANA CAVENDISH X KG,"",Frutas y verduras,Frutas,Banana
46927,BANANA COMERCIAL,SIN MARCA,Frutas y verduras,Frutas,Banana
2051432000005,BANANA COMERCIAL X KG,"",Frutas y verduras,Frutas,Banana
283,BANANA DE ECUADOR,SIN MARCA,Frutas y verduras,Frutas,Banana
2490110000000,BANANA GRANEL,"",Frutas y verduras,Frutas,Banana
2490038000000,BANANA NOA KG,"",Frutas y verduras,Frutas,Banana
2055617000002,"BANANA PLATANO, ., 1 kgr",.,Frutas y verduras,Frutas,Banana
2038296000006,"BANANA PROMOCION BOLSITA, ., 1 kgr",.,Frutas y verduras,Frutas,Banana
2508844000005,BANANA SELECCI N X KG,S/D,Frutas y verduras,Frutas,Banana
2509836000003,BANANA SELECCION X KG (T),S/D,Frutas y verduras,Frutas,Banana
2641170000001,BANANA X KG (BEX),S/D,Frutas y verduras,Frutas,Banana
2636226000005,BANANA X KG (FEX),S/D,Frutas y verduras,Frutas,Banana
2609180000008,BANANA X KG (PUX),S/D,Frutas y verduras,Frutas,Banana
2509360000005,BANANA X KG (T),S/D,Frutas y verduras,Frutas,Banana
2490138000000,CIRUELA,"",Frutas y verduras,Frutas,Ciruela
2740420000003,CIRUELA,NO APLICA MARCA,Frutas y verduras,Frutas,Ciruela
2063594000007,CIRUELA . X KG,.,Frutas y verduras,Frutas,Ciruela
2064941000008,CIRUELA D'AGEN X KG,"",Frutas y verduras,Frutas,Ciruela
2000452000007,CIRUELA ESPECIAL X KG,"",Frutas y verduras,Frutas,Ciruela
2000453000006,CIRUELA NEGRA X KG,"",Frutas y verduras,Frutas,Ciruela
2509380000009,CIRUELA NEGRA X KG (T),S/D,Frutas y verduras,Frutas,Ciruela
2320010000004,CIRUELA NEGRA X KG.,S/D,Frutas y verduras,Frutas,Ciruela
2064943000006,CIRUELA PRESIDENTE 22/44   XKG,"",Frutas y verduras,Frutas,Ciruela
2064942000007,CIRUELA SIN CAROZO X KG,"",Frutas y verduras,Frutas,Ciruela
2304245000008,CIRUELA X KG,S/D,Frutas y verduras,Frutas,Ciruela
271448,CIRUELA X KG.,sin marca,Frutas y verduras,Frutas,Ciruela
2303506000009,CIRUELAS COMERCIAL X KG.,S/D,Frutas y verduras,Frutas,Ciruela
2509381000008,CIRUELAS ROJAS X KG (T),S/D,Frutas y verduras,Frutas,Ciruela
2490135000000,DURAZNO,"",Frutas y verduras,Frutas,Durazno
2740380000006,DURAZNO,NO APLICA MARCA,Frutas y verduras,Frutas,Durazno
2000702000009,DURAZNO AMARILLO GRANDE X KG,"",Frutas y verduras,Frutas,Durazno
2509387000002,DURAZNO AMARILLO X KG (T),S/D,Frutas y verduras,Frutas,Durazno
2066581000004,DURAZNO BLANCO SELECCION X KG,"",Frutas y verduras,Frutas,Durazno
2000493000004,DURAZNO BLANCO X KG,"",Frutas y verduras,Frutas,Durazno
2509386000003,DURAZNO BLANCO X KG (T),S/D,Frutas y verduras,Frutas,Durazno
2304633000009,DURAZNO COMERCIAL X KG.,S/D,Frutas y verduras,Frutas,Durazno
2065970000007,DURAZNO ESPECIAL X KG,"",Frutas y verduras,Frutas,Durazno
2320013000001,DURAZNO ESPECIAL X KG.,S/D,Frutas y verduras,Frutas,Durazno
2000494000003,DURAZNO X KG,"",Frutas y verduras,Frutas,Durazno
2049140000004,EMPAQUETADO MANZANA ELEGIDA,NUESTRA VERDULERIA,Frutas y verduras,Frutas,""
2049150000001,EMPAQUETADO MANZANA GRANNY,NO APLICA MARCA,Frutas y verduras,Frutas,""
2743230000003,FRUTILLA,NO APLICA MARCA,Frutas y verduras,Frutas,Frutilla
2920550700008,FRUTILLA EN CUBETA X 250 GRS.,S/D,Frutas y verduras,Frutas,""
2920983400001,FRUTILLA X CUBETA (T),S/D,Frutas y verduras,Frutas,Frutilla
2000497000000,FRUTILLA X KG,"",Frutas y verduras,Frutas,Frutilla
2320016000008,FRUTILLAS A GRANEL X KG,S/D,Frutas y verduras,Frutas,Frutilla
2509392000004,FRUTILLAS A GRANEL X KG (T),S/D,Frutas y verduras,Frutas,Frutilla
2740300000000,KIWI,SIN MARCA,Frutas y verduras,Frutas,Kiwi
437,KIWI,SIN MARCA,Frutas y verduras,Frutas,Kiwi
2000638000005,KIWI AMARILLO X KG,"",Frutas y verduras,Frutas,Kiwi
2320183000009,KIWI ELEGIDO X KG,S/D,Frutas y verduras,Frutas,Kiwi
2303562000005,KIWI HUELLA NATURAL X KG.,CARREFOUR HUELLA NAT,Frutas y verduras,Frutas,Kiwi
2065446000005,KIWI ROJO   X KG,"",Frutas y verduras,Frutas,Kiwi
2000496000001,KIWI X KG,"",Frutas y verduras,Frutas,Kiwi
2320028000003,KIWI X KG,S/D,Frutas y verduras,Frutas,Kiwi
2509397000009,KIWI X KG (T),S/D,Frutas y verduras,Frutas,Kiwi
271523,KIWI X KG.,sin marca,Frutas y verduras,Frutas,Kiwi
2038214000002,"KIWI, ., 1 kgr",.,Frutas y verduras,Frutas,Kiwi
2744330000009,LIMON,NO APLICA MARCA,Frutas y verduras,Frutas,Limon
319,LIMON,SIN MARCA,Frutas y verduras,Frutas,Limon
2743050000009,LIMON CAIPIRINHA,NO APLICA MARCA,Frutas y verduras,Frutas,Limon
2000555000003,LIMON CAIPIRINHA X KG,"",Frutas y verduras,Frutas,Limon
2509405000007,LIMON CAIPIRINHA X KG (T),S/D,Frutas y verduras,Frutas,Limon
2304644000005,LIMON COMERCIAL X KG.,S/D,Frutas y verduras,Frutas,Limon
2001315800024,LIMON COSECHA CRIOLLA BSA 1 KGM,COSECHA CRIOLLA,Frutas y verduras,Frutas,Limon
2490114000000,LIMON GRANEL,KG,Frutas y verduras,Frutas,Limon
2061007000002,LIMON X KG,"",Frutas y verduras,Frutas,Limon
2509407000005,LIMON X KG (T),S/D,Frutas y verduras,Frutas,Limon
2320003000004,LIMON X KG.,S/D,Frutas y verduras,Frutas,Limon
271406,LIMON X KG.,sin marca,Frutas y verduras,Frutas,Limon
2744340000006,MANDARINA,SIN MARCA,Frutas y verduras,Frutas,Mandarina
561,MANDARINA CLEMENTVILLA,SIN MARCA,Frutas y verduras,Frutas,Mandarina
2306740000002,MANDARINA COMERCIAL X KG,S/D,Frutas y verduras,Frutas,Mandarina
330,MANDARINA CRIOLLA,SIN MARCA,Frutas y verduras,Frutas,Mandarina
2509408000004,MANDARINA ELEGIDA X KG (T),S/D,Frutas y verduras,Frutas,Mandarina
2490119000000,MANDARINA GRANEL,"",Frutas y verduras,Frutas,Mandarina
2509409000003,MANDARINA MURCOT X KG (T),S/D,Frutas y verduras,Frutas,Mandarina
367,MANDARINA NOVA,SIN MARCA,Frutas y verduras,Frutas,Mandarina
487,MANDARINA OKITSU,SIN MARCA,Frutas y verduras,Frutas,Mandarina
2609040000001,MANDARINA X 500 GRS,S/D,Frutas y verduras,Frutas,""
271418,MANDARINA X KG.,sin marca,Frutas y verduras,Frutas,Mandarina
271493,MANZANA 1° CALIDAD X KG.,sin marca,Frutas y verduras,Frutas,Manzana
2736290000007,MANZANA BOLSITA,NO APLICA MARCA,Frutas y verduras,Frutas,Manzana
271481,MANZANA COMERCIAL X KG.,sin marca,Frutas y verduras,Frutas,Manzana
2740160000004,MANZANA ELEGIDA,NO APLICA MARCA,Frutas y verduras,Frutas,Manzana
2000527000000,MANZANA G.SMITH COMERCIAL X KG,"",Frutas y verduras,Frutas,Manzana
2740170000001,MANZANA GRANNY,NO APLICA MARCA,Frutas y verduras,Frutas,Manzana
337,MANZANA GRANNY (VERDE),SIN MARCA,Frutas y verduras,Frutas,Manzana
2017336000008,MANZANA GRANNY ESPECIAL   XKG,COSECHA CRIOLLA,Frutas y verduras,Frutas,Manzana
2320085000008,MANZANA GRANNY ESPECIAL X KG.,S/D,Frutas y verduras,Frutas,Manzana
2509412000007,MANZANA GRANNY SMITH X KG (T),S/D,Frutas y verduras,Frutas,Manzana
2301946000009,MANZANA GRANNY SMITH X KG.,S/D,Frutas y verduras,Frutas,Manzana
271484,MANZANA GRANNY SMITH X KG.,sin marca,Frutas y verduras,Frutas,Manzana
2038121000003,"MANZANA GRANY COMERCIAL BOLSITA, ., 1 kgr",.,Frutas y verduras,Frutas,Manzana
2000349000004,MANZANA MIXTA ESPECIAL BJA X KG,COSECHA CRIOLLA,Frutas y verduras,Frutas,Manzana
2490111000000,MANZANA PG,"",Frutas y verduras,Frutas,Manzana
2070021000004,"MANZANA RED COMERCIAL BOLSITA, ., 1 kgr",.,Frutas y verduras,Frutas,Manzana
334,MANZANA RED DELICIOSA,SIN MARCA,Frutas y verduras,Frutas,Manzana
384,MANZANA RED ESPECIAL,SIN MARCA,Frutas y verduras,Frutas,Manzana
2003511400008,MANZANA RED ESPECIAL BJA X KG,COSECHA CRIOLLA,Frutas y verduras,Frutas,Manzana
2320103000003,MANZANA RED ESPECIAL X KG,S/D,Frutas y verduras,Frutas,Manzana
2000529000008,MANZANA RED X KG,"",Frutas y verduras,Frutas,Manzana
2509414000005,MANZANA RED X KG (T),S/D,Frutas y verduras,Frutas,Manzana
2740150000007,MANZANA ROJA,NO APLICA MARCA,Frutas y verduras,Frutas,Manzana
2490039000000,MANZANA ROJA ELEGIDA,"",Frutas y verduras,Frutas,Manzana
2303522000007,MANZANA ROJA HUELLA NATURAL X KG,CARREFOUR HUELLA NAT,Frutas y verduras,Frutas,Manzana
2641130000003,MANZANA ROJA X 500GRS (BEX),S/D,Frutas y verduras,Frutas,""
2636228000003,MANZANA ROJA X 500GRS (FEX),S/D,Frutas y verduras,Frutas,""
2970300000773,MANZANA ROJA X 500GRS (PAX),S/D,Frutas y verduras,Frutas,""
2609120000006,MANZANA ROJA X 500GRS (PUX),S/D,Frutas y verduras,Frutas,""
2509415000004,MANZANA ROME X KG (T),S/D,Frutas y verduras,Frutas,Manzana
2509416000003,MANZANA ROYAL GALA X KG (T),S/D,Frutas y verduras,Frutas,Manzana
2509837000002,MANZANA SELECCION X KG (T),S/D,Frutas y verduras,Frutas,Manzana
2038124000000,"MANZANA VARIEDADES, ., 1 kgr",.,Frutas y verduras,Frutas,Manzana
2490112000000,MANZANA VERDE GRANEL,KG,Frutas y verduras,Frutas,Manzana
2303524000005,MANZANA VERDE HUELLA NATURAL X KG,CARREFOUR HUELLA NAT,Frutas y verduras,Frutas,Manzana
2970300000971,MANZANA VERDE X 500GRS (PAX),S/D,Frutas y verduras,Frutas,""
2609130000003,MANZANA VERDE X 500GRS (PUX),S/D,Frutas y verduras,Frutas,""
2061002000007,MANZANA X KG,"",Frutas y verduras,Frutas,Manzana
2300397000002,MANZANA X KG,S/D,Frutas y verduras,Frutas,Manzana
2304643000006,MANZANA X KG. COMERCIAL,S/D,Frutas y verduras,Frutas,Manzana
114,MELON AMARILLO,SIN MARCA,Frutas y verduras,Frutas,Melon
2743170000002,MELON AMARILLO,NO APLICA MARCA,Frutas y verduras,Frutas,Melon
2505152000000,MELON AMARILLO ORGANICO X KG,S/D,Frutas y verduras,Frutas,Melon
2000538000006,MELON AMARILLO X KG,"",Frutas y verduras,Frutas,Melon
2509417000002,MELON AMARILLO X KG (T),S/D,Frutas y verduras,Frutas,Melon
2320030000008,MELON AMARILLO X KG.,S/D,Frutas y verduras,Frutas,Melon
2743290000005,MELON BLANCO,NO APLICA MARCA,Frutas y verduras,Frutas,Melon
2304613000005,MELON BLANCO HUELLA NATURAL X KG,CARREFOUR HUELLA NAT,Frutas y verduras,Frutas,Melon
2505153000009,MELON BLANCO ORGANICO X KG,S/D,Frutas y verduras,Frutas,Melon
2000536000008,MELON BLANCO X KG,"",Frutas y verduras,Frutas,Melon
2509418000001,MELON BLANCO X KG (T),S/D,Frutas y verduras,Frutas,Melon
2320029000002,MELON BLANCO X KG.,S/D,Frutas y verduras,Frutas,Melon
2065585000003,MELON ESCRITO X KG,"",Frutas y verduras,Frutas,Melon
2740500000008,MELON EXOTICO,NO APLICA MARCA,Frutas y verduras,Frutas,Melon
2490136000000,MELON GRANEL,"",Frutas y verduras,Frutas,Melon
2301294000003,MELON NEGRO x kg.,S/D,Frutas y verduras,Frutas,Melon
2305115000005,MELON ORGANICO X KG,S/D,Frutas y verduras,Frutas,Melon
2000217000006,MELON PIEL DE SAPO   XKG,"",Frutas y verduras,Frutas,Melon
2509419000000,MELON SCRIPTO X KG (T),S/D,Frutas y verduras,Frutas,Melon
2326948000000,MELON SCRIPTO x kg.,S/D,Frutas y verduras,Frutas,Melon
2509422000004,NARANJA DE JUGO X KG (T),S/D,Frutas y verduras,Frutas,""
2320005000002,NARANJA DE JUGO X KG.,S/D,Frutas y verduras,Frutas,""
346,NARANJA DE OMBLIGO ESPECI,SIN MARCA,Frutas y verduras,Frutas,Naranja
2509424000002,NARANJA DE OMBLIGO X KG (T),S/D,Frutas y verduras,Frutas,Naranja
2001351700067,NARANJA JUGO COSECHA CRIOLLA BSA 1 KGM,COSECHA CRIOLLA,Frutas y verduras,Frutas,""
2061005000004,NARANJA JUGO X KG,"",Frutas y verduras,Frutas,""
2490118000000,NARANJA OMBLIGO,"",Frutas y verduras,Frutas,Naranja
2740120000006,NARANJA OMBLIGO,NO APLICA MARCA,Frutas y verduras,Frutas,Naranja
2800000131555,NARANJA OMBLIGO COSECHA CRIOLLA BSA 1 KGM,COSECHA CRIOLLA,Frutas y verduras,Frutas,Naranja
2059009000007,NARANJA OMBLIGO ELEGIDA X KG,"",Frutas y verduras,Frutas,Naranja
2307327000002,NARANJA OMBLIGO X KG,S/D,Frutas y verduras,Frutas,Naranja
2509423000003,NARANJA SANGUINEA X KG (T),S/D,Frutas y verduras,Frutas,Naranja
2743880000002,NARANJA VALENCIA,SIN MARCA,Frutas y verduras,Frutas,Naranja
2641140000000,NARANJA X KG (BEX),S/D,Frutas y verduras,Frutas,Naranja
2636231000007,NARANJA X KG (FEX),S/D,Frutas y verduras,Frutas,Naranja
2653386000003,PALTA EN RED X UNIDAD (760 G),S/D,Frutas y verduras,Frutas,""
2742250000000,PALTA HASS,NO APLICA MARCA,Frutas y verduras,Frutas,Palta
2000541000000,PALTA HASS X KG,"",Frutas y verduras,Frutas,Palta
314202,PALTA HASS XUN,sin marca,Frutas y verduras,Frutas,Palta
2320022000009,PALTA PREMIUM X KG.,S/D,Frutas y verduras,Frutas,Palta
5278,PALTA UNIDAD,SIN MARCA,Frutas y verduras,Frutas,Palta
2509903000004,PALTA X KG (T)(T),S/D,Frutas y verduras,Frutas,Palta
2740360000002,PELON,NO APLICA MARCA,Frutas y verduras,Frutas,Pelon
2066586000009,PELON AMARILLO SELECCION XKG,"",Frutas y verduras,Frutas,Pelon
2000545000006,PELON AMARILLO X KG,"",Frutas y verduras,Frutas,Pelon
2509433000000,PELON AMARILLO X KG (T),S/D,Frutas y verduras,Frutas,Pelon
2066589000006,PELON BLANCO SELECCION X KG,"",Frutas y verduras,Frutas,Pelon
2017117000005,PELON BLANCO X KG,"",Frutas y verduras,Frutas,Pelon
2509434000009,PELON BLANCO X KG (T),S/D,Frutas y verduras,Frutas,Pelon
2301589000008,PELON BLANCO x kg.,S/D,Frutas y verduras,Frutas,Pelon
2320033000005,PELON X KG,S/D,Frutas y verduras,Frutas,Pelon
2744090000004,PERA,NO APLICA MARCA,Frutas y verduras,Frutas,Pera
2307341000002,PERA ASIATICA X KG.,S/D,Frutas y verduras,Frutas,Pera
2490113000000,PERA COMERCIAL,KG,Frutas y verduras,Frutas,Pera
2762430000002,PERA EXOTICA,NUESTRA VERDULERIA,Frutas y verduras,Frutas,Pera
2303810000009,PERA HUELLA NATURAL X KG,CARREFOUR HUELLA NAT,Frutas y verduras,Frutas,Pera
2000544000007,PERA PACKAMS X KG,"",Frutas y verduras,Frutas,Pera
459,PERA PACKHAM,SIN MARCA,Frutas y verduras,Frutas,Pera
2762420000005,PERA ROJA,NUESTRA VERDULERIA,Frutas y verduras,Frutas,Pera
2320034000004,PERA ROJA X KG.,S/D,Frutas y verduras,Frutas,Pera
2509436000007,PERA SELECCION X KG (T),S/D,Frutas y verduras,Frutas,Pera
358,PERA WILLIAM'S,SIN MARCA,Frutas y verduras,Frutas,Pera
2509437000006,PERA X KG (T),S/D,Frutas y verduras,Frutas,Pera
2320035000003,PERA X KG.,S/D,Frutas y verduras,Frutas,Pera
271505,PERA X KG.,sin marca,Frutas y verduras,Frutas,Pera
41555,PIÑA-ANANA,SIN MARCA,Frutas y verduras,Frutas,Anana
2742880000005,POMELO,NO APLICA MARCA,Frutas y verduras,Frutas,Pomelo
2061010000006,POMELO BLANCO SELECCION X KG,.,Frutas y verduras,Frutas,Pomelo
2509445000005,POMELO BLANCO X KG (T),S/D,Frutas y verduras,Frutas,Pomelo
2490115000000,POMELO GRANEL,"",Frutas y verduras,Frutas,Pomelo
761,POMELO ROJO,SIN MARCA,Frutas y verduras,Frutas,Pomelo
2001315700003,POMELO ROJO COSECHA CRIOLLA BSA 1.5 KGM,COSECHA CRIOLLA,Frutas y verduras,Frutas,Pomelo
2059007000009,POMELO ROJO SELECCION X KG,.,Frutas y verduras,Frutas,Pomelo
2509446000004,POMELO ROJO X KG (T),S/D,Frutas y verduras,Frutas,Pomelo
399,POMELO ROSADO,SIN MARCA,Frutas y verduras,Frutas,Pomelo
271436,POMELO ROSADO X KG.,sin marca,Frutas y verduras,Frutas,Pomelo
100179,POMELO VERDE EN CUBOS KG. 11575,VILLARES S.A.C.,Frutas y verduras,Frutas,Pomelo
2307323000006,POMELO X KG,S/D,Frutas y verduras,Frutas,Pomelo
2038180000006,"POMELO, ., 1 kgr",.,Frutas y verduras,Frutas,Pomelo
2490192000000,SANDIA,"",Frutas y verduras,Frutas,Sandia
2508946000002,SANDIA BABY X KG (T),S/D,Frutas y verduras,Frutas,Sandia
2320037000001,SANDIA BABY-SUGAR X KG.,S/D,Frutas y verduras,Frutas,Sandia
2740250000006,SANDIA MINI,SIN MARCA,Frutas y verduras,Frutas,Sandia
2000443000009,SANDIA MINI .   XKG,"",Frutas y verduras,Frutas,Sandia
2000456000003,SANDIA NACIONAL X KG,"",Frutas y verduras,Frutas,Sandia
2320036000002,SANDIA X KG,S/D,Frutas y verduras,Frutas,Sandia
2740310000007,SANDIA X KG,NO APLICA MARCA,Frutas y verduras,Frutas,Sandia
2509456000001,SANDIA X KG (T),S/D,Frutas y verduras,Frutas,Sandia
2742740000008,UVA BLANCA,NO APLICA MARCA,Frutas y verduras,Frutas,Uva
375,UVA BLANCA,SIN MARCA,Frutas y verduras,Frutas,Uva
2303802000000,UVA BLANCA HUELLA NATURAL X KG,CARREFOUR HUELLA NAT,Frutas y verduras,Frutas,Uva
2505149000006,UVA BLANCA ORGANICA X KG,S/D,Frutas y verduras,Frutas,Uva
2000550000008,UVA BLANCA X KG,-,Frutas y verduras,Frutas,Uva
2509462000002,UVA BLANCA X KG (T),S/D,Frutas y verduras,Frutas,Uva
2320040000005,UVA BLANCA X KG.(SUPERIOR MOSCATE ITALIA),S/D,Frutas y verduras,Frutas,Uva
2000553000005,UVA CEREZA X KG,"",Frutas y verduras,Frutas,Uva
2490142000000,UVA GRANEL,"",Frutas y verduras,Frutas,Uva
2053647000009,UVA MOSCATEL ROSADA X KG,"",Frutas y verduras,Frutas,Uva
2746360000004,UVA NEGRA,NO APLICA MARCA,Frutas y verduras,Frutas,Uva
2303512000000,UVA NEGRA A X KG..(RIVIER ALFONSO),S/D,Frutas y verduras,Frutas,Uva
2509464000000,UVA NEGRA X KG (T),S/D,Frutas y verduras,Frutas,Uva
2505150000002,UVA ORGANICA X KG,S/D,Frutas y verduras,Frutas,Uva
2303801000001,UVA RED GLOBE HUELLA NATURAL X KG.,CARREFOUR HUELLA NAT,Frutas y verduras,Frutas,Uva
2000861000001,UVA RED GLOBE X KG,"",Frutas y verduras,Frutas,Uva
271568,UVA RED GLOBE X KG,sin marca,Frutas y verduras,Frutas,Uva
2764560000006,UVA RED GLOBE X KG,NUESTRA VERDULERIA,Frutas y verduras,Frutas,Uva
2509465000009,UVA RED GLOBE X KG (T),S/D,Frutas y verduras,Frutas,Uva
2320184000008,UVA RED GLOBE X KG.,S/D,Frutas y verduras,Frutas,Uva
2000000457895,UVA ROJA SIN SEMILLA  X KG,.,Frutas y verduras,Frutas,Uva
377,UVA ROSADA,SIN MARCA,Frutas y verduras,Frutas,Uva
2510676000009,UVA ROSADA HUELLA NATURAL,S/D,Frutas y verduras,Frutas,Uva
2320039000009,UVA ROSADA X KG,S/D,Frutas y verduras,Frutas,Uva
7798151952608,.Mani KING Sabor Pizza PAQ-80-gr.,KING,Frutas y verduras,Frutos secos y desecados,""
7798143355714,ALMENDRAS PELADAS X 50G.,CARREFOUR CRISTAL,Frutas y verduras,Frutos secos y desecados,""
8480017295620,ALMENDRAS SIN GLUTEN,DIA,Frutas y verduras,Frutos secos y desecados,""
0734191403820,Almendras Saladas NATURAL CANDY 100gr DOY-100-gr.,NATURAL CANDY,Frutas y verduras,Frutos secos y desecados,""
7791351001893,Almendras tostadas y saladas POT-150-gr.,SIN MARCA,Frutas y verduras,Frutos secos y desecados,""
7798143350429,Almendras tostadas y saladas POT-150-gr.,SIN MARCA,Frutas y verduras,Frutos secos y desecados,""
7793433000695,B MIXTO SEMILLAS,GENSE,Frutas y verduras,Frutos secos y desecados,""
7790045002123,BOCADITOS GRANIX RELLENOS DE MANI BSA 180 GRM,GRANIX,Frutas y verduras,Frutos secos y desecados,""
2646640000000,BURBUJAS DE FRUTILLA X 80 GRS.,CARREFOUR CRISTAL,Frutas y verduras,Frutos secos y desecados,""
0701575359196,Bria Snack Banana y nuez Pecan DOY-100-gr.,BRIA,Frutas y verduras,Frutos secos y desecados,""
0764451098916,Bria Snack Castañas de Cajú DOY-100-gr.,BRIA,Frutas y verduras,Frutos secos y desecados,""
0701575359189,Bria Snack Coco y Almendras DOY-100-gr.,BRIA,Frutas y verduras,Frutos secos y desecados,""
0724373596242,"Bria Snack Coco, semillas zapallo y chia DOY-100-gr.",BRIA,Frutas y verduras,Frutos secos y desecados,""
0764451098923,Bria Snack Keto DOY-100-gr.,BRIA,Frutas y verduras,Frutos secos y desecados,""
0701575359172,Bria Snacks Pistachos y Arandanos DOY-100-gr.,BRIA,Frutas y verduras,Frutos secos y desecados,""
7798143350238,CASTANA TOSTADA Y SALADA POTE 150 G,S/D,Frutas y verduras,Frutos secos y desecados,""
7798143357725,CASTAÑA CAJU NATURAL,HAPPY,Frutas y verduras,Frutos secos y desecados,""
7799120001327,CHECK ALMENDRAS X 100GR,CHECK,Frutas y verduras,Frutos secos y desecados,""
7799120001334,CHECK ALMENDRAS X 200GR,CHECK,Frutas y verduras,Frutos secos y desecados,""
7799120006537,CHECK MAN FR CS 320G,CHECK,Frutas y verduras,Frutos secos y desecados,""
7798153710114,CHECK MANI PELADO 12,CHECK,Frutas y verduras,Frutos secos y desecados,""
7799120006520,CHECK MANI TO SS 320,CHECK,Frutas y verduras,Frutos secos y desecados,""
7799120001273,CHECK MIX ANDINO X 100GR,CHECK,Frutas y verduras,Frutos secos y desecados,""
7799120001297,CHECK MIX ANDINO X 200GR,CHECK,Frutas y verduras,Frutos secos y desecados,""
7799120001310,CHECK MIX ANDINO X 500GR,CHECK,Frutas y verduras,Frutos secos y desecados,""
7799120001341,CHECK MIX EUROPA X 200GR,CHECK,Frutas y verduras,Frutos secos y desecados,""
7799120003352,CHECK MIX PICADITA,CHECK,Frutas y verduras,Frutos secos y desecados,""
7799120001365,CHECK MIX SALADO X 200GR,CHECK,Frutas y verduras,Frutos secos y desecados,""
7799120007015,CHECK MIX SELECCION,CHECK,Frutas y verduras,Frutos secos y desecados,""
7799120001358,CHECK MIX SEMILLAS X 200GR,CHECK,Frutas y verduras,Frutos secos y desecados,""
7799120003369,CHECK MIX TENTACION,CHECK,Frutas y verduras,Frutos secos y desecados,""
7799120001266,CHECK MIX TRADI X 100GR,CHECK,Frutas y verduras,Frutos secos y desecados,""
7799120001280,CHECK MIX TRADI X 200GR,CHECK,Frutas y verduras,Frutos secos y desecados,""
7799120001303,CHECK MIX TRADI X 500GR,CHECK,Frutas y verduras,Frutos secos y desecados,""
7798270248286,CHECK NUECES PELADAS EN MITADES 250G,CHECK,Frutas y verduras,Frutos secos y desecados,""
7799120004588,CHECK POS MANI 105G,CHECK,Frutas y verduras,Frutos secos y desecados,""
7799120004571,CHECK POS MANI 150G,CHECK,Frutas y verduras,Frutos secos y desecados,""
2670640000005,CHIP DE BANANA X 100 GRS,CARREFOUR CRISTAL,Frutas y verduras,Frutos secos y desecados,""
2670560000000,CIRUELAS DESECADAS C C X 200 GRS,CARREFOUR CRISTAL,Frutas y verduras,Frutos secos y desecados,""
2670580000004,CIRUELAS DESECADAS S C PRESIDENTE X 200 GRS,CARREFOUR CRISTAL,Frutas y verduras,Frutos secos y desecados,""
2670570000007,CIRUELAS DESECADAS S C X 200 GRS,CARREFOUR CRISTAL,Frutas y verduras,Frutos secos y desecados,""
7793323005335,CREMA DE ALMENDRAS 100% SIN TACC 170G POT-0.17-Kg,DICOMERE,Frutas y verduras,Frutos secos y desecados,""
7790524324555,CROP MANTEQUILLA305G,CROPPERS,Frutas y verduras,Frutos secos y desecados,""
7790524324487,CROP MIX MAN ALM CAS,CROPPERS,Frutas y verduras,Frutos secos y desecados,""
7790524324753,CROPPE PASTA CRUNCHY,CROPPERS,Frutas y verduras,Frutos secos y desecados,""
0734191403837,Caju Tostado NATURAL CANDY 100gr DOY-100-gr.,NATURAL CANDY,Frutas y verduras,Frutos secos y desecados,""
100273,DURAZNO PELON DESECADO KG.,ACHETONI,Frutas y verduras,Frutos secos y desecados,""
7798196040032,Durazno Medallon s/carozo Natchoice POT-150-gr.,SIN MARCA,Frutas y verduras,Frutos secos y desecados,""
7798196040162,Durazno Medallon s/carozo Natchoice POT-150-gr.,SIN MARCA,Frutas y verduras,Frutos secos y desecados,""
7798196040728,Durazno Medallon s/carozo Natchoice POT-150-gr.,SIN MARCA,Frutas y verduras,Frutos secos y desecados,""
100146,ESPINACA DESHIDRATADA KG.,VILLARES S.A.C.,Frutas y verduras,Frutos secos y desecados,""
7790380090106,FULL MANI PALITO55GR,FULL MANI,Frutas y verduras,Frutos secos y desecados,""
7798143350603,GIRASOL PELADO TOSTADO X 100 G,CARREFOUR CRISTAL,Frutas y verduras,Frutos secos y desecados,""
7790495004364,GIRASOL YIN YANG PELADO,YIN YANG,Frutas y verduras,Frutos secos y desecados,""
7798270247661,GV MIX TRADICIONAL X 100 GR,GREAT VALUE,Frutas y verduras,Frutos secos y desecados,""
7798151953551,KING PASTA MANI VITA,MANI KING,Frutas y verduras,Frutos secos y desecados,""
7790524324494,MANI ALMEN.PASAS D/UVA CROPPERS PAQ 85 GRM,CROPPERS,Frutas y verduras,Frutos secos y desecados,""
2790410000001,MANI CC,SIN MARCA,Frutas y verduras,Frutos secos y desecados,""
0758890927142,MANI CON CASCARA,LAEST,Frutas y verduras,Frutos secos y desecados,""
7791102057988,MANI COOP CON CASCARA,COOPERATIVA,Frutas y verduras,Frutos secos y desecados,""
7791102057964,MANI COOP FRIT SAL S/PIEL,COOPERATIVA,Frutas y verduras,Frutos secos y desecados,""
7791102057957,MANI COOP FRITO SAL S/PIE,COOPERATIVA,Frutas y verduras,Frutos secos y desecados,""
7790524324661,"MANI CROCANTE JAMON SERRANO, CROPPERS, 85 gr",CROPPERS,Frutas y verduras,Frutos secos y desecados,""
7798128250157,MANI EL MALLIN CTE CLAS,EL MALLIN,Frutas y verduras,Frutos secos y desecados,""
7798128250195,MANI EL MALLIN CTE H JAM,EL MALLIN,Frutas y verduras,Frutos secos y desecados,""
7798128250201,MANI EL MALLIN CTE H QUES,EL MALLIN,Frutas y verduras,Frutos secos y desecados,""
7798128250119,MANI EL MALLIN CTE JAMON,EL MALLIN,Frutas y verduras,Frutos secos y desecados,""
7798128250126,MANI EL MALLIN CTE PIZZA,EL MALLIN,Frutas y verduras,Frutos secos y desecados,""
7798128250102,MANI EL MALLIN CTE QUESO,EL MALLIN,Frutas y verduras,Frutos secos y desecados,""
7798128250133,MANI EL MALLIN CTE SALAME,EL MALLIN,Frutas y verduras,Frutos secos y desecados,""
7798128250171,MANI EL MALLIN FR S PIEL,EL MALLIN,Frutas y verduras,Frutos secos y desecados,""
8480017301819,MANI FRIT PANCET S/P,DIA,Frutas y verduras,Frutos secos y desecados,""
7794520412650,"MANI FRITO PELADO SALADO, KRACH-ITOS, 65 gr",KRACH-ITOS,Frutas y verduras,Frutos secos y desecados,""
8480017301871,MANI FRITO SALAD S/P,DIA,Frutas y verduras,Frutos secos y desecados,""
8480017291608,MANI JAPO LIMO&PIMIE,DIA,Frutas y verduras,Frutos secos y desecados,""
7798143355608,MANI JAPONES,EXPOR,Frutas y verduras,Frutos secos y desecados,""
7798143356506,MANI JAPONES,SIN MARCA,Frutas y verduras,Frutos secos y desecados,""
8480017291615,MANI JAPONES JAMON,DIA,Frutas y verduras,Frutos secos y desecados,""
8480017291585,MANI JAPONES ORIGINA,DIA,Frutas y verduras,Frutos secos y desecados,""
8480017291592,MANI JAPONES PIZZA,DIA,Frutas y verduras,Frutos secos y desecados,""
7798151952585,MANI KING CROCANTE JAMON,KING,Frutas y verduras,Frutos secos y desecados,""
7798151952592,MANI KING CROCANTE QUESO,KING,Frutas y verduras,Frutos secos y desecados,""
7798151953124,MANI KING Crema y Cebolla x80gr BSA-80-gr.,MANI KING,Frutas y verduras,Frutos secos y desecados,""
7798151953131,MANI KING Limon y Pimienta x80gr BSA-80-gr.,MANI KING,Frutas y verduras,Frutos secos y desecados,""
7798151953735,MANI KING SPICY HOT,KING,Frutas y verduras,Frutos secos y desecados,""
7798151953148,MANI KING Sabor Panceta x80gr BSA-80-gr.,MANI KING,Frutas y verduras,Frutos secos y desecados,""
7794520868990,MANI PELADO FRITO SALADO KRACHITOS X 110 GRS,KRACHITOS,Frutas y verduras,Frutos secos y desecados,""
7790310985939,MANI PELADO PEHUAMAR PAQ 320 GRM,PEHUAMAR,Frutas y verduras,Frutos secos y desecados,""
7794520868983,MANI PELADO SALADO,KRACH,Frutas y verduras,Frutos secos y desecados,""
7790524324418,MANI PELADO SALADO CROPPERS BOLSA X 105 GRS,CROPPERS,Frutas y verduras,Frutos secos y desecados,""
7790524324432,MANI PELADO SALADO CROPPERS BOLSA X 350 GRS,CROPPERS,Frutas y verduras,Frutos secos y desecados,""
7798143356490,MANI PELADO SALADOB,SIN MARCA,Frutas y verduras,Frutos secos y desecados,""
7790524324470,MANI PELADO TOSTADO CROPPERS X 105 GRS,CROPPERS,Frutas y verduras,Frutos secos y desecados,""
8480017319210,MANI PELADO Y SALADO,DIA,Frutas y verduras,Frutos secos y desecados,""
7790524324524,MANI SAB.BARBACOA CROPPERS PAQ 85 GRM,CROPPERS,Frutas y verduras,Frutos secos y desecados,""
7790524324500,MANI SAB.CREMA Y CEBOLLA CROPPERS PAQ 85 GRM,CROPPERS,Frutas y verduras,Frutos secos y desecados,""
8480017301901,MANI SALADO CREM&CEB,DIA,Frutas y verduras,Frutos secos y desecados,""
7790310985915,MANI SALADO PEHUAMAR BOLSA X 75 GRS,PEHUAMAR,Frutas y verduras,Frutos secos y desecados,""
7798143357312,MANI SIN SAL,CONOS,Frutas y verduras,Frutos secos y desecados,""
7791102057995,MANI TOST ECOOP SIN SODIO,ECOOP,Frutas y verduras,Frutos secos y desecados,""
7791102058008,MANI TOST ECOOP SIN SODIO,ECOOP,Frutas y verduras,Frutos secos y desecados,""
8480017301888,MANI TOSTA PEL S/SAL,DIA,Frutas y verduras,Frutos secos y desecados,""
8480017301864,MANI TOSTA SALAD S/P,DIA,Frutas y verduras,Frutos secos y desecados,""
7794268000058,MANISU BICA 50G,MANISUR,Frutas y verduras,Frutos secos y desecados,""
7790767001251,MIX AMERICANO X 150G.,S/D,Frutas y verduras,Frutos secos y desecados,""
7798143356483,MIX CROCANTE,CARREFOUR CRISTAL,Frutas y verduras,Frutos secos y desecados,""
8480017296603,MIX DE SEMILLAS,DIA,Frutas y verduras,Frutos secos y desecados,""
7798143350566,MIX DE SEMILLAS X 100 G,CARREFOUR CRISTAL,Frutas y verduras,Frutos secos y desecados,""
7798205050441,MIX DEPORTIVO KOS FOOD POT 200 GRM,KOS FOOD,Frutas y verduras,Frutos secos y desecados,""
7798143356995,MIX DESAYUNO x 300 gr BSA-0.3-Kg,SIN MARCA,Frutas y verduras,Frutos secos y desecados,""
7798143355677,MIX ENERGETICO X 50G.,CARREFOUR CRISTAL,Frutas y verduras,Frutos secos y desecados,""
7798115470810,MIX ENERGIA,XTERRA,Frutas y verduras,Frutos secos y desecados,""
7798143356988,MIX EQUILIBRIO x 300 gr BSA-0.3-Kg,SIN MARCA,Frutas y verduras,Frutos secos y desecados,""
7798175821034,MIX EUROPEO bolsa 500 gramos BSA-0.5-Kg,SIN MARCA,Frutas y verduras,Frutos secos y desecados,""
7798205050588,MIX KOS FOOD ENSALADA 150,KOS FOOD,Frutas y verduras,Frutos secos y desecados,""
7793433000688,MIX MULTISEMILLAS GENSER X 120 GRS,GENSER,Frutas y verduras,Frutos secos y desecados,""
7790767001206,MIX NUTRITIVO X 135G.,S/D,Frutas y verduras,Frutos secos y desecados,""
7798205050915,MIX NÓRDICO KOS FOOD POT 100 GRM,KOS FOOD,Frutas y verduras,Frutos secos y desecados,""
7798143357909,MIX ORIENTAL,THE HAPPY SNACK,Frutas y verduras,Frutos secos y desecados,""
7798149701201,MIX PARRILLERO 150 GRAMOS,sin marca,Frutas y verduras,Frutos secos y desecados,""
7798149701126,MIX PATAGONICO 150 GRAMOS,sin marca,Frutas y verduras,Frutos secos y desecados,""
7798205050939,MIX PATAGÓNICO KOS FOOD POT 100 GRM,KOS FOOD,Frutas y verduras,Frutos secos y desecados,""
7798115470803,MIX POWER,XTERRA,Frutas y verduras,Frutos secos y desecados,""
7798143356971,MIX POWER x 300 gr BSA-0.3-Kg,SIN MARCA,Frutas y verduras,Frutos secos y desecados,""
7798149701188,MIX PREVIA 150 GRAMOS,sin marca,Frutas y verduras,Frutos secos y desecados,""
7790767001190,MIX SALADITO X 150G.,S/D,Frutas y verduras,Frutos secos y desecados,""
7798143350214,MIX SALADITO X 150G.,CARREFOUR CRISTAL,Frutas y verduras,Frutos secos y desecados,""
7798205050564,MIX SALUDABLE X 100GR CUB-100-gr.,SIN MARCA,Frutas y verduras,Frutos secos y desecados,""
7798143357992,MIX SEMILLADO,THEHA,Frutas y verduras,Frutos secos y desecados,""
7793433000664,MIX SEMILLAS DESAYUNO GENSER X 150 GRS,GENSER,Frutas y verduras,Frutos secos y desecados,""
7793433000671,MIX SEMILLAS ENSALADAS Y SOPAS GENSER X 150 GRS,GENSER,Frutas y verduras,Frutos secos y desecados,""
7798143350207,MIX SUPREMO X 150G.,CARREFOUR CRISTAL,Frutas y verduras,Frutos secos y desecados,""
7798143355684,MIX SUPREMO X 50G,CARREFOUR CRISTAL,Frutas y verduras,Frutos secos y desecados,""
7798143357251,MIX TERRA x 300 gr BSA-0.3-Kg,THE HAPPY SNACK,Frutas y verduras,Frutos secos y desecados,""
7798115470797,MIX TRAFUL,XTERRA,Frutas y verduras,Frutos secos y desecados,""
7798175826046,MIX TROPICAL X 150 GRS POT-150-gr.,SIN MARCA,Frutas y verduras,Frutos secos y desecados,""
7798175821065,MIX TROPICAL bolsa 500 gramos BSA-0.5-Kg,SIN MARCA,Frutas y verduras,Frutos secos y desecados,""
7798143357008,MIX VITAL X 300 GRS,CARREFOUR CRISTAL,Frutas y verduras,Frutos secos y desecados,""
7798196040780,MONKEY MIX POT-150-gr.,SIN MARCA,Frutas y verduras,Frutos secos y desecados,""
7790495001103,MULTIMIX YIN YANG SEMILLA,YIN YANG,Frutas y verduras,Frutos secos y desecados,""
7790524324180,Mani CROPPERS Con Cascara x120g PAQ-120-gr.,CROPPERS,Frutas y verduras,Frutos secos y desecados,""
7790524324449,Mani CROPPERS Tostado Sin Sal x350g PAQ-350-gr.,CROPPERS,Frutas y verduras,Frutos secos y desecados,""
7790524324517,Mani CROPPERS panceta x85g PAQ-85-gr.,CROPPERS,Frutas y verduras,Frutos secos y desecados,""
7790580128043,Mani Canchero ARCOR 12X16X35G CJA-35-gr.,ARCOR,Frutas y verduras,Frutos secos y desecados,""
7798151952981,Mani King Tostado Con Cascara X 175 Grs BSA-175-gr.,MANI KING,Frutas y verduras,Frutos secos y desecados,""
7790310985953,Mani PEHUAMAR Japones Jamon x95g BSA-95-gr.,PEHUAMAR,Frutas y verduras,Frutos secos y desecados,""
7790310985946,Mani PEHUAMAR Japones Sal x95g BSA-95-gr.,PEHUAMAR,Frutas y verduras,Frutos secos y desecados,""
7790310986028,Mani PEHUAMAR Pelado x135g BSA-135-gr.,PEHUAMAR,Frutas y verduras,Frutos secos y desecados,""
7790310985960,Mani PEHUAMAR Sal Y Limon x95g BSA-95-gr.,PEHUAMAR,Frutas y verduras,Frutos secos y desecados,""
7790524324456,Mani Tostado CROPPERS tost S/Sal x105g PAQ-105-gr.,CROPPERS,Frutas y verduras,Frutos secos y desecados,""
7798165593347,Mantequilla de Maní BEEPURE Frasco400gr FCO-400-gr.,BEEPURE,Frutas y verduras,Frutos secos y desecados,""
7798151953391,Maní MANI KING Salado con piel x100g PAQ-100-gr.,MANI KING,Frutas y verduras,Frutos secos y desecados,""
7798151953353,Maní MANI KING Salado con piel x350g DOY-350-gr.,KING,Frutas y verduras,Frutos secos y desecados,""
7798151953384,Maní MANI KING Salado sin piel x100g PAQ-100-gr.,MANI KING,Frutas y verduras,Frutos secos y desecados,""
7798151953346,Maní MANI KING Salado sin piel x350g DOY-350-gr.,KING,Frutas y verduras,Frutos secos y desecados,""
7798151953360,Maní MANI KING Tostado sin piel x350g DOY-350-gr.,MANI KING,Frutas y verduras,Frutos secos y desecados,""
7798151953377,Maní MANI KING Tostado sin sal x 100g PAQ-100-gr.,MANI KING,Frutas y verduras,Frutos secos y desecados,""
7798151950024,Maní Salado MANI KING sin piel x1Kg BSA-1000-gr.,KING,Frutas y verduras,Frutos secos y desecados,""
7798151953223,Maní Salado sin piel x 350 grs BSA-0.35-Kg,SIN MARCA,Frutas y verduras,Frutos secos y desecados,""
7794520869041,Maní Tostado KRACH-ITOS Sin Sal x110g PAQ-114-gr.,KRACH-ITOS,Frutas y verduras,Frutos secos y desecados,""
7798151953407,Maní Tostado con Cáscara x 400 grs PAQ-0.4-Kg,KING,Frutas y verduras,Frutos secos y desecados,""
7798151953230,Maní Tostado sin sal x 350 grs BSA-0.35-Kg,SIN MARCA,Frutas y verduras,Frutos secos y desecados,""
0764451098909,Mini Bria Snack coco y almendras saladas DOY-100-gr.,BRIA,Frutas y verduras,Frutos secos y desecados,""
7798165591213,Mix Clasico Beepure Bolsa Zip X400g BSA-400-gr.,BEEPURE,Frutas y verduras,Frutos secos y desecados,""
7798165590650,Mix Clasico Beepure Frasco X350g FCO-350-gr.,BEEPURE,Frutas y verduras,Frutos secos y desecados,""
7798143350863,Mix Energetico POT-135-gr.,SIN MARCA,Frutas y verduras,Frutos secos y desecados,""
7798143350849,Mix Energetico bolsa BSA-500-gr.,SIN MARCA,Frutas y verduras,Frutos secos y desecados,""
7798175827029,Mix Fitness POT-150-gr.,SIN MARCA,Frutas y verduras,Frutos secos y desecados,""
7798224210062,Mix Gourmet FOR GOOD DOY-150-gr.,FORGOOD,Frutas y verduras,Frutos secos y desecados,""
7798224210093,Mix Original FOR GOOD DOY-150-gr.,FORGOOD,Frutas y verduras,Frutos secos y desecados,""
7798175827081,Mix Patagonico POT-150-gr.,SIN MARCA,Frutas y verduras,Frutos secos y desecados,""
7798175827043,Mix Premiun POT-150-gr.,SIN MARCA,Frutas y verduras,Frutos secos y desecados,""
7798165591107,Mix Salado BEEPURE Bolsa Zip X400g BSA-400-gr.,BEEPURE,Frutas y verduras,Frutos secos y desecados,""
7790767001237,Mix Supremo POT-150-gr.,SIN MARCA,Frutas y verduras,Frutos secos y desecados,""
7798165590667,Mix Tropical BEEPURE Frasco X300g FCO-300-gr.,BEEPURE,Frutas y verduras,Frutos secos y desecados,""
7791351129764,Mix europeo  x 150 gramos POT-150-gr.,SIN MARCA,Frutas y verduras,Frutos secos y desecados,""
7798175826039,Mix europeo  x 150 gramos POT-150-gr.,SIN MARCA,Frutas y verduras,Frutos secos y desecados,""
7798195010319,Mix europeo  x 150 gramos POT-150-gr.,SIN MARCA,Frutas y verduras,Frutos secos y desecados,""
7792052090384,Mix frutos secos C&co 300g BSA-300-gr.,CUISINE & CO,Frutas y verduras,Frutos secos y desecados,""
7798196041039,Moka Mix GREEN CHOICE POT-150-gr.,SIN MARCA,Frutas y verduras,Frutos secos y desecados,""
7798196040797,NATURE'S SWEET MIX POT-150-gr.,SIN MARCA,Frutas y verduras,Frutos secos y desecados,""
7790380026112,NUCREM POS MANI 105G,NUCREM,Frutas y verduras,Frutos secos y desecados,""
7790380026044,NUCREM POS MANI 150G,NUCREM,Frutas y verduras,Frutos secos y desecados,""
7790380026167,NUCREM POS MANI 290G,NUCREM,Frutas y verduras,Frutos secos y desecados,""
8480017319234,NUECES PELADAS,DIA,Frutas y verduras,Frutos secos y desecados,""
0000000064408,NUEZ C C FRAC,NUESTRA VERDULERIA,Frutas y verduras,Frutos secos y desecados,""
0000000064415,NUEZ CC FRAC,NUESTRA VERDULERIA,Frutas y verduras,Frutos secos y desecados,""
7798143353123,NUEZ PELADA,SIN MARCA,Frutas y verduras,Frutos secos y desecados,""
0732535898691,"ORIGINAL COCONUT-NATURAL CANDY-DOY-0,1KG CJA-100-gr.",NATURAL CANDY,Frutas y verduras,Frutos secos y desecados,""
7790524324548,PASTA D/MANÍ S/AZUC.AGREG. CROPPERS POT 305 GRM,CROPPERS,Frutas y verduras,Frutos secos y desecados,""
7790524324647,PASTA D/MANÍ S/AZUCAR CROPPERS POT 420 GRM,CROPPERS,Frutas y verduras,Frutos secos y desecados,""
0736684208738,PASTA DE MANI CROCANTE ENTRENUTS FRASCO X 370 GR,ENTRENUTS,Frutas y verduras,Frutos secos y desecados,""
7798151953117,PASTA DE MANI CRUNCH,MANI,Frutas y verduras,Frutos secos y desecados,""
0736684208707,PASTA DE MANI ENTRENUTS FRASCO X 370 GR,ENTRENUTS,Frutas y verduras,Frutos secos y desecados,""
8480017316318,PASTA DE MANI NATURA,DIA,Frutas y verduras,Frutos secos y desecados,""
7798151952332,PASTA MANI NATURAL,MANI,Frutas y verduras,Frutos secos y desecados,""
2064946000003,PERA DESECADA X KG,"",Frutas y verduras,Frutos secos y desecados,""
7798044151156,PIPAS NATURAL 180GR,PIPAS,Frutas y verduras,Frutos secos y desecados,""
7798151952356,Pasta de Maní MANI KING x245gr POT-250-gr.,MANI KING,Frutas y verduras,Frutos secos y desecados,""
7798154951271,Quinoa pop x50g PLANTY DOY-50-gr.,PLANTY,Frutas y verduras,Frutos secos y desecados,""
7794612127103,SAPITO MANI,SAPITO,Frutas y verduras,Frutos secos y desecados,""
0000077912718,SAPITO MANI 10G,SAPITO,Frutas y verduras,Frutos secos y desecados,""
7798143357787,SEMILLA DE LINO,HAPPY,Frutas y verduras,Frutos secos y desecados,""
100140,SEMILLA DE ZAPALLO KG.,BAVOSI SEMILLAS,Frutas y verduras,Frutos secos y desecados,""
2508788000000,SEMILLA DE ZAPALLO X KG,S/D,Frutas y verduras,Frutos secos y desecados,""
7793433000640,SEMILLAS DE CHIA GENSER X 150 GRS,GENSER,Frutas y verduras,Frutos secos y desecados,""
7798143350573,SEMILLAS DE CHIA X 100 G,CARREFOUR CRISTAL,Frutas y verduras,Frutos secos y desecados,""
7793433000626,SEMILLAS DE GIRASOL GENSER X 120 GRS,GENSER,Frutas y verduras,Frutos secos y desecados,""
0000077965233,SEMILLAS DE GIRASOL PIPAS X 18 GRS,PIPAS,Frutas y verduras,Frutos secos y desecados,""
7793433000657,SEMILLAS DE QUINOA GENSER DOY 150 GRM,GENSER,Frutas y verduras,Frutos secos y desecados,""
7798143357190,SEMILLAS ZAP,THE HAPPY SNACK,Frutas y verduras,Frutos secos y desecados,""
7798224210048,Semilla Sesamo Tostado FOR GOOD DOY-150-gr.,FORGOOD,Frutas y verduras,Frutos secos y desecados,""
7793433000602,Semillas GENSER Lino DOY-150-gr.,GENSER,Frutas y verduras,Frutos secos y desecados,""
7793433000619,Semillas GENSER Sesamo Integral DOY-120-gr.,GENSER,Frutas y verduras,Frutos secos y desecados,""
7798224210017,Semillas de Chia FOR GOOD DOY-150-gr.,FORGOOD,Frutas y verduras,Frutos secos y desecados,""
7798224210130,Semillas de Girasol Tostado FOR GOOD DOY-125-gr.,FORGOOD,Frutas y verduras,Frutos secos y desecados,""
7798224210031,Semillas de Lino FOR GOOD DOY-150-gr.,FORGOOD,Frutas y verduras,Frutos secos y desecados,""
0617308824100,Shiva mix de semillas x 100 g SIN TACC PAQ-100-gr.,SHIVA,Frutas y verduras,Frutos secos y desecados,""
7798196040803,THE ISLAND MIX POT-150-gr.,SIN MARCA,Frutas y verduras,Frutos secos y desecados,""
2646650000007,TOMATE DESECADO X 100 GRS,CARREFOUR CRISTAL,Frutas y verduras,Frutos secos y desecados,""
100256,TOMATE DESHIDRATADO KG.,VILLARES S.A.C.,Frutas y verduras,Frutos secos y desecados,""
2065008000009,TOMATE DESHIDRATADO X KG,"",Frutas y verduras,Frutos secos y desecados,""
7790767001183,castañas caju pote POT-150-gr.,SIN MARCA,Frutas y verduras,Frutos secos y desecados,""
7791351129924,castañas caju pote POT-150-gr.,SIN MARCA,Frutas y verduras,Frutos secos y desecados,""
7798143356605,castañas caju pote POT-150-gr.,SIN MARCA,Frutas y verduras,Frutos secos y desecados,""
0754697523730,mantequilla de mani crunchy le fit 360g FCO-360-gr.,LE-FIT,Frutas y verduras,Frutos secos y desecados,""
0754697462794,mantequilla de mani natural le fit 360g FCO-360-gr.,LE-FIT,Frutas y verduras,Frutos secos y desecados,""
7790767001244,mix cervecero x 200 grs POT-200-gr.,SIN MARCA,Frutas y verduras,Frutos secos y desecados,""
7798143350047,mix cervecero x 200 grs POT-200-gr.,SIN MARCA,Frutas y verduras,Frutos secos y desecados,""
7798175826022,mix cervecero x 200 grs POT-200-gr.,SIN MARCA,Frutas y verduras,Frutos secos y desecados,""
7798015650381,ACELGA,SIN MARCA,Frutas y verduras,Verduras,""
7798344080071,ACELGA BOLSA,SIN MARCA,Frutas y verduras,Verduras,""
2490134000000,ACELGA GRANEL,"",Frutas y verduras,Verduras,Acelga
7798404470125,ACELGA HIDROPONICA PAK CHOI COMPOSTELA PAQ 1 UND,COMPOSTELA,Frutas y verduras,Verduras,""
7798096880387,ACELGA LAVADA Y CORTB,SIN MARCA,Frutas y verduras,Verduras,""
2004015600000,ACELGA PAQ 1 UNI,"",Frutas y verduras,Verduras,""
2850580000000,ACELGA PAQUETE,NO APLICA MARCA,Frutas y verduras,Verduras,Acelga
39003,ACELGA PAQUETE,SIN MARCA,Frutas y verduras,Verduras,Acelga
2001249900005,ACELGA PENCA MORADA X PAQ,"",Frutas y verduras,Verduras,Acelga
7796221012115,ACELGA VERDE,PARQUE,Frutas y verduras,Verduras,""
2920979900003,ACELGA X ATADO (T),S/D,Frutas y verduras,Verduras,Acelga
2509346000005,ACELGA X KG (T),S/D,Frutas y verduras,Verduras,Acelga
271001,ACELGA X KG.,sin marca,Frutas y verduras,Verduras,Acelga
2920176200005,ACELGA X PAQUETE,S/D,Frutas y verduras,Verduras,Acelga
2746750000003,ARVEJA,NO APLICA MARCA,Frutas y verduras,Verduras,Arvejas
2509357000001,ARVEJA FRESCA X KG (T),S/D,Frutas y verduras,Verduras,Arvejas
24852,ARVEJAS,SIN MARCA,Frutas y verduras,Verduras,Arvejas
2300422000007,ARVEJAS FRESCAS X KG,S/D,Frutas y verduras,Verduras,Arvejas
2740910000001,BATATA,NO APLICA MARCA,Frutas y verduras,Verduras,Batata
2072041000002,BATATA  X KG,"",Frutas y verduras,Verduras,Batata
2000000720449,BATATA AMERICANA X KG,"",Frutas y verduras,Verduras,Batata
2037061000005,"BATATA BONIATO, ., 1 kgr",.,Frutas y verduras,Verduras,Batata
2509362000003,BATATA FRACCIONADA X KG (T),S/D,Frutas y verduras,Verduras,Batata
2490062000000,BATATA GRANEL,"",Frutas y verduras,Verduras,Batata
285,BATATA SUELTA,SIN MARCA,Frutas y verduras,Verduras,Batata
2509361000004,BATATA SUELTA X KG (T),S/D,Frutas y verduras,Verduras,Batata
271103,BATATA SUELTA X KG.,sin marca,Frutas y verduras,Verduras,Batata
2302037000007,BATATA X KG.,S/D,Frutas y verduras,Verduras,Batata
2740600000007,BROCOLI,NO APLICA MARCA,Frutas y verduras,Verduras,Brocoli
290,BROCOLI,SIN MARCA,Frutas y verduras,Verduras,Brocoli
2304818000008,BROCOLI ORGANICO X KG,S/D,Frutas y verduras,Verduras,Brocoli
2000598000008,BROCOLI X KG,"",Frutas y verduras,Verduras,Brocoli
2509367000008,BROCOLI X KG (T),S/D,Frutas y verduras,Verduras,Brocoli
271203,BROCOLI X KG .,sin marca,Frutas y verduras,Verduras,Brocoli
2320076000000,BROCOLI x kg.,S/D,Frutas y verduras,Verduras,Brocoli
2037079000004,"BROCOLI, ., 1 kgr",.,Frutas y verduras,Verduras,Brocoli
2740930000005,CEBOLLA,NO APLICA MARCA,Frutas y verduras,Verduras,Cebolla
2000000127118,CEBOLLA  XKG,"",Frutas y verduras,Verduras,Cebolla
2000602000000,CEBOLLA A GRANEL X KG,"",Frutas y verduras,Verduras,Cebolla
2746630000000,CEBOLLA BLANCA,NO APLICA MARCA,Frutas y verduras,Verduras,Cebolla
389,CEBOLLA BLANCA,SIN MARCA,Frutas y verduras,Verduras,Cebolla
2079891000008,CEBOLLA BLANCA X KG,"",Frutas y verduras,Verduras,Cebolla
2509371000001,CEBOLLA BLANCA X KG (T),S/D,Frutas y verduras,Verduras,Cebolla
2372243000009,CEBOLLA BLANCA X KG.,S/D,Frutas y verduras,Verduras,Cebolla
2038258000006,"CEBOLLA BLANCA, ., 1 kgr",.,Frutas y verduras,Verduras,Cebolla
2490063000000,CEBOLLA COMERCIAL,"",Frutas y verduras,Verduras,Cebolla
2037104000009,"CEBOLLA COMERCIAL BOLSITA, ., 1 kgr",.,Frutas y verduras,Verduras,Cebolla
2063135000008,CEBOLLA COMERCIAL X KG,"",Frutas y verduras,Verduras,Cebolla
298,CEBOLLA DE VERDEO,SIN MARCA,Frutas y verduras,Verduras,Cebolla
2840680000000,CEBOLLA DE VERDEO PAQ,NO APLICA MARCA,Frutas y verduras,Verduras,Cebolla
2920176600003,CEBOLLA DE VERDEO X ATADO,S/D,Frutas y verduras,Verduras,Cebolla
2920980300007,CEBOLLA DE VERDEO X ATADO (T),S/D,Frutas y verduras,Verduras,Cebolla
2509373000009,CEBOLLA DE VERDEO X KG (T),S/D,Frutas y verduras,Verduras,Cebolla
271212,CEBOLLA DE VERDEO X KG.,sin marca,Frutas y verduras,Verduras,Cebolla
2037915000007,"CEBOLLA EN TUBO ., ., 1 kgr",.,Frutas y verduras,Verduras,Cebolla
2307312000000,CEBOLLA FRACCIONADA X KG,S/D,Frutas y verduras,Verduras,Cebolla
2490141000000,CEBOLLA GRANEL  ELEG,"",Frutas y verduras,Verduras,Cebolla
11103,CEBOLLA MORADA,SIN MARCA,Frutas y verduras,Verduras,Cebolla
2405902000000,CEBOLLA MORADA,"",Frutas y verduras,Verduras,Cebolla
2740820000009,CEBOLLA MORADA,NO APLICA MARCA,Frutas y verduras,Verduras,Cebolla
2509370000002,CEBOLLA MORADA X KG (T),S/D,Frutas y verduras,Verduras,Cebolla
2372241000001,CEBOLLA MORADA X KG.,S/D,Frutas y verduras,Verduras,Cebolla
2003614400004,CEBOLLA ROJA   XKG,"",Frutas y verduras,Verduras,Cebolla
271110,CEBOLLA ROJA X KG.,sin marca,Frutas y verduras,Verduras,Cebolla
2037042000000,"CEBOLLA ROJA, ., 1 kgr",.,Frutas y verduras,Verduras,Cebolla
2000615000004,CEBOLLA SELECCIONADA EN BOLSITA X KG,"",Frutas y verduras,Verduras,Cebolla
12041,CEBOLLA SUELTA,SIN MARCA,Frutas y verduras,Verduras,Cebolla
37995,CEBOLLA VERDEO PAQUETE,SIN MARCA,Frutas y verduras,Verduras,Cebolla
2037100000003,"CEBOLLA VERDEO, ., 1 kgr",.,Frutas y verduras,Verduras,Cebolla
2673967000000,CEBOLLA X BULTO 10 K,S/D,Frutas y verduras,Verduras,Cebolla
2320056000006,CEBOLLA X KG,S/D,Frutas y verduras,Verduras,Cebolla
2641116000003,CEBOLLA X KG (BEX),S/D,Frutas y verduras,Verduras,Cebolla
2636239000009,CEBOLLA X KG (FEX),S/D,Frutas y verduras,Verduras,Cebolla
2668226000006,CEBOLLA X KG (PUX),S/D,Frutas y verduras,Verduras,Cebolla
2509372000000,CEBOLLA X KG (T),S/D,Frutas y verduras,Verduras,Cebolla
271109,CEBOLLA X KG.,sin marca,Frutas y verduras,Verduras,Cebolla
301,CHOCLO,SIN MARCA,Frutas y verduras,Verduras,Choclo
2000614000005,CHOCLO . . . 1 KGM,"",Frutas y verduras,Verduras,Choclo
2040780000003,CHOCLO CHALA,NO APLICA MARCA,Frutas y verduras,Verduras,Choclo
8,CHOCLO COMERCIAL,SIN MARCA,Frutas y verduras,Verduras,Choclo
2509378000004,CHOCLO EN CHALA X KG (T),S/D,Frutas y verduras,Verduras,Choclo
2003509000005,CHOCLO ESPECIAL BJA X KG,COSECHA CRIOLLA,Frutas y verduras,Verduras,Choclo
2610674000008,CHOCLO HUELLA NATURAL X 500 GRS,CARREFOUR HUELLA NAT,Frutas y verduras,Verduras,""
2920177400008,CHOCLO X UNIDAD,S/D,Frutas y verduras,Verduras,Choclo
2745670000001,COLIFLOR,NO APLICA MARCA,Frutas y verduras,Verduras,Coliflor
304,COLIFLOR,SIN MARCA,Frutas y verduras,Verduras,Coliflor
2509902000005,COLIFLOR MORADO X KG (T),S/D,Frutas y verduras,Verduras,Coliflor
2000619000000,COLIFLOR X KG,"",Frutas y verduras,Verduras,Coliflor
2509383000006,COLIFLOR X KG (T),S/D,Frutas y verduras,Verduras,Coliflor
271206,COLIFLOR X KG .,sin marca,Frutas y verduras,Verduras,Coliflor
2320078000008,COLIFLOR x kg.,S/D,Frutas y verduras,Verduras,Coliflor
2037130000004,"COLIFLOR, ., 1 kgr",.,Frutas y verduras,Verduras,Coliflor
7792934109036,Cebolla de verdeo SONG BJA-300-gr.,SONG,Frutas y verduras,Verduras,""
2810160000004,EMPAQUETADO PIMIENTO AMARILLO,NO APLICA MARCA,Frutas y verduras,Verduras,""
2010270000004,EMPAQUETADO PIMIENTO ROJO,NO APLICA MARCA,Frutas y verduras,Verduras,""
2840900000001,ESPINACA,NO APLICA MARCA,Frutas y verduras,Verduras,Espinaca
36741,ESPINACA (PAQUETE),SIN MARCA,Frutas y verduras,Verduras,Espinaca
2920176800007,ESPINACA X ATADO,S/D,Frutas y verduras,Verduras,Espinaca
2920980000006,ESPINACA X ATADO (T),S/D,Frutas y verduras,Verduras,Espinaca
2509390000006,ESPINACA X KG (T),S/D,Frutas y verduras,Verduras,Espinaca
271013,ESPINACA X KG.,sin marca,Frutas y verduras,Verduras,Espinaca
2006567800006,ESPINACA X PAQUETE,"",Frutas y verduras,Verduras,Espinaca
7798096880127,HOJAS DE L MANTECOSA,SIN MARCA,Frutas y verduras,Verduras,""
2490079000000,LECHUGA,"",Frutas y verduras,Verduras,Lechuga
271025,LECHUGA ARREPOLLADA X KG.,sin marca,Frutas y verduras,Verduras,Lechuga
2746340000000,LECHUGA CAPUCHINA,NO APLICA MARCA,Frutas y verduras,Verduras,Lechuga
2000648000002,LECHUGA CAPUCHINA X KG,"",Frutas y verduras,Verduras,Lechuga
2320061000008,LECHUGA CAPUCHINA X KG,S/D,Frutas y verduras,Verduras,Lechuga
2509398000008,LECHUGA CAPUCHINA X KG (T),S/D,Frutas y verduras,Verduras,Lechuga
395,LECHUGA CRESPA,SIN MARCA,Frutas y verduras,Verduras,Lechuga
2746400000001,LECHUGA CRIOLLA,NO APLICA MARCA,Frutas y verduras,Verduras,Lechuga
317,LECHUGA CRIOLLA,SIN MARCA,Frutas y verduras,Verduras,Lechuga
2000649000001,LECHUGA CRIOLLA X KG,"",Frutas y verduras,Verduras,Lechuga
2509399000007,LECHUGA CRIOLLA X KG (T),S/D,Frutas y verduras,Verduras,Lechuga
2320062000007,LECHUGA CRIOLLA x kg.,S/D,Frutas y verduras,Verduras,Lechuga
7798331180098,LECHUGA CRISPY HIDRO,SIN MARCA,Frutas y verduras,Verduras,""
2509404000008,LECHUGA ESCAROLA X KG (T),S/D,Frutas y verduras,Verduras,Lechuga
2740760000008,LECHUGA FRANCESA,SIN MARCA,Frutas y verduras,Verduras,Lechuga
2000000105147,LECHUGA FRANCESA ORGANICA,.,Frutas y verduras,Verduras,Lechuga
2000650000007,LECHUGA FRANCESA X KG,"",Frutas y verduras,Verduras,Lechuga
2320066000003,LECHUGA FRANCESA X KG,S/D,Frutas y verduras,Verduras,Lechuga
2509400000002,LECHUGA FRANCESA X KG (T),S/D,Frutas y verduras,Verduras,Lechuga
2037192000004,"LECHUGA FRANCESA, ., 1 kgr",.,Frutas y verduras,Verduras,Lechuga
2509403000009,LECHUGA FUEGUINA X KG (T),S/D,Frutas y verduras,Verduras,Lechuga
7798404470033,LECHUGA HIDROPONICA MORADACOMPOSTELA PAQ 1 UNI,COMPOSTELA,Frutas y verduras,Verduras,""
2404479000000,LECHUGA MANTECOSA,"",Frutas y verduras,Verduras,Lechuga
2746320000006,LECHUGA MANTECOSA,NO APLICA MARCA,Frutas y verduras,Verduras,Lechuga
2490143000000,LECHUGA MANTECOSA GR,"",Frutas y verduras,Verduras,Lechuga
2802070000007,LECHUGA MANTECOSA HIDROPONICA,NO APLICA MARCA,Frutas y verduras,Verduras,Lechuga
2000000453682,LECHUGA MANTECOSA ORGANICA X KG,.,Frutas y verduras,Verduras,Lechuga
2000424000004,LECHUGA MANTECOSA X KG,"",Frutas y verduras,Verduras,Lechuga
2509401000001,LECHUGA MANTECOSA X KG (T),S/D,Frutas y verduras,Verduras,Lechuga
2320067000002,LECHUGA MANTECOSA X KG.,S/D,Frutas y verduras,Verduras,Lechuga
276,LECHUGA MORADA,SIN MARCA,Frutas y verduras,Verduras,Lechuga
2509402000000,LECHUGA MORADA X KG (T),S/D,Frutas y verduras,Verduras,Lechuga
2320068000001,LECHUGA MORADA X KG.,S/D,Frutas y verduras,Verduras,Lechuga
2000651000006,LECHUGA MORADA XKG,"",Frutas y verduras,Verduras,Lechuga
318,LECHUGA REPOLLADA,SIN MARCA,Frutas y verduras,Verduras,Lechuga
2303252000001,LECHUGA ROBLE ROJO x KG.,S/D,Frutas y verduras,Verduras,Lechuga
7798042870028,Lechuga mantecosa BUY&EAT BSA-300-gr.,BUY & EAT,Frutas y verduras,Verduras,""
7798389110191,MIX DE LECHUGA SALANOVA FINCA EL SAUCE BJA 250 GRM,FINCA EL SAUCE,Frutas y verduras,Verduras,""
2691148000007,MIX DE LECHUGAS HUELLA NATURAL X 300 GRS,CARREFOUR HUELLA NAT,Frutas y verduras,Verduras,""
2509901000006,MIX PIMIENTOS X KG (T),S/D,Frutas y verduras,Verduras,Pimiento/Morron
302,MORRON AMARILLO,SIN MARCA,Frutas y verduras,Verduras,Pimiento/Morron
329,MORRON ROJO,SIN MARCA,Frutas y verduras,Verduras,Pimiento/Morron
4972,MORRON ROJO COMERCIAL,SIN MARCA,Frutas y verduras,Verduras,Pimiento/Morron
2490123000000,MORRON ROJO GRANEL,"",Frutas y verduras,Verduras,Pimiento/Morron
321,MORRON VERDE,SIN MARCA,Frutas y verduras,Verduras,Pimiento/Morron
4973,MORRON VERDE COMERCIAL,SIN MARCA,Frutas y verduras,Verduras,Pimiento/Morron
2490124000000,MORRON VERDE GRANEL,"",Frutas y verduras,Verduras,Pimiento/Morron
2490090000000,PAPA BLANCA MALLA,"",Frutas y verduras,Verduras,Papa
439,PAPA BLANCA SUELTA,SIN MARCA,Frutas y verduras,Verduras,Papa
2000695000000,PAPA BLANCA X KG,"",Frutas y verduras,Verduras,Papa
379,PAPA CEPILLADA,SIN MARCA,Frutas y verduras,Verduras,Papa
2673969000008,PAPA CEPILLADA X BULTO 10 K,S/D,Frutas y verduras,Verduras,Papa
2308124000004,PAPA CEPILLADA X KG,S/D,Frutas y verduras,Verduras,Papa
12173,PAPA COMERCIAL,SIN MARCA,Frutas y verduras,Verduras,Papa
2099937000007,PAPA COMERCIAL   X KG,"",Frutas y verduras,Verduras,Papa
2037212000007,"PAPA COMERCIAL BOLSITA ., ., 1 kgr",.,Frutas y verduras,Verduras,Papa
2303210000005,PAPA FRACC.EN RED X KG,S/D,Frutas y verduras,Verduras,Papa
2304645000004,PAPA FRACCIONADA X KG,S/D,Frutas y verduras,Verduras,Papa
2509430000003,PAPA FRACCIONADA X KG (T),S/D,Frutas y verduras,Verduras,Papa
2507419000006,PAPA HUELLA NATURAL X KG,CARREFOUR HUELLA NAT,Frutas y verduras,Verduras,Papa
2490140000000,PAPA MINI MALLA,"",Frutas y verduras,Verduras,Papa
2490094000000,PAPA NEGRA COMERCIAL,"",Frutas y verduras,Verduras,Papa
2404492000001,PAPA NEGRA SC,"",Frutas y verduras,Verduras,Papa
2060947000004,PAPA NEGRA SELECCION X KG,"",Frutas y verduras,Verduras,Papa
2509427000009,PAPA NEGRA X KG (T),S/D,Frutas y verduras,Verduras,Papa
2037087000003,"PAPA PROMOCION BOLSITA, ., 1 kgr",.,Frutas y verduras,Verduras,Papa
2739990000001,PAPA ROJA,NO APLICA MARCA,Frutas y verduras,Verduras,Papa
2305960000007,PAPA ROJA X KG,S/D,Frutas y verduras,Verduras,Papa
2509426000000,PAPA ROJA X KG (T),S/D,Frutas y verduras,Verduras,Papa
271115,PAPA SUELTA X KG.,sin marca,Frutas y verduras,Verduras,Papa
2303620000008,PAPA X KG,CARREFOUR CRISTAL,Frutas y verduras,Verduras,Papa
2739790000003,PAPA X KG,NO APLICA MARCA,Frutas y verduras,Verduras,Papa
2641117000002,PAPA X KG (BEX),S/D,Frutas y verduras,Verduras,Papa
2970300001121,PAPA X KG (FEX),S/D,Frutas y verduras,Verduras,Papa
2303849000001,PAPA X KG (PUX),S/D,Frutas y verduras,Verduras,Papa
2509428000008,PAPA X KG (T),S/D,Frutas y verduras,Verduras,Papa
2000000146751,PIMIENTO 2 COLORES COSECHA CRIOLLA X KGM,COSECHA CRIOLLA,Frutas y verduras,Verduras,Pimiento/Morron
2746800000007,PIMIENTO AMARILLO,NO APLICA MARCA,Frutas y verduras,Verduras,Pimiento/Morron
2000709000002,PIMIENTO AMARILLO   XKG,"",Frutas y verduras,Verduras,Pimiento/Morron
2509439000004,PIMIENTO AMARILLO X KG (T),S/D,Frutas y verduras,Verduras,Pimiento/Morron
2320091000009,PIMIENTO AMARILLO X KG.,S/D,Frutas y verduras,Verduras,Pimiento/Morron
2509440000000,PIMIENTO CALAHORRA (T),S/D,Frutas y verduras,Verduras,Pimiento/Morron
2061180000004,PIMIENTO MORRON X KG,NUESTRA COCINA,Frutas y verduras,Verduras,Pimiento/Morron
2740880000001,PIMIENTO ROJO,NO APLICA MARCA,Frutas y verduras,Verduras,Pimiento/Morron
2003507000007,PIMIENTO ROJO ESPECIAL   XKG,COSECHA CRIOLLA,Frutas y verduras,Verduras,Pimiento/Morron
2000671000000,PIMIENTO ROJO X KG,"",Frutas y verduras,Verduras,Pimiento/Morron
2320045000000,PIMIENTO ROJO X KG,S/D,Frutas y verduras,Verduras,Pimiento/Morron
2509441000009,PIMIENTO ROJO X KG (T),S/D,Frutas y verduras,Verduras,Pimiento/Morron
271255,PIMIENTO ROJO X KG.,sin marca,Frutas y verduras,Verduras,Pimiento/Morron
2740650000002,PIMIENTO VERDE,NO APLICA MARCA,Frutas y verduras,Verduras,Pimiento/Morron
2003507100004,PIMIENTO VERDE  ESPECIAL BJA X KG,COSECHA CRIOLLA,Frutas y verduras,Verduras,Pimiento/Morron
2000672000009,PIMIENTO VERDE X KG,"",Frutas y verduras,Verduras,Pimiento/Morron
2509442000008,PIMIENTO VERDE X KG (T),S/D,Frutas y verduras,Verduras,Pimiento/Morron
2320047000008,PIMIENTO VERDE X KG.,S/D,Frutas y verduras,Verduras,Pimiento/Morron
271252,PIMIENTO VERDE X KG.,sin marca,Frutas y verduras,Verduras,Pimiento/Morron
2066177000005,TOMATE CHERRI AMARILLO   XKG,"",Frutas y verduras,Verduras,Tomate
2747960000005,TOMATE CHERRY,NO APLICA MARCA,Frutas y verduras,Verduras,Tomate
596,TOMATE CHERRY,SIN MARCA,Frutas y verduras,Verduras,Tomate
2064190000002,TOMATE CHERRY AMARILLO,SIN MARCA,Frutas y verduras,Verduras,Tomate
2000000140162,TOMATE CHERRY AMARILLO ESP. X KGM,COSECHA CRIOLLA,Frutas y verduras,Verduras,Tomate
2303320000001,TOMATE CHERRY AMARILLO HUELLA NATURAL X KG,CARREFOUR HUELLA NAT,Frutas y verduras,Verduras,Tomate
2510122000003,TOMATE CHERRY AMARILLO X KG (T),S/D,Frutas y verduras,Verduras,Tomate
2510123000002,TOMATE CHERRY CHOCOLATE X KG (T),S/D,Frutas y verduras,Verduras,Tomate
2000000134192,TOMATE CHERRY EN RAMA ESPECIAL XKGM,COSECHA CRIOLLA,Frutas y verduras,Verduras,Tomate
2000000472331,TOMATE CHERRY EN RAMA X KG,.,Frutas y verduras,Verduras,Tomate
2000000139722,TOMATE CHERRY ESPECIAL X KGM,COSECHA CRIOLLA,Frutas y verduras,Verduras,Tomate
2490314000000,TOMATE CHERRY GRANEL,"",Frutas y verduras,Verduras,Tomate
2000000167077,TOMATE CHERRY KUMATO ESPECIAL X 1 KGM,ESPECIAL,Frutas y verduras,Verduras,Tomate
2000000139616,TOMATE CHERRY MIX X KGM,"",Frutas y verduras,Verduras,Tomate
2000000461632,TOMATE CHERRY NEGRO X KG,.,Frutas y verduras,Verduras,Tomate
2004036700000,TOMATE CHERRY ROCKY BJA 300 GRM,ROCKY,Frutas y verduras,Verduras,""
2303319000005,TOMATE CHERRY ROJO HUELLA NATURAL X KG.,CARREFOUR HUELLA NAT,Frutas y verduras,Verduras,Tomate
2920618400000,TOMATE CHERRY X 300 GRS,CARREFOUR CRISTAL,Frutas y verduras,Verduras,""
2000567000008,TOMATE CHERRY X KG,"",Frutas y verduras,Verduras,Tomate
2509457000000,TOMATE CHERRY X KG (T),S/D,Frutas y verduras,Verduras,Tomate
271282,TOMATE CHERRY X KG .,sin marca,Frutas y verduras,Verduras,Tomate
2301038000009,TOMATE CHERRY X KG.,S/D,Frutas y verduras,Verduras,Tomate
2303324000007,TOMATE COCKTAIL EN RACIMO HUELLA NATURAL X KG .,CARREFOUR HUELLA NAT,Frutas y verduras,Verduras,Tomate
374,TOMATE COMERCIAL,SIN MARCA,Frutas y verduras,Verduras,Tomate
2302427000006,TOMATE EN RACIMO (MISTELA) X KG.,S/D,Frutas y verduras,Verduras,Tomate
2509890000001,TOMATE EN RACIMO X KG (T),S/D,Frutas y verduras,Verduras,Tomate
2072042000001,TOMATE LARGA VIDA RACIMO X KG,"",Frutas y verduras,Verduras,Tomate
2920618300003,TOMATE LARGA VIDA X 500 GRS,CARREFOUR CRISTAL,Frutas y verduras,Verduras,""
2010220000009,TOMATE LVIDA ESPECIAL   XKG,COSECHA CRIOLLA,Frutas y verduras,Verduras,Tomate
2303318000006,TOMATE MORADO HUELLA NATURAL X KG,S/D,Frutas y verduras,Verduras,Tomate
2740870000004,TOMATE PERITA,NO APLICA MARCA,Frutas y verduras,Verduras,Tomate
373,TOMATE PERITA,SIN MARCA,Frutas y verduras,Verduras,Tomate
2490074000000,TOMATE PERITA ELEGID,"",Frutas y verduras,Verduras,Tomate
2003510000001,TOMATE PERITA ESPECIAL BJA X KG,COSECHA CRIOLLA,Frutas y verduras,Verduras,Tomate
2000683000005,TOMATE PERITA X KG,"",Frutas y verduras,Verduras,Tomate
2509460000004,TOMATE PERITA X KG (T),S/D,Frutas y verduras,Verduras,Tomate
2320048000007,TOMATE PERITA X KG.,S/D,Frutas y verduras,Verduras,Tomate
2036603000008,"TOMATE PROMOCION BOLSITA, ., 1 kgr",.,Frutas y verduras,Verduras,Tomate
2764720000006,TOMATE RACIMO,NUESTRA VERDULERIA,Frutas y verduras,Verduras,Tomate
2000000101873,TOMATE RAF XKG,.,Frutas y verduras,Verduras,Tomate
2003507200001,TOMATE RED ESPECIAL BJA X KG,COSECHA CRIOLLA,Frutas y verduras,Verduras,Tomate
2300377000008,TOMATE RED X KG,S/D,Frutas y verduras,Verduras,Tomate
2509459000008,TOMATE RED X KG (T),S/D,Frutas y verduras,Verduras,Tomate
2490127000000,TOMATE REDO 1°ELEGID,KG,Frutas y verduras,Verduras,Tomate
2740640000005,TOMATE REDONDO,NO APLICA MARCA,Frutas y verduras,Verduras,Tomate
547,TOMATE REDONDO,SIN MARCA,Frutas y verduras,Verduras,Tomate
2303326000005,TOMATE REDONDO EN RACIMO HUELLA NATURAL X KG,CARREFOUR HUELLA NAT,Frutas y verduras,Verduras,Tomate
2508816000002,TOMATE REDONDO H N X KG,S/D,Frutas y verduras,Verduras,Tomate
2000000454559,TOMATE REDONDO ORGANICO XKG,.,Frutas y verduras,Verduras,Tomate
2000684000004,TOMATE REDONDO X KG,"",Frutas y verduras,Verduras,Tomate
271276,TOMATE REDONDO X KG .,sin marca,Frutas y verduras,Verduras,Tomate
2003578100002,TOMATE X KG,"",Frutas y verduras,Verduras,Tomate
2745620000006,ZANAHORIA,SIN MARCA,Frutas y verduras,Verduras,Zanahoria
41556,ZANAHORIA COMERCIAL,SIN MARCA,Frutas y verduras,Verduras,Zanahoria
2070928000008,"ZANAHORIA COMERCIAL BOLSITA, ., 1 kgr",.,Frutas y verduras,Verduras,Zanahoria
2071139000009,ZANAHORIA COMERCIAL X KG,"",Frutas y verduras,Verduras,Zanahoria
2490122000000,ZANAHORIA ELEGIDA,"",Frutas y verduras,Verduras,Zanahoria
2000708000003,ZANAHORIA EN BOLSITA X KG,"",Frutas y verduras,Verduras,Zanahoria
2304291000007,ZANAHORIA HUELLA NATURAL X KG,CARREFOUR HUELLA NAT,Frutas y verduras,Verduras,Zanahoria
2304748000000,ZANAHORIA IC KG,S/D,Frutas y verduras,Verduras,Zanahoria
2691150000002,ZANAHORIA RALLADA HUELLA NATURAL X 200 GRS,CARREFOUR HUELLA NAT,Frutas y verduras,Verduras,""
381,ZANAHORIA SUELTA,SIN MARCA,Frutas y verduras,Verduras,Zanahoria
271127,ZANAHORIA SUELTA X KG.,sin marca,Frutas y verduras,Verduras,Zanahoria
2970300000797,ZANAHORIA X 500GRS (FEX),S/D,Frutas y verduras,Verduras,""
2609140000000,ZANAHORIA X 500GRS (PUX),S/D,Frutas y verduras,Verduras,""
2000686000002,ZANAHORIA X KG,"",Frutas y verduras,Verduras,Zanahoria
2509467000007,ZANAHORIA X KG (T),S/D,Frutas y verduras,Verduras,Zanahoria
380,ZAPALLITO,SIN MARCA,Frutas y verduras,Verduras,Zapallito
271285,ZAPALLITO CUZA X KG .,sin marca,Frutas y verduras,Verduras,Zapallito
2740670000006,ZAPALLITO LARGO,NO APLICA MARCA,Frutas y verduras,Verduras,Zapallito
387,ZAPALLITO LARGO (ZUCHINI),SIN MARCA,Frutas y verduras,Verduras,Zapallito
2000000139739,ZAPALLITO LARGO ESPECIAL X KGM,COSECHA CRIOLLA,Frutas y verduras,Verduras,Zapallito
2000690000005,ZAPALLITO LARGO X KG,"",Frutas y verduras,Verduras,Zapallito
2320052000000,ZAPALLITO LARGO X KG.,S/D,Frutas y verduras,Verduras,Zapallito
2037320000005,"ZAPALLITO LARGO, ., 1 kgr",.,Frutas y verduras,Verduras,Zapallito
2017323000004,ZAPALLITO ORGANICO COLORES   XKG,"",Frutas y verduras,Verduras,Zapallito
2490121000000,ZAPALLITO RED.GRANEL,"",Frutas y verduras,Verduras,Zapallito
2747550000002,ZAPALLITO REDONDO,NO APLICA MARCA,Frutas y verduras,Verduras,Zapallito
2003507400005,ZAPALLITO REDONDO ESPECIAL BJA X KG,COSECHA CRIOLLA,Frutas y verduras,Verduras,Zapallito
2003609500009,ZAPALLITO REDONDO ORGANICO X KG,"",Frutas y verduras,Verduras,Zapallito
2305114000006,ZAPALLITO REDONDO ORGANICO X KG,S/D,Frutas y verduras,Verduras,Zapallito
2000691000004,ZAPALLITO REDONDO X KG,"",Frutas y verduras,Verduras,Zapallito
2320051000001,ZAPALLITO REDONDO X KG,S/D,Frutas y verduras,Verduras,Zapallito
2508819000009,ZAPALLITO REDONDO X KG,S/D,Frutas y verduras,Verduras,Zapallito
2509470000001,ZAPALLITO REDONDO X KG (T),S/D,Frutas y verduras,Verduras,Zapallito
271288,ZAPALLITO TRONCO X KG.,sin marca,Frutas y verduras,Verduras,Zapallito
2494087000000,ZAPALLO,"",Frutas y verduras,Verduras,Zapallo
2747590000000,ZAPALLO ANCO,NO APLICA MARCA,Frutas y verduras,Verduras,Zapallo
2000000474588,ZAPALLO ANCO  DULCE BATATA X KG,.,Frutas y verduras,Verduras,Zapallo
2070926000000,"ZAPALLO ANCO COMERCIAL BOLSITA, ., 1 kgr",.,Frutas y verduras,Verduras,Zapallo
2037297000008,"ZAPALLO ANCO EN RODAJAS, ., 1 kgr",.,Frutas y verduras,Verduras,Zapallo
2509473000008,ZAPALLO ANCO FRACCIONADO X KG (T),S/D,Frutas y verduras,Verduras,Zapallo
2038291000001,"ZAPALLO ANCO FRACCIONADO, ., 1 kgr",.,Frutas y verduras,Verduras,Zapallo
2003602400009,ZAPALLO ANCO ORGANICO   XKG,"",Frutas y verduras,Verduras,Zapallo
2505151000001,ZAPALLO ANCO ORGANICO X KG,S/D,Frutas y verduras,Verduras,Zapallo
2000688000000,ZAPALLO ANCO SELECCION X KG,"",Frutas y verduras,Verduras,Zapallo
383,ZAPALLO ANCO SUELTO,SIN MARCA,Frutas y verduras,Verduras,Zapallo
2673968000009,ZAPALLO ANCO X BULTO 10 K,S/D,Frutas y verduras,Verduras,Zapallo
2072040000003,ZAPALLO ANCO X KG,"",Frutas y verduras,Verduras,Zapallo
2509472000009,ZAPALLO ANCO X KG (T),S/D,Frutas y verduras,Verduras,Zapallo
2304651000005,ZAPALLO ANCO X KG.,S/D,Frutas y verduras,Verduras,Zapallo
2781670000009,ZAPALLO CABUTIA,NO APLICA MARCA,Frutas y verduras,Verduras,Zapallo
808,ZAPALLO CABUTIA (DULCE),SIN MARCA,Frutas y verduras,Verduras,Zapallo
2037330000002,"ZAPALLO CRIOLLO, ., 1 kgr",.,Frutas y verduras,Verduras,Zapallo
476,ZAPALLO ESPECIAL INGLES,SIN MARCA,Frutas y verduras,Verduras,Zapallo
2704030000006,ZAPALLO EXOTICO,SIN MARCA,Frutas y verduras,Verduras,Zapallo
2508777000004,ZAPALLO INGL S X KG,S/D,Frutas y verduras,Verduras,Zapallo
2509889000005,ZAPALLO INGLES X KG (T),S/D,Frutas y verduras,Verduras,Zapallo
2017625000009,ZAPALLO JAPONES X KG,"",Frutas y verduras,Verduras,Zapallo
2509474000007,ZAPALLO JAPONES X KG (T),S/D,Frutas y verduras,Verduras,Zapallo
2320180000002,ZAPALLO JAPONES X KG.,S/D,Frutas y verduras,Verduras,Zapallo
2300073000005,ZAPALLO KUKI X KG.,S/D,Frutas y verduras,Verduras,Zapallo
2053155000003,ZAPALLO KUKY  ORGANICO X KG,"",Frutas y verduras,Verduras,Zapallo
2710080000002,ZAPALLO MIX,SIN MARCA,Frutas y verduras,Verduras,Zapallo
2508761000003,ZAPALLO ONDEONE X KG.,S/D,Frutas y verduras,Verduras,Zapallo
2781650000005,ZAPALLO PLOMO,NO APLICA MARCA,Frutas y verduras,Verduras,Zapallo
2509475000006,ZAPALLO PLOMO X KG (T),S/D,Frutas y verduras,Verduras,Zapallo
2326951000004,ZAPALLO PLOMO X KG.,S/D,Frutas y verduras,Verduras,Zapallo
2472422250000,ZAPALLO PORCIONADO,"",Frutas y verduras,Verduras,Zapallo
2300075000003,ZAPALLO TASTY X KG.,S/D,Frutas y verduras,Verduras,Zapallo
2508771000000,ZAPALLO TASTY X KG.,S/D,Frutas y verduras,Verduras,Zapallo
382,ZAPALLO VARIEDAD ESPECIAL,SIN MARCA,Frutas y verduras,Verduras,Zapallo
7799120000856,ALIADA ATUN DES ACE,ALIADA,Pescados,Conservas de pescado,""
7799120006001,ALIADA ATUN DES ACE,ALIADA,Pescados,Conservas de pescado,""
7799120000863,ALIADA ATUN DES NAT,ALIADA,Pescados,Conservas de pescado,""
7799120001211,ALIADA ATUN DES NAT,ALIADA,Pescados,Conservas de pescado,""
7799120005998,ALIADA ATUN DES NAT,ALIADA,Pescados,Conservas de pescado,""
8480017253828,ANCHOAS,DIA,Pescados,Conservas de pescado,""
8480017253781,ANCHOAS CALABRESA,DIA,Pescados,Conservas de pescado,""
8480017253798,ANCHOAS PROVENZAL,DIA,Pescados,Conservas de pescado,""
7891167831100,"ATUN AL NATURAL EN LOMOS, GOMES DA COSTA, 170 gr",GOMES DA COSTA,Pescados,Conservas de pescado,""
7790580138776,"ATUN AL NATURAL EN LOMOS, LA CAMPAGNOLA, 300 gr",LA CAMPAGNOLA,Pescados,Conservas de pescado,""
7790748266204,"ATUN AL NATURAL, PUGLISI, 170 gr",PUGLISI,Pescados,Conservas de pescado,""
7795933101162,ATUN BAHIA LOMITOS EN ACEITE 170 GR.,REGIONAL TRADE S.A.,Pescados,Conservas de pescado,""
7791102053102,ATUN COOP ACEITE Y AGUA,COOPERATIVA,Pescados,Conservas de pescado,""
7791102053089,ATUN COOP LOMITOS ACEITE,COOPERATIVA,Pescados,Conservas de pescado,""
7791102053072,ATUN COOP LOMITOS NATURAL,COOPERATIVA,Pescados,Conservas de pescado,""
7791102053126,ATUN COOP NATURAL,COOPERATIVA,Pescados,Conservas de pescado,""
7793360129940,ATUN DEL MAR DESM ACEITE,LA CAMPAGNOLA,Pescados,Conservas de pescado,""
7793360129957,ATUN DEL MAR L C DESM NAT,LA CAMPAGNOLA,Pescados,Conservas de pescado,""
8480017558176,ATUN DESMEN ACEITE,DIA,Pescados,Conservas de pescado,""
8480017598943,ATUN DESMEN NATURAL,DIA,Pescados,Conservas de pescado,""
7891167831087,"ATUN DESMENUZADO AL NATURAL, GOMES DA COSTA, 170 gr",GOMES DA COSTA,Pescados,Conservas de pescado,""
7891167831094,"ATUN DESMENUZADO EN ACEITE, GOMES DA COSTA, 170 gr",GOMES DA COSTA,Pescados,Conservas de pescado,""
7791102053041,ATUN ECOOP LOMITOS S/SAL,ECOOP,Pescados,Conservas de pescado,""
7791102053065,ATUN ECOOP S/SAL TROZOS,ECOOP,Pescados,Conservas de pescado,""
7790580143718,"ATUN EN ACEITE AHUMADO EN LOMOS, LA CAMPAGNOLA, 170 gr",LA CAMPAGNOLA,Pescados,Conservas de pescado,""
7891167831117,"ATUN EN ACEITE EN LOMOS, GOMES DA COSTA, 170 gr",GOMES DA COSTA,Pescados,Conservas de pescado,""
7790748266167,"ATUN EN ACEITE, PUGLISI, 170 gr",PUGLISI,Pescados,Conservas de pescado,""
7891167831124,"ATUN EN TROZOS AL NATURAL, GOMES DA COSTA, 170 gr",GOMES DA COSTA,Pescados,Conservas de pescado,""
7790580131357,ATUN LOMITO ACEITE,LA CAMPAGNOLA,Pescados,Conservas de pescado,""
8480017451279,ATUN LOMITO ACEITE,DIA,Pescados,Conservas de pescado,""
8480017479433,ATUN LOMITO ACEITE,DIA,Pescados,Conservas de pescado,""
8480017558138,ATUN LOMITO ACEITE,DIA,Pescados,Conservas de pescado,""
7790580131364,ATUN LOMITO NATURAL,LA CAMPAGNOLA,Pescados,Conservas de pescado,""
8480017451255,ATUN LOMITO NATURAL,DIA,Pescados,Conservas de pescado,""
8480017558121,ATUN LOMITO NATURAL,DIA,Pescados,Conservas de pescado,""
8480017770134,ATUN LOMITO NATURAL,DIA,Pescados,Conservas de pescado,""
7792750001620,ATUN MARBELLA ACEITE LATA,MARBELLA,Pescados,Conservas de pescado,""
7792750000388,ATUN MARBELLA DESMEN.NATU,MARBELLA,Pescados,Conservas de pescado,""
7792750001637,ATUN MARBELLA LOMO NATUR.,MARBELLA,Pescados,Conservas de pescado,""
7791102053478,ATUN P PRECIO DES AC Y AG,PRIMER PRECIO.,Pescados,Conservas de pescado,""
7791102053461,ATUN P PRECIO DES NATURAL,PRIMER PRECIO.,Pescados,Conservas de pescado,""
7790748266457,ATUN PUGLISI S/S ACEITE,PUGLISI,Pescados,Conservas de pescado,""
7790580138769,Atun La Campagnola En Aceite x 300 Gr,LA CAMPAGNOLA,Pescados,Conservas de pescado,""
2800004907712,CABALLA AL NATURAL CIUDAD DEL LAGO LAT 425 GRM,CIUDAD DEL LAGO,Pescados,Conservas de pescado,""
7790748235064,CABALLA PUGLISI ACEITE LT,PUGLISI,Pescados,Conservas de pescado,""
7790748235095,CABALLA PUGLISI NATURAL L,PUGLISI,Pescados,Conservas de pescado,""
7790748000020,CABALLA PUGLISI S/S NATUR,PUGLISI,Pescados,Conservas de pescado,""
7798138551671,CASCABEL ATUN DESMEN,CASCABEL,Pescados,Conservas de pescado,""
7798138551688,CASCABEL ATUN DESMEN,CASCABEL,Pescados,Conservas de pescado,""
7799120000870,CHECK ATUN LOM ACE,CHECK,Pescados,Conservas de pescado,""
7799120001228,CHECK ATUN LOM ACE,CHECK,Pescados,Conservas de pescado,""
7799120000887,CHECK ATUN LOM NAT,CHECK,Pescados,Conservas de pescado,""
7799120001235,CHECK ATUN LOM NAT,CHECK,Pescados,Conservas de pescado,""
7799120002348,CHECK CABALLA ACEITE,CHECK,Pescados,Conservas de pescado,""
7799120002331,CHECK CABALLA NATURA,CHECK,Pescados,Conservas de pescado,""
7799120003727,CHECK LOM ATUN ACE,CHECK,Pescados,Conservas de pescado,""
7799120003710,CHECK LOM ATUN NAT,CHECK,Pescados,Conservas de pescado,""
7891167022195,Caballa GOMES DA COSTA en aceite x 380 g LAT-380-gr.,GOMES DA COSTA,Pescados,Conservas de pescado,""
7792750000937,FILET DE ANCHOAS MARBELLA X 90 GRS,MARBELLA,Pescados,Conservas de pescado,""
7891167831377,GDC SARDI ACEI 125GR,GOMES DA COSTA,Pescados,Conservas de pescado,""
7790580138578,LC CABALL ACEI 300GR,LA CAMPAGNOLA,Pescados,Conservas de pescado,""
7790580138585,LC CABALL NATU 300GR,LA CAMPAGNOLA,Pescados,Conservas de pescado,""
7790360984234,"LOMOS DE ATUN AL NATURAL, SWIFT, 170 gr",SWIFT,Pescados,Conservas de pescado,""
7790360984241,"LOMOS DE ATUN EN ACEITE DE GIRASOL, SWIFT, 170 gr",SWIFT,Pescados,Conservas de pescado,""
7792750000340,MARBELLA CABALLA EN,MARBELLA,Pescados,Conservas de pescado,""
7795933010037,MEJILLONES AL NATURAL BAHIA LAT 190 GRM,BAHIA,Pescados,Conservas de pescado,""
7798410830036,MERLUZA LATA NAT,TERRA Y OCEAN,Pescados,Conservas de pescado,""
7792750000296,MERLUZA MARBELLA EN ACEIT,MARBELLA,Pescados,Conservas de pescado,""
7792750001606,MERLUZA MARBELLA S/SAL,MARBELLA,Pescados,Conservas de pescado,""
7790748235149,MERLUZA PUGLISI ACEITE,PUGLISI,Pescados,Conservas de pescado,""
7790748235187,MERLUZA PUGLISI NATURAL,PUGLISI,Pescados,Conservas de pescado,""
7795933010013,SALMON TROZOS EN ACEITE BAHIA LAT 140 GRM,BAHIA,Pescados,Conservas de pescado,""
7792750001095,SARDINAS ACEITE 120G,MARBELLA,Pescados,Conservas de pescado,""
7790202000320,SARDINAS EN ACEITE,PENNISI,Pescados,Conservas de pescado,""
7790748235231,SARDINAS PUGLISI ACEIT LT,PUGLISI,Pescados,Conservas de pescado,""
7798146701068,ANILLAS DE CLAMAR X 300GR,S/D,Pescados,Mariscos,""
2092064000001,CAMARON PELADO COCIDO ECUADOR X KG,ECUADOR,Pescados,Mariscos,""
7798146700238,CAMARONES PELADOS COCIDOS CONGELADOS X 250 GRS,S/D,Pescados,Mariscos,""
2017939000009,LANGOSTINO ENT.CRUDO X KG,"",Pescados,Mariscos,Langostinos enteros
2017517000001,LANGOSTINO ENTERO CRUDO GRANDE X KG,GRANDE,Pescados,Mariscos,Langostinos enteros
2080592000006,LANGOSTINO PELADO CRUDO GRANDE X KG,GDE.PEL.,Pescados,Mariscos,Langostinos pelados
8480017302595,LANGOSTINOS,DIA,Pescados,Mariscos,Langostinos enteros
2508381000001,LANGOSTINOS ENTEROS GRANDE L1 MERCADO DEL MAR,S/D,Pescados,Mariscos,Langostinos enteros
2604404000000,LANGOSTINOS PEL. DESV. HUELLA CARREFOUR X 500 GRS,CARREFOUR HUELLA NAT,Pescados,Mariscos,""
2509633000008,LANGOSTINOS PELADO CRUDO A GRANEL,S/D,Pescados,Mariscos,Langostinos pelados
7798146700214,LANGOSTINOS PELADOS COCIDOS CONGELADOS X 250 GRS,S/D,Pescados,Mariscos,""
2508380000002,LANGOSTINOS PELADOS DESVENADOS MERCADO DEL MAR,S/D,Pescados,Mariscos,Langostinos pelados
7798384890722,"FILET DE ABADEJO, ARTESANOS D.MAR, 700 gr",ARTESANOS D.MAR,Pescados,Pescado,""
8480017254221,FILET DE MERLUZA,DIA,Pescados,Pescado,Merluza fresca
2017834000005,FILET DE MERLUZA DESPINADO FRESCO X KG,FRESCO,Pescados,Pescado,Merluza fresca
2509581000006,FILET DE MERLUZA MERCADO DEL MAR,S/D,Pescados,Pescado,Merluza fresca
7794058000053,FILET DE MERLUZA NATURAL,ARTICO,Pescados,Pescado,""
2506525000009,FILET DE MERLUZA SIN ESPINAS X KG,CARREFOUR CRISTAL,Pescados,Pescado,Merluza fresca
7798146700306,MEDALLON DE SALMON CONGELADO S E X 200 GRS,S/D,Pescados,Pescado,""
2000000433936,MERLUZA NEGRA A GRANEL X KG,.,Pescados,Pescado,""
2000000466460,MERLUZA SUPREMA MARINERA X KG,"",Pescados,Pescado,""
7798146700931,PORCIONES DE SALMON CONGELADO X 300 GRS,S/D,Pescados,Pescado,""
2003831200005,RODAJAS DE MERLUZA X KG,"",Pescados,Pescado,Merluza fresca
7798146700405,SALMON AHUMADO X 200 GRS,S/D,Pescados,Pescado,""
7798098028107,ANILLAS DE CALAMAR REBOZADAS SOLIMENO X 250 GRS.,S/D,Pescados,Rebozados,""
7794058704043,"BASTONCITOS DE MERLUZA CROCANTES, ARTICO, 300 gr",ARTICO,Pescados,Rebozados,""
7790070036513,BASTONCITOS DE MERLUZA GRANJA DEL SOL X 300 G,S/D,Pescados,Rebozados,""
8480017301079,BASTONES MERLUZA REB,DIA,Pescados,Rebozados,""
7798160225885,Bastones de merluza GRUPOLAR x300g BSA-300-gr.,GRUPOLAR,Pescados,Rebozados,""
7792052175210,Bastones de merluza rebozados 300gr C&Co PAQ-300-gr.,CUISINE & CO,Pescados,Rebozados,""
2507150000006,FILET DE MERLUZA A LA ROMANA X KG.,CARREFOUR CRISTAL,Pescados,Rebozados,""
7790070036506,FILET DE MERLUZA REBOZADO GRANJA DEL SOL X 500 G,S/D,Pescados,Rebozados,""
7798384890296,"FILET DE MERLUZA REBOZADO, ARTESANOS D.MAR, 1000 gr",ARTESANOS D.MAR,Pescados,Rebozados,""
7798221740999,FILET MERLUZA REBOZADO X 800 GRAMOS,S/D,Pescados,Rebozados,""
8480017298584,FILET MERLUZA ROMANA,DIA,Pescados,Rebozados,""
2000000468204,FILETE MERLUZA C/QIESO REBOZ X KG,"",Pescados,Rebozados,""
2509681000005,LANGOSTINOS EMPANADOS MERCADO DEL MAR,S/D,Pescados,Rebozados,""
7794058000978,"MEDALLON DE MERLUZA X 2U, ARTICO, 150 gr",ARTICO,Pescados,Rebozados,""
8480017301062,MEDALLON MERLUZA REB,DIA,Pescados,Rebozados,""
8480017084958,MEDALLON MERLUZA X2,DIA,Pescados,Rebozados,""
7794058701110,MEDALLONE DE MERLUZA ROBOZADO X 100 GRS,S/D,Pescados,Rebozados,""
7790070036520,MEDALLONES DE MERLUZA GRANJA DEL SOL X 450 G,GRANJA DEL SOL,Pescados,Rebozados,""
7798146700962,MEDALLONES REBOZADOS DE SALMON X 400 GRS,S/D,Pescados,Rebozados,""
2000000116013,MERLUZA CROC/FINAS HIERBAS REB,.,Pescados,Rebozados,""
7794058700885,"MILANESA DE MERLUZA CROCANTE, ARTICO, 500 gr",ARTICO,Pescados,Rebozados,""
7792052175227,Medallones de merluza rebozados 300 gr C PAQ-300-gr.,CUISINE & CO,Pescados,Rebozados,""
7792052175203,Milanesas de merluza  rebozadas 500gr C& PAQ-500-gr.,CUISINE & CO,Pescados,Rebozados,""
7794058003801,"RABAS A LA ROMANA, ARTICO, 300 gr",ARTICO,Pescados,Rebozados,""
102371,SUPREMA DE MERLUZA A LA ROMANA KG.,DISTRIBUIDORA DE LA,Pescados,Rebozados,""
7798164280040,AGUA 1500 ML CON GAS,SIN MARCA,Bebidas,Aguas,""
7798164280026,AGUA 500 ML CON GAS,AGUA DE LAS MISIONES,Bebidas,Aguas,""
7790895648861,AGUA CON GAS,BENED,Bebidas,Aguas,""
7799054073551,AGUA CON GAS THE FOOD MARKET X 600 ML,THE FOOD MARKET,Bebidas,Aguas,""
7790895647758,AGUA DE MESA CON GAS BENEDICTINO PET X 600 CC,BENEDICTINO,Bebidas,Aguas,""
8480017278227,AGUA MIN C/GAS S/TAC,DIA,Bebidas,Aguas,""
7792931001050,AGUA MINERAL C GAS B SODIO GLACIAR PET X1.5 LT,GLACIAR,Bebidas,Aguas,""
7790895646027,AGUA MINERAL C GAS SMART WATER PET X 591 CC,SMART WATER,Bebidas,Aguas,""
7790895003950,AGUA MINERAL CON GAS BONAQUA PET X 1.5 LT,BONAQUA,Bebidas,Aguas,""
7792799000073,AGUA MINERAL CON GAS ECO DE LOS ANDES X 1.5 LT,ECO DE LOS ANDES,Bebidas,Aguas,""
7798062540109,AGUA MINERAL PET S G VILLA DEL SUR X 600 CC,VILLA DEL SUR,Bebidas,Aguas,""
7792931000015,AGUA MINERAL S GAS BAJO SODIO GLACIAR PET X 500 CC,GLACIAR,Bebidas,Aguas,""
7792799000097,AGUA MINERAL SIN GAS ECO DE LOS ANDES PET X 2 LT.,ECO DE LOS ANDES,Bebidas,Aguas,""
7790639002416,AGUA MINERALIZADA B.SODIO S GAS CELLIER PET X 2 LT,CELLIER,Bebidas,Aguas,""
7790639002423,AGUA MINERALIZADA C GAS CELLIER PET X 2LT,CELLIER,Bebidas,Aguas,""
7799155000203,AGUA PET CON GAS,VILLAVICENCIO,Bebidas,Aguas,""
7799155000210,AGUA PET CON GAS,VILLAVICENCIO,Bebidas,Aguas,""
7798365050404,AGUA PUREZA SIERRAS C/GAS,PUREZA D LAS SIERRAS,Bebidas,Aguas,""
7790315000880,AGUA S/GAS MANZ,LEVITE,Bebidas,Aguas,""
7790895003301,AGUA S/GAS MANZ,AQUARIUS,Bebidas,Aguas,""
7790895640452,AGUA S/GAS MANZ,AQUAR,Bebidas,Aguas,""
7790895640483,AGUA S/GAS MANZ,AQUARIUS,Bebidas,Aguas,""
7798062548709,AGUA S/GAS MANZ,LEVITE,Bebidas,Aguas,""
7798062548716,AGUA S/GAS MANZ,LEVITE,Bebidas,Aguas,""
7792931000039,AGUA S/GAS MINERAL,GLACIAR,Bebidas,Aguas,""
7799155000197,AGUA S/GAS MINERAL,VILLAVICENCIO,Bebidas,Aguas,""
7790895641237,AGUA S/GAS NARAN,AQUARIUS,Bebidas,Aguas,""
7798062540291,AGUA S/GAS NARAN,LEVITE,Bebidas,Aguas,""
7798062548648,AGUA S/GAS NARAN,LEVITE,Bebidas,Aguas,""
7790895003295,AGUA S/GAS PERA,AQUARIUS,Bebidas,Aguas,""
7790895640476,AGUA S/GAS PERA,AQUARIUS,Bebidas,Aguas,""
7798062540253,AGUA S/GAS PERA,LEVIT,Bebidas,Aguas,""
7798062540260,AGUA S/GAS PERA,LEVITE,Bebidas,Aguas,""
7790895640490,AGUA S/GAS POME,AQUARIUS,Bebidas,Aguas,""
7798062540284,AGUA S/GAS POME,LEVITE,Bebidas,Aguas,""
7798062548679,AGUA S/GAS POME,LEVITE,Bebidas,Aguas,""
7798062548686,AGUA S/GAS POME,LEVITE,Bebidas,Aguas,""
7790315000910,AGUA S/GAS POME CERO,LEVITE,Bebidas,Aguas,""
7790315100184,AGUA SABORIZADA CERO MANZ S G LEVITE X 500CC,LEVITE,Bebidas,Aguas,""
7790315001061,AGUA SABORIZADA CERO MANZANA S G VDS LEVITEX1.5 LT,LEVITE,Bebidas,Aguas,""
7790315100207,AGUA SABORIZADA CERO NARANJ S GAS LEVITE X500C,LEVITE,Bebidas,Aguas,""
7790315000934,AGUA SABORIZADA CERO NARANJA S G VDS LEVITEX1.5 LT,LEVITE,Bebidas,Aguas,""
7791813423591,AGUA SABORIZADA CITRUS CON GAS H2OH X 2.25 LT,H2OH!,Bebidas,Aguas,""
7791813402022,AGUA SABORIZADA LIMON S GAS H2OH X 500 CC,H2OH!,Bebidas,Aguas,""
7791813405030,AGUA SABORIZADA MANZANA S GAS H2OH X 2 L,H2OH,Bebidas,Aguas,""
7791813402039,AGUA SABORIZADA MANZANA S GAS H2OH X 500 CC,H2OH!,Bebidas,Aguas,""
7790895641213,AGUA SABORIZADA NARANJA S GAS AQUARIUS X 500CC,AQUARIUS,Bebidas,Aguas,""
7790895640469,AGUA SABORIZADA POMELO S GAS AQUARIUS X 500 CC,AQUARIUS,Bebidas,Aguas,""
7791813403012,AGUA SABORIZADA POMELO S GAS H2OH X 1.5 L,H2OH,Bebidas,Aguas,""
7799155001682,AGUA SABORIZADA S GAS LIMONADA LEVITE PET X 500 CC,LEVITE,Bebidas,Aguas,""
7799155001675,AGUA SIN GAS,SER,Bebidas,Aguas,""
7790895003943,Agua Bonaqua C/Gas Pet 500 Ml,BONAQUA,Bebidas,Aguas,""
7798105589577,CHECK SIFON DE SODA 2000CC,CHECK,Bebidas,Aguas,""
7797257000145,IVESS AGUA CG 500CC,IVESS,Bebidas,Aguas,""
7798060140059,IVESS SIFON 2L,IVESS,Bebidas,Aguas,""
7793759320897,RUMIPAL SIFO 2000CC,RUMIPAL,Bebidas,Aguas,""
7793759320620,RUMIPAL SOD 1500CC,RUMIPAL,Bebidas,Aguas,""
7793759320552,RUMIPAL SOD 2250CC,RUMIPAL,Bebidas,Aguas,""
7791913000333,SALDAN SODA 1500CC,SALDAN,Bebidas,Aguas,""
7798060140561,SIFON IVESS BS175L,IVESS,Bebidas,Aguas,""
8480017285638,SIFON SIN TACC,DIA,Bebidas,Aguas,""
8480017275301,SIFON SODA,RIOCL,Bebidas,Aguas,""
7791102010471,SODA COOPERATIVA SIFON,COOPERATIVA,Bebidas,Aguas,""
7791102067086,SODA ECOOP,ECOOP,Bebidas,Aguas,""
8480017783035,SODA EN BOTELLA,DIA,Bebidas,Aguas,""
7798113301529,SODA MANAOS SIFON X 2 LT,MANAOS,Bebidas,Aguas,""
7791913000753,SODA SALDAN SIFON X 2 LT,SALDAN,Bebidas,Aguas,""
7792758332009,SODA SECCO SIFON,SECCO,Bebidas,Aguas,""
7798060140509,"SODA SIFON DESCARTABLE MENOS SODIO, IVESS, 1750 cm3",IVESS,Bebidas,Aguas,""
7790895647710,Soda Benedictino 2 Lts. PET-2000-ml.,BENEDICTINO,Bebidas,Aguas,""
7792799000035,agua ECO DE LOS ANDES Con Gas 500cc BOT-500-cc.,ECO DE LOS ANDES,Bebidas,Aguas,""
7790895640445,saborizada AQUARIUS Pera 500cc BOT-500-ml.,AQUARIUS,Bebidas,Aguas,""
7790895647796,soda BENEDICTINO 2lt SIF-2000-ml.,BENEDICTINO,Bebidas,Aguas,""
7798065734314,soda SIERRA DE LOS PADRES 1.75lt SIF-1750-ml.,SIERRA DE LOS PADRES,Bebidas,Aguas,""
7790950133318,AMARGO SERRANO,TERMA,Bebidas,Aperitivos y amargos sin alcohol,""
7790950133325,AMARGO SERRANO LIGHT,TERMA,Bebidas,Aperitivos y amargos sin alcohol,""
7790950133349,APERITIVO S ALCOHOL CUYANO CERO TERMA X 1.35 LT,TERMA,Bebidas,Aperitivos y amargos sin alcohol,""
7790950133363,APERITIVO S ALCOHOL POMELO ROSADO TERMA X 1.35 LT,TERMA,Bebidas,Aperitivos y amargos sin alcohol,""
7790950144093,APERITIVO TERMA SERR CERO,TERMA,Bebidas,Aperitivos y amargos sin alcohol,""
7790950147926,GANCIA CERO,GANCI,Bebidas,Aperitivos y amargos sin alcohol,""
7790950000160,"AMERICAN GANCIA 0,95",GANCIA,Bebidas,Bebidas espirituosas,""
7790950144819,APERIT HIBISCUS SPRI,GANCI,Bebidas,Bebidas espirituosas,""
7790290101459,APERITIVO  FERNET,VITTONE,Bebidas,Bebidas espirituosas,""
7790950001969,APERITIVO AMARG OBRE,AMARG,Bebidas,Bebidas espirituosas,""
7791200000626,APERITIVO AMARGO,CYNAR,Bebidas,Bebidas espirituosas,""
7790950000191,APERITIVO AMERICANO,GANCI,Bebidas,Bebidas espirituosas,""
7791200200781,APERITIVO BITTER,CAMPARI,Bebidas,Bebidas espirituosas,""
7790950134827,APERITIVO C ALCOHOL EXTRA DRY MARTINI BOT X 1 LT,MARTINI,Bebidas,Bebidas espirituosas,""
7790950134834,APERITIVO C ALCOHOL MARTINI BIANCO X 1 LT,MARTINI,Bebidas,Bebidas espirituosas,""
7790070764010,APERITIVO COCKTAIL C ALC CLAREA EMILIA BOT X 750CC,EMILIA,Bebidas,Bebidas espirituosas,""
7790950134100,APERITIVO CON LIMON,DRLEM,Bebidas,Bebidas espirituosas,""
7790950202823,APERITIVO CON VODKA,DRLEM,Bebidas,Bebidas espirituosas,""
7790139002879,APERITIVO FERNET,1882,Bebidas,Bebidas espirituosas,""
7790290001179,APERITIVO FERNET,BRANCA,Bebidas,Bebidas espirituosas,""
7790290101602,APERITIVO FERNET,BRANCA,Bebidas,Bebidas espirituosas,""
7791250003011,APERITIVO GRAPEFRUIT LIME BC SMIRNOFF X 700CC,SMIRNOFF,Bebidas,Bebidas espirituosas,""
7790950138900,APERITIVO LIVENZA SPRITZ BOTELLA X 750 CC,LIVENZA,Bebidas,Bebidas espirituosas,""
7792410779357,APERITIVO ROSATO,RAMAZZOTTI,Bebidas,Bebidas espirituosas,""
7790950131918,APERITIVO SAB LIMON,DR LEMON,Bebidas,Bebidas espirituosas,""
7790290007195,Aperitivo CARPANO PUNT E MES BOT-750-ml.,PUNT E MES,Bebidas,Bebidas espirituosas,""
7791200000619,Aperitivo CYNAR 70 BOT-750-ml. BOT-750-ml.,CYNAR,Bebidas,Bebidas espirituosas,""
7790950002768,Aperitivo MARCELA Americano BOT-950-cc. BOT-950-ml.,MARCELA,Bebidas,Bebidas espirituosas,""
7792410532426,BEBIDA RON AÑEJO,HAVANA CLUB,Bebidas,Bebidas espirituosas,""
7790950144055,DR LEMON MOJITO 5%,DRLEM,Bebidas,Bebidas espirituosas,""
7790290101473,FERNET MENTA,BRANC,Bebidas,Bebidas espirituosas,""
7792410523165,FERNET NEGRO,BUHERO,Bebidas,Bebidas espirituosas,""
7791250002267,GIN,GORDO,Bebidas,Bebidas espirituosas,""
7792410522717,GIN,BRIGHTON,Bebidas,Bebidas espirituosas,""
7790154008542,GIN & TONIC LIMON,SHOOT,Bebidas,Bebidas espirituosas,""
7791250003325,GIN PINK,GORDO,Bebidas,Bebidas espirituosas,""
7790290101756,GIN SPIRITO BLU BOT X 700 CC,SPIRITO BLU,Bebidas,Bebidas espirituosas,""
7791250003271,GIN TONIC LATA,GORDO,Bebidas,Bebidas espirituosas,""
7792410504324,LICOR,TIAMA,Bebidas,Bebidas espirituosas,""
7790260002076,LICOR 3 PLUMAS CAFE COÃ?A,TRES PLUMAS,Bebidas,Bebidas espirituosas,""
7792410504331,LICOR CREAM TIA MARIA X 690 CC,TIA MARIA,Bebidas,Bebidas espirituosas,""
7792410008259,LICOR CUSENIER MENTA BOT 700 CC,CUSENIER,Bebidas,Bebidas espirituosas,""
7792410008105,LICOR DE CHOCOLATE CUSENIER X 700 CC,CUSENIER,Bebidas,Bebidas espirituosas,""
7792410008006,LICOR DE DULCE DE LECHE CUSENIER X 700 CC,CUSENIER,Bebidas,Bebidas espirituosas,""
7792410008532,"LICOR DE MELON, CUSENIER, 700 cm3",CUSENIER,Bebidas,Bebidas espirituosas,""
7792410134729,LICOR LEMONCELLO CUSENIER X 700 CC,CUSENIER,Bebidas,Bebidas espirituosas,""
7790260002236,Licor TRES PLUMAS chocolate al café BOT-750-cc.,TRES PLUMAS,Bebidas,Bebidas espirituosas,""
7790260013300,Licor tres plumas chocolate/dulce de lec BOT-700-cc.,TRES PLUMAS,Bebidas,Bebidas espirituosas,""
7790260013065,Licor tres plumas de chocolate BOT-700-cc.,TRES PLUMAS,Bebidas,Bebidas espirituosas,""
7790950134810,MARTINI ROSSO,MARTI,Bebidas,Bebidas espirituosas,""
7790950610574,PRONTO SHAKE,PRONT,Bebidas,Bebidas espirituosas,""
7792410532433,RON BLANCO ORIG 3 ANIOS HAVANA CLUB BOT X 750 CC,HAVANA CLUB,Bebidas,Bebidas espirituosas,""
7790290008291,VERMOUTH BIANCO CARPANO BOTELLA X 950 CC,CARPANO,Bebidas,Bebidas espirituosas,""
7791200200538,VERMOUTH BIANCO CINZANO BOTELLA X 1 LT,CINZANO,Bebidas,Bebidas espirituosas,""
7790290008192,VERMOUTH ROSSO,CARPANO,Bebidas,Bebidas espirituosas,""
7791200200552,VERMOUTH ROSSO,CINZANO,Bebidas,Bebidas espirituosas,""
7791200200712,VERMOUTH SEGUNDO CINZANO BOT 750 ML,CINZANO,Bebidas,Bebidas espirituosas,""
7790290101510,VODKA,SERNO,Bebidas,Bebidas espirituosas,""
7791200200828,VODKA,SKYY,Bebidas,Bebidas espirituosas,""
7790950134896,VODKA CON POMELO,DRLEM,Bebidas,Bebidas espirituosas,""
7791250001857,VODKA GREEN APPLE,SMIRN,Bebidas,Bebidas espirituosas,""
7790950144826,VODKA HIBISCUS,GANCI,Bebidas,Bebidas espirituosas,""
7791250003110,VODKA ICE LATA,SMIRNOFF,Bebidas,Bebidas espirituosas,""
7791200200866,VODKA INFU RASPBERRY,SKYY,Bebidas,Bebidas espirituosas,""
7791200200835,VODKA INFUS COSMIC,SKYY,Bebidas,Bebidas espirituosas,""
7791250003127,VODKA LATA GREENAPPL,SMIRNOFF,Bebidas,Bebidas espirituosas,""
7790950140859,VODKA POMELO 5%,DRLEM,Bebidas,Bebidas espirituosas,""
7791250001871,VODKA RASPBERRY,SMIRNOFF,Bebidas,Bebidas espirituosas,""
7791250003189,VODKA RED BERRIES,SMIRNOFF,Bebidas,Bebidas espirituosas,""
7791250001345,VODKA ROJO,SMIRNOFF,Bebidas,Bebidas espirituosas,""
7790290101787,VODKA SERNOVA CANDY,SERNOVA,Bebidas,Bebidas espirituosas,""
7790290101527,VODKA SERNOVA WILD BERRIES X 700 CC,SERNOVA,Bebidas,Bebidas espirituosas,""
7790290101657,VODKA SWEET APPLE PEAR SERNOVA X 700 CC,SERNOVA,Bebidas,Bebidas espirituosas,""
7791250003400,VODKA TAMARINDO,SMIRN,Bebidas,Bebidas espirituosas,""
7791250003202,VODKA TROPICAL FRUITS SMIRNOFF X 700 CC,SMIRNOFF,Bebidas,Bebidas espirituosas,""
7790290101664,VODKA TROPICAL PASSION SERNOVA X 700 CC,SERNOVA,Bebidas,Bebidas espirituosas,""
7792410527880,"WHISKY AÑEJO ETIQUETA NEGRA, DOBLE V, 1000 cm3",DOBLE V,Bebidas,Bebidas espirituosas,""
7791250001253,WHISKY BLENDED SCOTC,WHITE HORSE,Bebidas,Bebidas espirituosas,""
7792410532167,WHISKY BLENDERS PRIDE,BLENDERS,Bebidas,Bebidas espirituosas,""
7792410779395,"WHISKY HONEY, BLENDERS, 750 cm3",BLENDERS,Bebidas,Bebidas espirituosas,""
7792410527903,WHISKY NACIONAL ANEJO HIRAM WALKER BOT X 750 CC,HIRAM WALKER,Bebidas,Bebidas espirituosas,""
7798131200620,WHISKY OLD SMUGGLER,OLD SMUGGLER,Bebidas,Bebidas espirituosas,""
7792410532181,WHISKY PRIDE,BLEND,Bebidas,Bebidas espirituosas,""
7791250003097,aper SMIRNOFF BC R.Orange & Lime 700cc CJA-700-ml.,SMIRNOFF,Bebidas,Bebidas espirituosas,""
7790197120218,cognac RESERVA SAN JUAN 750 BOT-750-cc.,RESERVA SAN JUAN,Bebidas,Bebidas espirituosas,""
7790290101480,fernet BRANCA menta x 450cc BOT-450-ml.,BRANCA,Bebidas,Bebidas espirituosas,""
7792410008365,licor CUSENIER Cafe Cognac 700cc BOT-700-cc.,CUSENIER,Bebidas,Bebidas espirituosas,""
7791200200774,vodka SKYY Inf Blood Orange 750cc BOT-750-ml.,SKYY,Bebidas,Bebidas espirituosas,""
7791250002243,vodka SMIRNOFF Watermelon 700cc BOT-700-ml.,SMIRNOFF,Bebidas,Bebidas espirituosas,""
7792410523806,whisky PREMIUM 750ml BOT-0.075-ml.,PREMIUM,Bebidas,Bebidas espirituosas,""
7790895643804,ADES ANANA MULTI10 12X1L BRK-1000-ml.,ADES,Bebidas,Bebidas vegetales,""
7794000791923,ADES ANANA MULTI10 12X1L BRK-1000-ml.,ADES,Bebidas,Bebidas vegetales,""
7794000792265,ADES ANANA MULTI10 12X1L BRK-1000-ml.,ADES,Bebidas,Bebidas vegetales,""
7794000791909,ADES DURAZNO MULTI10 12X1L BRK-1000-ml.,ADES,Bebidas,Bebidas vegetales,""
7794000792500,ADES DURAZNO MULTI10 12X1L BRK-1000-ml.,ADES,Bebidas,Bebidas vegetales,""
7790895643729,ADES DURAZNO MULTI10 BRK-200-ml.,ADES,Bebidas,Bebidas vegetales,""
7794000792579,ADES DURAZNO MULTI10 BRK-200-ml.,ADES,Bebidas,Bebidas vegetales,""
7790895643750,ADES NARANJA MULTI10 BRK-200-ml.,ADES,Bebidas,Bebidas vegetales,""
7794000792562,ADES NARANJA MULTI10 BRK-200-ml.,ADES,Bebidas,Bebidas vegetales,""
7790895649837,ADES NATURAL,ADES,Bebidas,Bebidas vegetales,""
7794000792494,ADES Naranja 1 lt BRK-1000-ml.,ADES,Bebidas,Bebidas vegetales,""
7794000791886,ADES TROPICAL MULTI10 12X1L BRK-1000-ml.,ADES,Bebidas,Bebidas vegetales,""
7794000792487,ADES TROPICAL MULTI10 12X1L BRK-1000-ml.,ADES,Bebidas,Bebidas vegetales,""
7794000792586,ADES TROPICAL MULTI10 BRK-200-ml.,ADES,Bebidas,Bebidas vegetales,""
7790742340306,ALIMENTO VEGETAL BEB,LA SERENISIMA,Bebidas,Bebidas vegetales,""
7790742340108,ALIMETO VEGETAL,LASER,Bebidas,Bebidas vegetales,""
7898215157694,ALMOND BR ALMEN COCO,BLUE DIAMOND,Bebidas,Bebidas vegetales,""
7898215157175,ALMOND BR ORIG S AZU,BLUE DIAMOND,Bebidas,Bebidas vegetales,""
7898215157113,ALMOND BREEZE CHOCOL,BLUE DIAMOND,Bebidas,Bebidas vegetales,""
7898215157106,ALMOND BREEZE ORIGIN,BLUE DIAMOND,Bebidas,Bebidas vegetales,""
7898215157120,ALMOND BREEZE VAINIL,BLUE DIAMOND,Bebidas,Bebidas vegetales,""
7790742341600,Alim Veg Alm LA SERENISIMA BARISTA 1L BRK-1000-ml.,LA SERENISIMA,Bebidas,Bebidas vegetales,""
7791337007956,BEBIDA A BASE ALMENDRAS SABOR CHOCOLATE SILK X 1L,SILK,Bebidas,Bebidas vegetales,""
7791337007918,BEBIDA ALMENDRA S/AZ,SILK,Bebidas,Bebidas vegetales,""
7791337007932,BEBIDA COCO S/AZUCAR,SILK,Bebidas,Bebidas vegetales,""
7790895643828,"BEBIDA DE SOJA DURAZNO MULTI10, ADES, 1000 cm3",ADES,Bebidas,Bebidas vegetales,""
7790742341709,"BEBIDA VEG.CON ALM. Y CHOCOLATE, LA SERENISIMA, 1000 cm3",LA SERENISIMA,Bebidas,Bebidas vegetales,""
7798290581875,BEBIDA VEGETAL DE ALMENDRAS BIBA TETRA X 1 LT,BIBA,Bebidas,Bebidas vegetales,""
7798290581912,BIBA ALMENDRAS 500CC,BIBA,Bebidas,Bebidas vegetales,""
7798290581899,BIBA AVENA 1LT,BIBA,Bebidas,Bebidas vegetales,""
7798290582308,BIBA AVENA 500ML,BIBA,Bebidas,Bebidas vegetales,""
7798290581905,BIBA QUINOA 1LT,BIBA,Bebidas,Bebidas vegetales,""
7790742340900,Bebida Vegetal LA SERENISIMA Coco 1L BRK-1000-ml.,LA SERENISIMA,Bebidas,Bebidas vegetales,""
7790890100791,Bebida vegetal coco&almendras AMANDE 1L CJA-1000-ml.,AMANDE,Bebidas,Bebidas vegetales,""
7790890070049,Bebida vegetal de almendras AMANDE 1LT CJA-1000-ml.,AMANDE,Bebidas,Bebidas vegetales,""
7790890101002,Bebida vegetal mani&almendras AMANDE 1L CJA-1000-ml.,AMANDE,Bebidas,Bebidas vegetales,""
7790895643866,JGO B/SOJA FR TROPIC,ADES,Bebidas,Bebidas vegetales,""
7790895649806,JUGO BASE SOJA ALMENDRA ADES X 1 LT,ADES,Bebidas,Bebidas vegetales,""
7790895643767,JUGO BASE SOJA FRUTAS TROPICALES ADES X 200 CC,ADES,Bebidas,Bebidas vegetales,""
7790895643743,JUGO BASE SOJA MANZANA ADES X 200 CC,ADES,Bebidas,Bebidas vegetales,""
7790895643835,JUGO SOJ.MAN.ADES 1L,ADES,Bebidas,Bebidas vegetales,""
7791337007901,LECHE DE ALMENDRA ENDULZADA SILK TETRA X 1 LT,SILK,Bebidas,Bebidas vegetales,""
7791337007949,LECHE DE ALMENDRA VAINILLA SILK TETRA X 1 LT,SILK,Bebidas,Bebidas vegetales,""
7798333321871,PV BEBIDA ALMENDRA1L,PAMPA VIDA,Bebidas,Bebidas vegetales,""
7798333321925,PV BEBIDA NUEZ PECAN,PAMPA VIDA,Bebidas,Bebidas vegetales,""
7790742341501,Preparado Veg LA SERENISIMA Maní Cacao1L BRK-1000-ml.,LA SERENISIMA,Bebidas,Bebidas vegetales,""
7790895643712,alimento ADES Ananá BRK-200-ml.,ADES,Bebidas,Bebidas vegetales,""
7794000792364,alimento ADES Ananá BRK-200-ml.,ADES,Bebidas,Bebidas vegetales,""
7794000791916,jugo ADES Manzana 1lt BRK-1000-ml.,ADES,Bebidas,Bebidas vegetales,""
7792798014156,ANDES ORIGEN 710CC,ANDES ORIGEN,Bebidas,Cervezas,""
7792798002320,ANDES ORIGEN NEGRA 473CC,ANDES ORIGEN,Bebidas,Cervezas,""
7792798009107,CERV QUILMES 0.0,QUILMES,Bebidas,Cervezas,""
7792798013975,CERVEZA,STELL,Bebidas,Cervezas,""
7792798014835,CERVEZA,QUILM,Bebidas,Cervezas,""
7793147570262,CERVEZA,MILLE,Bebidas,Cervezas,""
7793147570606,CERVEZA,SCHNEIDER,Bebidas,Cervezas,""
7793147570927,CERVEZA,WARSTEINER,Bebidas,Cervezas,""
7793147572853,CERVEZA,AMSTE,Bebidas,Cervezas,""
7793147574093,CERVEZA 0.0 ALCOHOL,HEINE,Bebidas,Cervezas,""
7792798014873,CERVEZA 0.0 S/ALCOHO,CORONA,Bebidas,Cervezas,""
7792798001965,CERVEZA AMBER LAGER,PATAG,Bebidas,Cervezas,""
7792798015290,CERVEZA BAJO CERO,QUILM,Bebidas,Cervezas,""
7792798015061,CERVEZA BLANCA BRAHMA LATA X 710 CC,BRAHMA,Bebidas,Cervezas,""
7793147001056,CERVEZA BLANCA BUDWEISER BOTELLA RET X 1 LT,BUDWEISER,Bebidas,Cervezas,""
7793147574109,CERVEZA BLANCA IMPERIAL GOLDEN PORRON X 330 CC,IMPERIAL,Bebidas,Cervezas,""
7793147573232,CERVEZA BLANCA LIVIANA CORDOBA BOTELLA RET X 1 LT,CORDOBA,Bebidas,Cervezas,""
7792798005888,CERVEZA CHOPP LATA,BRAHM,Bebidas,Cervezas,""
7792798003709,CERVEZA CORONA,CORONA,Bebidas,Cervezas,""
7792798007387,CERVEZA CRISTAL,QUILMES,Bebidas,Cervezas,""
7792798012923,CERVEZA CRISTAL LATA,QUILM,Bebidas,Cervezas,""
7792798003716,CERVEZA EN BOTELLA,CORONA,Bebidas,Cervezas,""
7793147118860,CERVEZA EN LATA,SCHNEIDER,Bebidas,Cervezas,""
7793147574185,CERVEZA FRESH LAGER,SALTA,Bebidas,Cervezas,""
7793147571689,CERVEZA GOLDEN,IMPERIAL,Bebidas,Cervezas,""
7798339251141,CERVEZA GOLDEN ALE PAMPA BREWING LATA X 473 CC,PAMPA BREWING,Bebidas,Cervezas,""
7798091030299,CERVEZA HONEY LATA,ANTAR,Bebidas,Cervezas,""
7792798002726,CERVEZA IPA,ANDES,Bebidas,Cervezas,""
7793147573683,CERVEZA IPA,SALTA,Bebidas,Cervezas,""
7792798010882,CERVEZA IPA OW VERA PATAGONIA X 730 CC,PATAGONIA,Bebidas,Cervezas,""
7793147573546,CERVEZA LAGER,AMSTEL,Bebidas,Cervezas,""
7798091030527,CERVEZA LAGER,ANTAR,Bebidas,Cervezas,""
7793147118822,CERVEZA LAGER BUDWEISER LATA X 473 CC,BUDWEISER,Bebidas,Cervezas,""
7793147001025,CERVEZA LAGER RETORN,SCHNEIDER,Bebidas,Cervezas,""
7792798001972,CERVEZA LAT IPA 24.7,PATAG,Bebidas,Cervezas,""
7792798013357,CERVEZA LATA,BUDWE,Bebidas,Cervezas,""
7792798014705,CERVEZA LATA,CORON,Bebidas,Cervezas,""
7793147000752,CERVEZA LATA,IMPERIAL,Bebidas,Cervezas,""
7793147009199,CERVEZA LATA,HEINEKEN,Bebidas,Cervezas,""
7793147570866,CERVEZA LATA,GROLSCH,Bebidas,Cervezas,""
7793147571283,CERVEZA LATA,HEINEKEN,Bebidas,Cervezas,""
7793147573386,CERVEZA LATA,MILLER,Bebidas,Cervezas,""
7792798013388,"CERVEZA LATA IPA, QUILMES, 473 cm3",QUILMES,Bebidas,Cervezas,""
7793147574222,CERVEZA LEMON REMIX,SCHNE,Bebidas,Cervezas,""
7792798001316,CERVEZA NEGRA STOUT QUILMES LATA X 473CC,QUILMES,Bebidas,Cervezas,""
7798339251561,CERVEZA NITRO CREAM STOUT PAMPA BREWING LT X 473CC,PAMPA BREWING,Bebidas,Cervezas,""
7792798010639,"CERVEZA NOIRE LATA, STELLA ARTOIS, 473 cm3",STELLA ARTOIS,Bebidas,Cervezas,""
7792798013487,CERVEZA O.O S/ALCOH,STELL,Bebidas,Cervezas,""
7792798992317,CERVEZA ORIGEN ROJA,ANDES,Bebidas,Cervezas,""
7793147009137,CERVEZA PORRON,HEINEKEN,Bebidas,Cervezas,""
7793147573492,CERVEZA PORRON,MILLER,Bebidas,Cervezas,""
7792798007493,CERVEZA RETORNABLE,BRAHMA,Bebidas,Cervezas,""
7792798010561,CERVEZA RETORNABLE,STELLA ARTOIS,Bebidas,Cervezas,""
7793147572723,CERVEZA ROJA LATA,IMPERIAL,Bebidas,Cervezas,""
7792798001712,CERVEZA RUBIA,ANDES,Bebidas,Cervezas,""
7792798013951,CERVEZA RUBIA 1890 QUILMES LATA X 473 CC,1890,Bebidas,Cervezas,""
7792798999866,CERVEZA RUBIA ANDES ORIGEN LATA X 473CC,ANDES ORIGEN,Bebidas,Cervezas,""
7793147000899,CERVEZA RUBIA HEINEKEN BOTELLA X 1 LT,HEINEKEN,Bebidas,Cervezas,""
7793147570743,CERVEZA RUBIA IPA IMPERIAL LATA X 473 CC,IMPERIAL,Bebidas,Cervezas,""
7793147572327,CERVEZA RUBIA LATA,SALTA,Bebidas,Cervezas,""
7798091030510,CERVEZA SESSION IPA,ANTAR,Bebidas,Cervezas,""
7793147001742,CERVEZA STOUT,IMPER,Bebidas,Cervezas,""
7792798014019,CERVEZA ULTRA,MICHE,Bebidas,Cervezas,""
7792798010615,CERVEZA VINTAGE,STELL,Bebidas,Cervezas,""
7793147573591,cerveza AMSTEL Lager 1lt Ret BOT-1-lt.,AMSTEL,Bebidas,Cervezas,""
7792798002788,cerveza ANDES ORIGEN Ipa 473cc PCK-6-un.,ANDES ORIGEN,Bebidas,Cervezas,""
7792798002122,cerveza ANDES ORIGEN Roja 1lt Ret BOT-1-lt.,ANDES ORIGEN,Bebidas,Cervezas,""
7792798002115,cerveza ANDES ORIGEN Rubia 1lt BOT-1-lt.,ANDES ORIGEN,Bebidas,Cervezas,""
7798091030268,cerveza ANTARES Caravana 473cc LAT-473-ml.,ANTARES,Bebidas,Cervezas,""
7798091030329,cerveza ANTARES Kolsch 473cc LAT-473-cc.,ANTARES,Bebidas,Cervezas,""
7798091030343,cerveza ANTARES Scotch 473cc LAT-473-cc.,ANTARES,Bebidas,Cervezas,""
7793147118846,cerveza BUDWEISER six pack 473cc PCK-6-un.,BUDWEISER,Bebidas,Cervezas,""
7793147572846,cerveza GROLSCH Ipa 473cc LAT-473-cc.,GROLSCH,Bebidas,Cervezas,""
7793147571160,cerveza IMPERIAL Apa 473cc LAT-473-ml.,IMPERIAL,Bebidas,Cervezas,""
7793147573720,cerveza IMPERIAL Golden 1lt BOT-1000-ml.,IMPERIAL,Bebidas,Cervezas,""
7793147572624,cerveza IMPERIAL Golden 710cc LAT-710-ml.,IMPERIAL,Bebidas,Cervezas,""
7793147570330,cerveza IMPERIAL Ipa 1lt Ret BOT-1000-ml.,IMPERIAL,Bebidas,Cervezas,""
7793147573737,cerveza IMPERIAL Rubia 1lt BOT-1000-ml.,IMPERIAL,Bebidas,Cervezas,""
7793147571412,cerveza IMPERIAL Rubia 710cc LAT-710-ml.,IMPERIAL,Bebidas,Cervezas,""
7793147570088,cerveza MILLER Genuine Draft 1lt Ret BOT-1-lt.,MILLER,Bebidas,Cervezas,""
7793147571382,cerveza MILLER Genuine Draft 710cc LAT-710-ml.,MILLER,Bebidas,Cervezas,""
7793147573751,cerveza NORTE Blanca BOT-1000-ml.,NORTE,Bebidas,Cervezas,""
7792798001927,cerveza PATAGONIA 24.7 473cc 6un PCK-6-un.,PATAGONIA,Bebidas,Cervezas,""
7792798001934,cerveza PATAGONIA Amber Lager 473cc 6un PCK-6-un.,PATAGONIA,Bebidas,Cervezas,""
7792798002351,cerveza PATAGONIA Amber Lager 730cc BOT-730-cc.,PATAGONIA,Bebidas,Cervezas,""
7792798002399,cerveza PATAGONIA Ipa Sauco OW 730cc BOT-730-ml.,PATAGONIA,Bebidas,Cervezas,""
7792798013999,cerveza QUILMES Bajo Cero 1lt Ret. BOT-1000-ml.,QUILMES,Bebidas,Cervezas,""
7792798013678,cerveza QUILMES Ipa 1lt Ret BOT-1000-ml.,QUILMES,Bebidas,Cervezas,""
7792798007400,cerveza QUILMES Stout 1lt BOT-1-lt.,QUILMES,Bebidas,Cervezas,""
7792798013982,cerveza STELLA ARTOIS  Rubia 710cc 4un PCK-2.84-lt.,STELLA ARTOIS,Bebidas,Cervezas,""
7792798013494,cerveza STELLA ARTOIS 0.0% 473cc sixpack PCK-2.838-lt.,STELLA ARTOIS,Bebidas,Cervezas,""
7792798010578,cerveza STELLA ARTOIS 330cc porrón BOT-330-cc.,STELLA ARTOIS,Bebidas,Cervezas,""
7792798010592,cerveza STELLA ARTOIS Rubia 473cc 6un PCK-6-un.,STELLA ARTOIS,Bebidas,Cervezas,""
7793147570989,cerveza WARSTEINER 1lt Retornable BOT-1-lt.,WARSTEINER,Bebidas,Cervezas,""
0000090415418,BEB ENEGIZA S/AZUCAR,REDBU,Bebidas,Energizantes e isotónicas,""
7798422620090,BEB ENERG GREEN ZERO,MONSTER,Bebidas,Energizantes e isotónicas,""
7790895641183,BEB ISOT FRUT.TROPIC,POWERADE,Bebidas,Energizantes e isotónicas,""
7799155001750,BEB ISOTO FRESH BLUE,FULLS,Bebidas,Energizantes e isotónicas,""
7790895006029,BEB ISOTO MOUNT BLAS,POWERADE,Bebidas,Energizantes e isotónicas,""
7792170052264,BEB ISOTON COOL BLUE,GATOR,Bebidas,Energizantes e isotónicas,""
7792170110704,BEB ISOTON COOL BLUE,GATORADE,Bebidas,Energizantes e isotónicas,""
7792170110568,BEB ISOTON FRUT TROP,GATORADE,Bebidas,Energizantes e isotónicas,""
7792170052271,BEB ISOTON MANZANA,GATOR,Bebidas,Energizantes e isotónicas,""
7792170110575,BEB ISOTON MANZANA,GATORADE,Bebidas,Energizantes e isotónicas,""
7792170052295,BEB ISOTONI FRU TROP,GATOR,Bebidas,Energizantes e isotónicas,""
7799155001767,BEB ISOTONICA F/TROP,FULLS,Bebidas,Energizantes e isotónicas,""
7790895640018,BEB ISOTONICA MANZAN,POWERADE,Bebidas,Energizantes e isotónicas,""
7792170042012,BEBIDA C/SALES NARAN,GATORADE,Bebidas,Energizantes e isotónicas,""
7792170042241,BEBIDA DEPORTIVA UVA,GATOR,Bebidas,Energizantes e isotónicas,""
7798119220015,BEBIDA ENERG.UNLIMIT,SPEED,Bebidas,Energizantes e isotónicas,""
7798119220183,BEBIDA ENERGIZANTE,SPEED,Bebidas,Energizantes e isotónicas,""
9002490100070,BEBIDA ENERGIZANTE,RED BULL,Bebidas,Energizantes e isotónicas,""
7798422620120,BEBIDA ENERGIZANTE MONSTER PIPELINE PUNCH X 473 C,MONSTER,Bebidas,Energizantes e isotónicas,""
7798422620298,"BEBIDA ENERGIZANTE PEACHY KEEN, MONSTER, 473 cm3",MONSTER,Bebidas,Energizantes e isotónicas,""
0000090435225,BEBIDA ENERGIZANTE RED BULL LATA X 355 CC,RED BULL,Bebidas,Energizantes e isotónicas,""
9002490288341,BEBIDA ENERGIZANTE SUMMER POMERLO RED BULL LATA X,RED BULL,Bebidas,Energizantes e isotónicas,""
7792170042258,BEBIDA ISO COOL BLUE,GATORADE,Bebidas,Energizantes e isotónicas,""
7790895640025,BEBIDA ISOT MOUN BLA,POWERADE,Bebidas,Energizantes e isotónicas,""
7790895006104,BEBIDA ISOTONICA FRU,POWERADE,Bebidas,Energizantes e isotónicas,""
7792170110551,BEBIDA ISOTONICA NAR,GATOR,Bebidas,Energizantes e isotónicas,""
7790895648687,BEBIDA ISOTONICA UVA,POWER,Bebidas,Energizantes e isotónicas,""
7798420160192,"BEBIDA S/ AZUCAR FRUTOS ROJOS, SUEROX, 630 cm3",SUEROX,Bebidas,Energizantes e isotónicas,""
7792170042005,BEBIDA SALES MANZ,GATORADE,Bebidas,Energizantes e isotónicas,""
7798420160857,BEBIDA SUEROX LIMONADA X 630 ML,SUEROX,Bebidas,Energizantes e isotónicas,""
7798119220381,ENERGIZA ZERO AZUCAR,SPEED,Bebidas,Energizantes e isotónicas,""
7798422620045,ENERGIZANTE MANGO LO,MONSTER,Bebidas,Energizantes e isotónicas,""
7791813111214,ENERGIZANTE ROCKSTAR,ROCKS,Bebidas,Energizantes e isotónicas,""
7798422620021,ENERGIZANTE ULTRA X6,MONSTER,Bebidas,Energizantes e isotónicas,""
7791813434023,GATORADE MORAS ZERO,GATORADE,Bebidas,Energizantes e isotónicas,""
7798140257431,ISOTONICA ARANDANOS POMELO SUEROX PET X 630 CC,SUEROX,Bebidas,Energizantes e isotónicas,""
8480017203809,ISOTONICA BLUEBERRY,DIA,Bebidas,Energizantes e isotónicas,""
7792170042029,ISOTONICA FRUTOS TRO,GATORADE,Bebidas,Energizantes e isotónicas,""
8480017203830,ISOTONICA FRUTS TROP,DIA,Bebidas,Energizantes e isotónicas,""
7790895006036,ISOTONICA MANZANA,POWER,Bebidas,Energizantes e isotónicas,""
8480017203816,ISOTONICA MANZANA,DIA,Bebidas,Energizantes e isotónicas,""
7798140257424,ISOTONICA MANZANA SUEROX PET X 630 CC,SUEROX,Bebidas,Energizantes e isotónicas,""
7790895011221,ISOTONICA MOUNTAIN,POWER,Bebidas,Energizantes e isotónicas,""
7790895011269,JUGO ENERGIZ. FRUTOS TROPICA POWERADE BOT 1500 CMQ,POWERADE,Bebidas,Energizantes e isotónicas,""
7798422620014,MONSTER ENERGY,MONSTER,Bebidas,Energizantes e isotónicas,""
7790895651489,POWERADE COOL CITRUS,POWERADE,Bebidas,Energizantes e isotónicas,""
7790895011245,POWERADE MANZANA 1500CC,POWERADE,Bebidas,Energizantes e isotónicas,""
9002490280055,RED BULL GREEN,RED BULL,Bebidas,Energizantes e isotónicas,""
9002490287535,RED BULL SPRING,RED BULL,Bebidas,Energizantes e isotónicas,""
7791813111252,ROCKSTAR BERRIES 500CC,ROCKSTAR,Bebidas,Energizantes e isotónicas,""
7791813111351,ROCKSTAR FRU 1500,ROCKSTAR,Bebidas,Energizantes e isotónicas,""
7791813111443,ROCKSTAR MARA 500CC,ROCKSTAR,Bebidas,Energizantes e isotónicas,""
7798119220374,SPEED ZERO 269CC,SPEED UNLIMITED,Bebidas,Energizantes e isotónicas,""
1007084702751,energizante MONSTER Energy VR 473cc LAT-473-ml.,MONSTER,Bebidas,Energizantes e isotónicas,""
7798422620083,energizante MONSTER Energy VR 473cc LAT-473-ml.,MONSTER,Bebidas,Energizantes e isotónicas,""
1007084701235,energizante MONSTER Green 473cc LAT-473-ml.,MONSTER,Bebidas,Energizantes e isotónicas,""
0070847012832,energizante MONSTER Green 473cc LAT-473-ml.,MONSTER,Bebidas,Energizantes e isotónicas,""
1007084703475,energizante MONSTER Mango 473cc LAT-473-ml.,MONSTER,Bebidas,Energizantes e isotónicas,""
1007084789417,energizante MONSTER Pineapple 473cc LAT-473-ml.,MONSTER,Bebidas,Energizantes e isotónicas,""
7798422620076,energizante MONSTER Pineapple 473cc LAT-473-ml.,MONSTER,Bebidas,Energizantes e isotónicas,""
1007084789387,energizante MONSTER Ultra 473cc LAT-473-ml.,MONSTER,Bebidas,Energizantes e isotónicas,""
0070847032861,energizante MONSTER Ultra 473cc LAT-473-ml.,MONSTER,Bebidas,Energizantes e isotónicas,""
1007084703703,energizante MONSTER Ultra Sunrise 473cc LAT-473-ml.,MONSTER,Bebidas,Energizantes e isotónicas,""
7798422620052,energizante MONSTER Ultra Sunrise 473cc LAT-473-ml.,MONSTER,Bebidas,Energizantes e isotónicas,""
1007084703123,energizante MONSTER Ultra Watermel 473cc LAT-473-ml.,MONSTER,Bebidas,Energizantes e isotónicas,""
7798422620069,energizante MONSTER Ultra Watermel 473cc LAT-473-ml.,MONSTER,Bebidas,Energizantes e isotónicas,""
9002490203306,energizante RED BULL Energy Dri 250cc 4u PCK-4-un.,RED BULL,Bebidas,Energizantes e isotónicas,""
9002490268640,energizante RED BULL Green 250cc LAT-250-ml.,RED BULL,Bebidas,Energizantes e isotónicas,""
9002490232054,energizante RED BULL Sugar Free 250cc 4u PCK-4-un.,RED BULL,Bebidas,Energizantes e isotónicas,""
9002490258344,energizante RED BULL Watermelon 250cc 4u LAT-1000-ml.,RED BULL,Bebidas,Energizantes e isotónicas,""
9002490258313,energizante RED BULL Watermelon 250cc LAT-250-ml.,RED BULL,Bebidas,Energizantes e isotónicas,""
7798119220299,energizante SPEED UNLIMITED 269cc LAT-269-ml.,ENERGY DRINK,Bebidas,Energizantes e isotónicas,""
7798119220022,energizante SPEED UNLIMITED 473cc LAT-473-ml.,ENERGY DRINK,Bebidas,Energizantes e isotónicas,""
7798119220237,energizante SPEED UNLIMITED 473cc LAT-473-ml.,ENERGY DRINK,Bebidas,Energizantes e isotónicas,""
7792170042067,isotonico GATORADE Cool Blue 500cc PET-500-ml.,GATORADE,Bebidas,Energizantes e isotónicas,""
7792170042081,isotonico GATORADE Uva 500cc PET-500-ml.,GATORADE,Bebidas,Energizantes e isotónicas,""
7790895641336,isotonico POWERADE Frutas Tropical 500cc PET-500-ml.,POWERADE,Bebidas,Energizantes e isotónicas,""
7790895640032,isotonico POWERADE Naranja 500cc PET-500-ml.,POWERADE,Bebidas,Energizantes e isotónicas,""
7790895000836,FANTA NARANJA,FANTA,Bebidas,Gaseosas,""
7790895001017,FANTA NARANJA,FANTA,Bebidas,Gaseosas,""
7790639003437,GASEO COLA,CUNNINGTON,Bebidas,Gaseosas,""
7790895000430,GASEO COLA,COCA,Bebidas,Gaseosas,""
7790895000782,GASEO COLA,COCA,Bebidas,Gaseosas,""
7790895000997,GASEO COLA,COCA COLA,Bebidas,Gaseosas,""
7791813888413,GASEO COLA,PEPSI,Bebidas,Gaseosas,""
7791813888468,GASEO COLA,PEPSI,Bebidas,Gaseosas,""
7790895000232,GASEO COLA LATA,COCA COLA,Bebidas,Gaseosas,""
7790895067556,GASEO COLA S/AZUCAR,COCA,Bebidas,Gaseosas,""
7790895067532,GASEO COLA ZERO,COCA,Bebidas,Gaseosas,""
7790895067570,GASEO COLA ZERO,COCA,Bebidas,Gaseosas,""
7791813434368,GASEOSA 7UP FREE,7UP,Bebidas,Gaseosas,""
7791813421382,GASEOSA C/GAS POMELO,P.TOR,Bebidas,Gaseosas,""
7790895064142,GASEOSA CERO AZUCAR,SPRIT,Bebidas,Gaseosas,""
7790895650833,GASEOSA COLA,COCAC,Bebidas,Gaseosas,""
7791813828419,GASEOSA COLA BLACK,PEPSI,Bebidas,Gaseosas,""
7791813828464,GASEOSA COLA BLACK,PEPSI,Bebidas,Gaseosas,""
7791813888406,GASEOSA COLA REGULAR,PEPSI,Bebidas,Gaseosas,""
7790895067587,GASEOSA COLA SIN AZUCAR COCA COLA LATA X 354 CC,COCA COLA LIGHT,Bebidas,Gaseosas,""
7790895650840,GASEOSA COLA ZERO,COCAC,Bebidas,Gaseosas,""
7791813434450,GASEOSA LIMA LIM FRE,7UP,Bebidas,Gaseosas,""
7790639003468,GASEOSA LIMA LIMON,CUNNINGTON,Bebidas,Gaseosas,""
7790895000270,GASEOSA LIMA LIMON,SPRITE,Bebidas,Gaseosas,""
7790895000447,GASEOSA LIMA LIMON,SPRIT,Bebidas,Gaseosas,""
7790895007248,GASEOSA LIMA LIMON,SPRIT,Bebidas,Gaseosas,""
7790895064364,GASEOSA LIMA LIMON S AZUCAR SPRITE LATA X 354 CC,SPRITE ZERO,Bebidas,Gaseosas,""
7790895012327,GASEOSA LIMA LIMON SPRITE SIN AZUCAR 1.75 LT,SPRITE ZERO,Bebidas,Gaseosas,""
7791813434412,GASEOSA LIMON FREE,SEVEN,Bebidas,Gaseosas,""
7790639003475,GASEOSA NARANJA,CUNNI,Bebidas,Gaseosas,""
7790895000454,GASEOSA NARANJA,FANTA,Bebidas,Gaseosas,""
7790895007255,GASEOSA NARANJA,FANTA,Bebidas,Gaseosas,""
7791813420156,GASEOSA NARANJA,MIRIN,Bebidas,Gaseosas,""
7791813423157,GASEOSA NARANJA REGULAR MIRINDA PET X 2.25 LT,MIRINDA,Bebidas,Gaseosas,""
7790895002304,GASEOSA NARANJA S AZUCAR VIT C FANTA X 1.5 LT,FANTA,Bebidas,Gaseosas,""
7790895004308,GASEOSA NARANJA ZERO FANTA LATA X 354 CC,FANTA,Bebidas,Gaseosas,""
7791813828365,GASEOSA PEPSI BLACK,PEPSI,Bebidas,Gaseosas,""
7791813828372,GASEOSA PEPSI BLACK,PEPSI,Bebidas,Gaseosas,""
7791813080039,GASEOSA POM S AZ PASO DE LOS TOROS PET X1.5L,PASO DE LOS TOROS,Bebidas,Gaseosas,""
7791813420385,GASEOSA POMELO,PSOTO,Bebidas,Gaseosas,""
7790895007392,GASEOSA POMELO AMARI,CRUSH,Bebidas,Gaseosas,""
7790895643903,GASEOSA POMELO S/AZU,SCHWE,Bebidas,Gaseosas,""
7790639003857,GASEOSA POMELO SUAVE,CUNNINGTON,Bebidas,Gaseosas,""
7790895010095,GASEOSA POMELO ZERO,SCHWE,Bebidas,Gaseosas,""
7790895010088,GASEOSA SABOR POMELO,SCHWE,Bebidas,Gaseosas,""
7790895006715,GASEOSA SABOR TONICA,SCHWEPPES,Bebidas,Gaseosas,""
7791813800774,GASEOSA TONICA LATA,PASO DE LOS TOROS,Bebidas,Gaseosas,""
7791813421368,GASEOSA TONICA REG. PASO DE LOS TOROS PET X 1.5 LT,PASO DE LOS TOROS,Bebidas,Gaseosas,""
7790895642081,Gase Coca Cola Lata 220 Ml,COCA COLA,Bebidas,Gaseosas,""
7790895642104,Gase Coca Cola Sin Azucar Lata 220 Ml,Coca Cola,Bebidas,Gaseosas,""
7791813777021,SEVEN UP LATA,SEVEN,Bebidas,Gaseosas,""
7791813444381,"SEVEN UP REGULAR 0,5",SEVEN,Bebidas,Gaseosas,""
7790895000829,"SPRITE 0,5L",SPRIT,Bebidas,Gaseosas,""
7790895001000,"SPRITE 2,25L",SPRITE,Bebidas,Gaseosas,""
7790895064173,SPRITE S/ AZUCAR,SPZER,Bebidas,Gaseosas,""
7791813050582,gaseosa 7 UP Sin Azucar 354cc LAT-354-ml.,7 UP,Bebidas,Gaseosas,""
7790580423896,AR JUGO POL POM 18G,ARCOR,Bebidas,Jugos,""
7790580129910,ARCOR POLVO FRUTILLA 18GR,ARCOR,Bebidas,Jugos,""
7790580129712,ARCOR POLVO NARANJA DUL 18 G,ARCOR,Bebidas,Jugos,""
7790036002576,BAGGIO DURAZNO1500,BAGGIO,Bebidas,Jugos,""
7790036002545,BAGGIO MZN ROJA1500,BAGGIO,Bebidas,Jugos,""
7790036000589,BAGGIO PRONTO JUGO DURAZNO 200CC,BAGGIO,Bebidas,Jugos,""
7790036000336,BAGGIO PRONTO JUGO MANZANA ROJA 1LT,BAGGIO,Bebidas,Jugos,""
7790036000602,BAGGIO PRONTO JUGO MIXFRUTAL 200CC,BAGGIO,Bebidas,Jugos,""
7790036000596,BAGGIO PRONTO JUGO PERA 200CC,BAGGIO,Bebidas,Jugos,""
7798062545487,BRIO MULTIFRU 1500CC,BRIO,Bebidas,Jugos,""
7790895649257,CEP MIX FRUT MGO 300,CEPITA,Bebidas,Jugos,""
7790895649578,CEPITA FRU MGO 995,CEPITA,Bebidas,Jugos,""
7798085681650,CITRIC MANZANA 250CC,CITRIC,Bebidas,Jugos,""
7798085682091,CITRIC NARANJA,CITRIC,Bebidas,Jugos,""
7790895647369,DISC:CC CEPITA FRESH NARANJA 500ML,CEPITA,Bebidas,Jugos,""
7790895647376,DISC:CC CEPITA FRESH POMELO 500ML,CEPITA,Bebidas,Jugos,""
7798161722260,Detox Organico De Per-nar-espi-kale-jen BOT-330-cc.,LAS BRISAS,Bebidas,Jugos,""
7790365012963,FRESCOR JUGO DE POMELO NA 980CC,FRESCOR,Bebidas,Jugos,""
7790365012949,FRESCOR JUGO NARANJA 1LT,FRESCOR,Bebidas,Jugos,""
7790365013014,FRESCOR JUGO NARANJA DIET 980CC,FRESCOR,Bebidas,Jugos,""
7790365012956,FRESCOR JUGO POMELO AZUCARADO 1LT,FRESCOR,Bebidas,Jugos,""
7790260010026,GRANADINA DELLEPIANE x 750 BOT-750-ml.,DELLEPIANE,Bebidas,Jugos,""
7790895643491,HIC MANZ 2250CC,HI C,Bebidas,Jugos,""
7790580129392,J.ARCOR X18G.3FRUTAS,"",Bebidas,Jugos,""
7790895648441,JUG NARANJ TENTA 20%,CEPIT,Bebidas,Jugos,""
7622201703080,JUG PV MAN DE VIT CD,CLIGHT,Bebidas,Jugos,""
7622201703141,JUG PV NAR DU VIT CD,CLIGHT,Bebidas,Jugos,""
7790580129972,JUG PVO MANZANA ROJA,BC,Bebidas,Jugos,""
7790580129965,JUG PVO NARANJA DULC,BC,Bebidas,Jugos,""
7622202359934,JUG PVO POME HIBISCU,CLIGH,Bebidas,Jugos,""
7790895649264,"JUGO  MANDARINA ANANA, CEPITA, 1000 cm3",CEPITA,Bebidas,Jugos,""
7790895647123,JUGO  MULTIFRUTA,CEPITA,Bebidas,Jugos,""
7790580150433,JUGO ARCOR MANZANA,ARCOR,Bebidas,Jugos,""
7790580150440,JUGO ARCOR MULTIFRUTA,ARCOR,Bebidas,Jugos,""
7790580150426,JUGO ARCOR NARANJA,ARCOR,Bebidas,Jugos,""
7790580154226,JUGO BC MANZANA,BC,Bebidas,Jugos,""
7790580154257,JUGO BC MANZANA,BC,Bebidas,Jugos,""
7790580154233,JUGO BC MULTIFRUTA,BC,Bebidas,Jugos,""
7790580154264,JUGO BC MULTIFRUTA,BC,Bebidas,Jugos,""
7790580154219,JUGO BC NARANJA,BC,Bebidas,Jugos,""
7790580154240,JUGO BC NARANJA,BC,Bebidas,Jugos,""
0351895000737,JUGO CEPITA MULTIFRUTA X 200 CC,CEPITA,Bebidas,Jugos,""
7791913000210,JUGO CONCENTRADO DIET LIMON SALDAN X 1.5 LT,SALDAN,Bebidas,Jugos,""
7792410517348,JUGO CONCENTRADO GRANADINA CUSENIER X 750 CC,CUSENIER,Bebidas,Jugos,""
7798290581813,JUGO D/MANZANA SMUDIS TTB 1 LTR,SMUDIS,Bebidas,Jugos,""
7798290581738,JUGO D/POMELO SMUDIS TTB 1 LTR,SMUDIS,Bebidas,Jugos,""
7796435005859,JUGO DE ARANDANO X 500 CC,SIN MARCA,Bebidas,Jugos,""
7790895000720,JUGO DE MANZANA,CEPITA,Bebidas,Jugos,""
7798324540038,JUGO DE MANZANA,FRUGG,Bebidas,Jugos,""
7798085681636,JUGO DE MANZANA CITRIC TETRA X500CC,CITRIC,Bebidas,Jugos,""
7796435006030,JUGO DE MIX DE BERRIES X 500 CC,SIN MARCA,Bebidas,Jugos,""
7790895641596,JUGO DE NARANJA,CEPIT,Bebidas,Jugos,""
7798324540137,JUGO DE NARANJA,FRUGG,Bebidas,Jugos,""
8480017299079,JUGO DE NARANJA,DIA,Bebidas,Jugos,""
7798349430048,JUGO DE NARANJA 100%,LARAN,Bebidas,Jugos,""
7798085681841,JUGO DE NARANJA CLASICA CITRIC TETRA X 1.5 LT,CITRIC,Bebidas,Jugos,""
7798085681490,JUGO DE NARANJA CLASICA CITRIC TETRA X 3 LT,CITRIC,Bebidas,Jugos,""
7798085681452,JUGO DE NARANJA CLASICO CITRIC TETRA X 500 CC,CITRIC,Bebidas,Jugos,""
7798085681605,JUGO DE NARANJA FRUTILLA CITRIC TETRA X500CC,CITRIC,Bebidas,Jugos,""
7798085681612,JUGO DE NARANJA MANGO CITRIC TETRA X500 CC,CITRIC,Bebidas,Jugos,""
7798085681445,"JUGO DE NARANJA, CITRIC, 250 cm3",CITRIC,Bebidas,Jugos,""
7798085681971,JUGO DE NARANJA/MANGO CITRIC TTB 1 LTR,CITRIC,Bebidas,Jugos,""
7798324540045,JUGO DE PERA,FRUGG,Bebidas,Jugos,""
7798259439711,"JUGO DE PERA 100% EXPRIMIDO, PURA FRUTTA, 1000 cm3",PURA FRUTTA,Bebidas,Jugos,""
7798085681995,JUGO DE POMELO EXPRIMIDO CITRIC TETRA X 1 LT,CITRIC,Bebidas,Jugos,""
7798085681575,JUGO DE POMELO EXPRIMIDO CITRIC TETRA X500CC,CITRIC,Bebidas,Jugos,""
7798259439308,JUGO DETOX NARAN MANZ ZANA REMOL PURA FRUTTA X1LT,PURA FRUTTA,Bebidas,Jugos,""
8480017314901,JUGO DURAZ/MANZ/LIMO,DIA,Bebidas,Jugos,""
8480017259929,JUGO EN POLV NAR/BAN,DIA,Bebidas,Jugos,""
7622201703172,JUGO EN POLV POM ROS,CLIGHT,Bebidas,Jugos,""
7790580141516,JUGO EN POLVO ANAN ARCOR 15 GRS,ARCOR,Bebidas,Jugos,""
7622201745967,JUGO EN POLVO ANANA,TANG,Bebidas,Jugos,""
7622201717506,JUGO EN POLVO ANANA VERAO X 10 GRS,VERAO,Bebidas,Jugos,""
7790580142766,JUGO EN POLVO DURAZNO ARCOR X 15 GRS,ARCOR,Bebidas,Jugos,""
7790580143244,JUGO EN POLVO FRUTILLA ARCOR X 15 GRS,ARCOR,Bebidas,Jugos,""
7622201746490,JUGO EN POLVO FRUTILLA TANG X 15 GRS,TANG,Bebidas,Jugos,""
7622202311482,JUGO EN POLVO GALACTICO TANG SOBRE X 15 GRS,TANG,Bebidas,Jugos,""
7622202236846,JUGO EN POLVO LIMONADA ARANDANOS CLIGHT X 8 GRS,CLIGHT,Bebidas,Jugos,""
7790580143527,JUGO EN POLVO LIMONADA ARCOR X 15 GRS,ARCOR,Bebidas,Jugos,""
7622201705992,JUGO EN POLVO MANZAN,TANG,Bebidas,Jugos,""
7790580144142,JUGO EN POLVO MANZANA ARCOR X 15 GRS,ARCOR,Bebidas,Jugos,""
7622201717445,JUGO EN POLVO MANZANA VERAO X 10 GRS,VERAO,Bebidas,Jugos,""
7790580142490,JUGO EN POLVO MULTIFRUTA ARCOR X 15 GRS,ARCOR,Bebidas,Jugos,""
7622201702687,JUGO EN POLVO NAR MANGO CLIGHT X 7 GRS,CLIGHT,Bebidas,Jugos,""
7622201705961,JUGO EN POLVO NARANJ,TANG,Bebidas,Jugos,""
7622201745707,JUGO EN POLVO NARANJ DURAZNO TANG SOBRE X 15 GRS,TANG,Bebidas,Jugos,""
7790580143237,JUGO EN POLVO NARANJA ARCOR 15 GRS,ARCOR,Bebidas,Jugos,""
7790580141509,JUGO EN POLVO NARANJA BANANA ARCOR 15 GRS,ARCOR,Bebidas,Jugos,""
7790580141943,JUGO EN POLVO NARANJA DURAZNO ARCOR 15 GRS,ARCOR,Bebidas,Jugos,""
7622201717476,JUGO EN POLVO NARANJA DURAZNO VERAO X 10 GRS,VERAO,Bebidas,Jugos,""
7790580143763,JUGO EN POLVO NARANJA MANGO ARCOR 15 GRS,ARCOR,Bebidas,Jugos,""
7622201717414,JUGO EN POLVO NARANJA VERAO X 10 GRS,VERAO,Bebidas,Jugos,""
7622201702717,JUGO EN POLVO NJA DURAZ CLIGHT X 7.5 GRS,CLIGHT,Bebidas,Jugos,""
7622201745738,JUGO EN POLVO PERA TANG X 15 GRS,TANG,Bebidas,Jugos,""
7622201735340,JUGO EN PVO NAR DULC,TANG,Bebidas,Jugos,""
7798324540014,JUGO FRUGGINA MANZANA,FRUGGINA,Bebidas,Jugos,""
7798324540021,JUGO FRUGGINA MANZANA,FRUGGINA,Bebidas,Jugos,""
7798324540069,JUGO FRUGGINA MANZANA ROJ,FRUGGINA,Bebidas,Jugos,""
7798324540083,JUGO FRUGGINA MANZANA ROJ,FRUGGINA,Bebidas,Jugos,""
7798324540106,JUGO FRUGGINA MANZANA VER,FRUGGINA,Bebidas,Jugos,""
7798324540113,JUGO FRUGGINA MANZANA VER,FRUGGINA,Bebidas,Jugos,""
7798324540052,JUGO FRUGGINA PERA,FRUGGINA,Bebidas,Jugos,""
7798324540076,JUGO FRUGGINA PERA,FRUGGINA,Bebidas,Jugos,""
7798259439223,JUGO KIWI MANZANA PURA FRUTTA TETRA X 1 LT,PURA FRUTTA,Bebidas,Jugos,""
8480017298171,JUGO LIM ZAN NAR DUR,DIA,Bebidas,Jugos,""
7798161722833,JUGO LIVIANO MULTIFRUTA ORGANICO LAS BRI,SIN MARCA,Bebidas,Jugos,""
8480017314925,JUGO MANZ/LIMO/FRUTI,DIA,Bebidas,Jugos,""
7790154008290,JUGO MANZANA,DEL V,Bebidas,Jugos,""
7790154008368,JUGO MANZANA,DEL V,Bebidas,Jugos,""
8480017298164,JUGO MANZANA ARANDAN,DIA,Bebidas,Jugos,""
7790580430504,JUGO MANZANA ARCOR TETRA X 200ML,ARCOR,Bebidas,Jugos,""
8480017002815,JUGO MANZANA BRICK,DIA,Bebidas,Jugos,""
7790036000572,JUGO MANZANA C/VIT,BAGGI,Bebidas,Jugos,""
7798259439605,JUGO MANZANA KIDS PURA FRUTTA TETRA X 250ML,FRUTAPURA,Bebidas,Jugos,""
7790895647017,JUGO MANZANA ROJA,CEPITA,Bebidas,Jugos,""
7798259430138,JUGO MANZANA ROJA PURA FRUTTA TETRA X 1 LT,PURA FRUTTA,Bebidas,Jugos,""
7790895649561,JUGO MIX ANANÁ MANDARINA CEPITA BOT 995 ML,CEPITA,Bebidas,Jugos,""
7798259439612,"JUGO MULTFRUTA KIDS, PURA FRUTTA, 250 cm3",PURA FRUTTA,Bebidas,Jugos,""
8480017222800,JUGO MULTIFR BRICK,DIA,Bebidas,Jugos,""
7790036000619,JUGO MULTIFRUT C/VIT,BAGGI,Bebidas,Jugos,""
7790154008306,JUGO MULTIFRUTA,DEL VALLE,Bebidas,Jugos,""
7790154008351,JUGO MULTIFRUTA,DEL V,Bebidas,Jugos,""
7790895000737,JUGO MULTIFRUTA,CEPITA,Bebidas,Jugos,""
7798259439506,JUGO MULTIFRUTA PURA FRUTTA TETRA X 1 LT,PURA FRUTTA,Bebidas,Jugos,""
8480017298188,JUGO MZN ANA NARA TE,DIA,Bebidas,Jugos,""
8480017298157,JUGO MZN LIMO FRUTIL,DIA,Bebidas,Jugos,""
7790154008283,JUGO NARANJA,DEL VALLE,Bebidas,Jugos,""
7790154008375,JUGO NARANJA,DEL V,Bebidas,Jugos,""
7790895643842,JUGO NARANJA,ADES,Bebidas,Jugos,""
7790895646560,JUGO NARANJA,CEPIT,Bebidas,Jugos,""
7798259439902,"JUGO NARANJA 100% EXP., PURA FRUTTA, 2000 cm3",PURA FRUTTA,Bebidas,Jugos,""
8480017006912,JUGO NARANJA BRICK,DIA,Bebidas,Jugos,""
7798085681834,JUGO NARANJA C/PULPA,CITRIC,Bebidas,Jugos,""
7790036000565,JUGO NARANJA C/VITAM,BAGGI,Bebidas,Jugos,""
7798259439629,"JUGO NARANJA SALUSTIANA KIDS, PURA FRUTTA, 250 cm3",PURA FRUTTA,Bebidas,Jugos,""
7790895641800,JUGO NARANJA TENTACI,CEPIT,Bebidas,Jugos,""
7799054086742,JUGO NAT MANZANA X 200 ML,NAT,Bebidas,Jugos,""
7799054086759,JUGO NAT MULTIFRUTA X 200 ML,NAT,Bebidas,Jugos,""
7798290581837,JUGO NATURAL ANANA BANA FRUT SMUDIS BRICK X 500 CC,SMUDIS,Bebidas,Jugos,""
7790895641749,"JUGO NATURAL ANANA TROPIC, CEPITA, 1500 cm3",CEPITA,Bebidas,Jugos,""
7798290581752,JUGO NATURAL DE NARANJA SMUDIS BRICK X 1 LT,SMUDIS,Bebidas,Jugos,""
7790895641534,JUGO NATURAL DURAZNO DELICIOSO CEPITA PET X 1.5 LT,CEPITA,Bebidas,Jugos,""
7790895648427,JUGO NATURAL DURAZNO DELICIOSO CEPITA PET X 995 CC,CEPITA,Bebidas,Jugos,""
7790895009846,"JUGO NATURAL DURAZNO DELICIOSO PET, CEPITA, 1000 cm3",CEPITA,Bebidas,Jugos,""
7790895002991,JUGO NATURAL DURAZNO NUTRI DEFENSAS CEPITA X 200CC,CEPITA,Bebidas,Jugos,""
7790036000343,"JUGO NATURAL DURAZNO, BAGGIO PRONTO, 1000 cm3",BAGGIO PRONTO,Bebidas,Jugos,""
7790895009853,"JUGO NATURAL MANZANA PET, CEPITA, 1000 cm3",CEPITA,Bebidas,Jugos,""
7798290581806,JUGO NATURAL MANZANA SMUDIS BRICK X 500 CC,SMUDIS,Bebidas,Jugos,""
7790036000367,"JUGO NATURAL MIX FRUTAL, BAGGIO PRONTO, 1000 cm3",BAGGIO PRONTO,Bebidas,Jugos,""
7798085682107,JUGO NATURAL MULTIFRUTA KIDS CITRIC TETRA X 200 CC,CITRIC,Bebidas,Jugos,""
7790036000466,"JUGO NATURAL MULTIFRUTAL, BAGGIO PRONTO, 1000 cm3",BAGGIO PRONTO,Bebidas,Jugos,""
7798290581790,JUGO NATURAL NARANJ FRUTILLA SMUDIS BRICK X 1 LT,SMUDIS,Bebidas,Jugos,""
7790895649301,JUGO NATURAL NARANJA 25 CEPITA BRICK X 200 CC,CEPITA,Bebidas,Jugos,""
7798290581783,JUGO NATURAL NARANJA FRUTILLA SMUDIS X 500 CC,SMUDIS,Bebidas,Jugos,""
7790895643507,JUGO NATURAL NARANJA PET HI C X 2.25 LT,HI-C,Bebidas,Jugos,""
7798290581745,JUGO NATURAL NARANJA SMUDIS BRICK X 500 CC,SMUDIS,Bebidas,Jugos,""
7790895641794,JUGO NATURAL NARANJA TENTACION CEPITA PET X 300 CC,CEPITA,Bebidas,Jugos,""
7790036000329,"JUGO NATURAL NARANJA, BAGGIO PRONTO, 1000 cm3",BAGGIO PRONTO,Bebidas,Jugos,""
7798290581721,JUGO NATURAL POMELO SMUDIS BRICK X 500 CC,SMUDIS,Bebidas,Jugos,""
7798259439353,JUGO ORGÁNICO GREEN DETOX PURA FRUTTA TTB 1 LTR,PURA FRUTTA,Bebidas,Jugos,""
7790580129637,JUGO POLVO FRUTI LIMONAD BC LA CAMPAGNOLA X 7G,BC LA CAMPAGNOLA,Bebidas,Jugos,""
7790580129941,JUGO POLVO LIMONADA,BC,Bebidas,Jugos,""
7622201733865,JUGO POLVO MANDARINA,TANG,Bebidas,Jugos,""
7790580129958,JUGO POLVO MANGO NARANJA BC LA CAMPAGNOLA X 7G,BC,Bebidas,Jugos,""
7790580132774,JUGO POLVO NARANJA BC LA CAMPAGNOLA X 7 GRS,BC LA CAMPAGNOLA,Bebidas,Jugos,""
0707273375995,JUGO POMELO X 500CC ESTANCIA LOS NARANJOS,S/D,Bebidas,Jugos,""
7790036115122,JUGO PURO DE NARANJA MOCORETA 1500CC,MOCORETA,Bebidas,Jugos,""
7622201702656,JUGO PV LIMONA VIT,CLIGHT,Bebidas,Jugos,""
7622201703059,JUGO PV MAN VER VIT,CLIGH,Bebidas,Jugos,""
7622201704148,JUGO PV MANDARI VIT,CLIGH,Bebidas,Jugos,""
7622201703110,JUGO PV NAR VIT CD,CLIGHT,Bebidas,Jugos,""
7622201702625,JUGO PVO ANANA VIT,CLIGHT,Bebidas,Jugos,""
8480017558343,JUGO PVO LIGHT NARAN,DIA,Bebidas,Jugos,""
8480017558374,JUGO PVO LIGHT POMEL,DIA,Bebidas,Jugos,""
7622201735685,JUGO PVO LIMONADA DU,TANG,Bebidas,Jugos,""
8480017259950,JUGO PVO MANDARINA,DIA,Bebidas,Jugos,""
7622201735715,JUGO PVO MULTIFRUTA,TANG,Bebidas,Jugos,""
7622201735777,JUGO PVO NARAN/BANAN,TANG,Bebidas,Jugos,""
7622201735371,JUGO PVO NARAN/MANGO,TANG,Bebidas,Jugos,""
8480017259943,JUGO PVO NARANJ/MANG,DIA,Bebidas,Jugos,""
7622201735746,JUGO PVO POM ROSADO,TANG,Bebidas,Jugos,""
7622201746117,JUGO PVO UVA,TANG,Bebidas,Jugos,""
8480017192578,JUGO SAB MANZANA,DIA,Bebidas,Jugos,""
7790895648267,JUGO SAB NARAN TENTA,CEPIT,Bebidas,Jugos,""
7798290582551,JUGO SAB.XTREME ACIDO TUTTI TTB 200 ML,TUTTI,Bebidas,Jugos,""
7798290582568,"JUGO SABOR CHICLE, TUTTI, 200 cm3",TUTTI,Bebidas,Jugos,""
8480017192820,JUGO SABOR MULTIFRUT,DIA,Bebidas,Jugos,""
7790895009815,JUGO SABOR NARANJA,CEPIT,Bebidas,Jugos,""
7798290581868,"JUGO SABOR UVA, TUTTI, 200 cm3",TUTTI,Bebidas,Jugos,""
7791913000951,JUGO SALDAN NARANJA,SALDAN,Bebidas,Jugos,""
7791913000968,JUGO SALDAN POMELO,SALDAN,Bebidas,Jugos,""
0707273375971,JUGO X 500 CC NARANJA ESTANCIA LOS NARANJOS,S/D,Bebidas,Jugos,""
0707273376091,JUGO X 500 LIMON MENTA JENG. EST. LOS NARANJOS,S/D,Bebidas,Jugos,""
0707273375988,JUGO X 500 NJA CON FRUTILLA ESTANCIA LOS NARANJOS,S/D,Bebidas,Jugos,""
7798290580083,JUGOS MANZANA BRICK,TUTTI,Bebidas,Jugos,""
7798290580090,JUGOS MANZANA BRICK,TUTTI,Bebidas,Jugos,""
7798290580113,JUGOS MULTIFRUTA,TUTTI,Bebidas,Jugos,""
7798290580120,JUGOS MULTIFRUTA BRI,TUTTI,Bebidas,Jugos,""
7798290580052,JUGOS NARANJA BRICK,TUTTI,Bebidas,Jugos,""
7798290581691,JUGOS NARANJA BRICK,TUTTI,Bebidas,Jugos,""
7798085681933,Jugo CITRIC Durazno PB 1L BRK-1000-ml.,CITRIC,Bebidas,Jugos,""
7798085681957,Jugo CITRIC Frutilla PB 1L BRK-1000-ml.,CITRIC,Bebidas,Jugos,""
7798085681803,Jugo CITRIC Naranja  Zanahoria 1L Tetra BRK-1000-ml.,CITRIC,Bebidas,Jugos,""
7798085681810,Jugo CITRIC Naranja Frutilla y Remola 1L BRK-1000-ml.,CITRIC,Bebidas,Jugos,""
7790895641541,Jugo Cepita Bot Durazno 300 Ml,CEPITA,Bebidas,Jugos,""
7790895004926,Jugo Cepita Bot Manzana 300 Ml,Cepita,Bebidas,Jugos,""
7798085681537,Jugo Citric Manzana 1L BRK-1000-ml.,CITRIC,Bebidas,Jugos,""
7798085681599,Jugo Citric Nar-Dur 500ml BRK-500-ml.,CITRIC,Bebidas,Jugos,""
7798085681469,Jugo Citric Naranja 750ml BRK-750-ml.,CITRIC,Bebidas,Jugos,""
7798085681568,Jugo Citric Naranja S/pulpa 1L BRK-1000-ml.,CITRIC,Bebidas,Jugos,""
7798085681513,Jugo Citric Pomelo 1L BRK-1000-ml.,CITRIC,Bebidas,Jugos,""
7796435000335,Jugo GERGAL - Arandanos BOT-0.48-lt.,GERGAL,Bebidas,Jugos,""
7798140271031,Jugo GERGAL - Arandanos BOT-0.48-lt.,GERGAL,Bebidas,Jugos,""
7796435000342,Jugo GERGAL - Arandanos diet BOT-0.48-lt.,GERGAL,Bebidas,Jugos,""
7796435005866,Jugo GERGAL - Arandanos diet BOT-0.48-lt.,GERGAL,Bebidas,Jugos,""
7796435005996,Jugo GERGAL - Arandanos diet BOT-0.48-lt.,GERGAL,Bebidas,Jugos,""
7798140271116,Jugo GERGAL - Arandanos diet BOT-0.48-lt.,GERGAL,Bebidas,Jugos,""
0736211846181,Jugo GERGAL - Frutilla y frambuesa BOT-0.48-lt.,GERGAL,Bebidas,Jugos,""
7796435000373,Jugo GERGAL - Frutilla y frambuesa BOT-0.48-lt.,GERGAL,Bebidas,Jugos,""
7796435006047,Jugo GERGAL - Frutilla y frambuesa BOT-0.48-lt.,GERGAL,Bebidas,Jugos,""
7796435005958,Jugo GERGAL - Manzana verde y limon BOT-0.48-lt.,GERGAL,Bebidas,Jugos,""
7796435005965,Jugo GERGAL - Zanahoria y naranja BOT-0.48-lt.,GERGAL,Bebidas,Jugos,""
7798161722178,Jugo LAS BRISAS - Arándano sin azucar BOT-330-cc.,LAS BRISAS,Bebidas,Jugos,""
7798161722192,Jugo LAS BRISAS - Manzana sin azucar BOT-330-cc.,LAS BRISAS,Bebidas,Jugos,""
7798161722185,Jugo LAS BRISAS - Naranja sin azucar BOT-330-cc.,LAS BRISAS,Bebidas,Jugos,""
7798161721270,Jugo LAS BRISAS BOT-910-ml.,LAS BRISAS,Bebidas,Jugos,""
7798161722932,Jugo LAS BRISAS BOT-910-ml.,LAS BRISAS,Bebidas,Jugos,""
0707273376077,Jugo LOS NARANJOS - Naranja ananá BOT-0.5-lt.,ESTANCIA LOS NARANJOS,Bebidas,Jugos,""
0707273376145,Jugo LOS NARANJOS - Naranja durazno BOT-0.5-lt.,ESTANCIA LOS NARANJOS,Bebidas,Jugos,""
0707273376138,Jugo LOS NARANJOS - Naranja maracuya BOT-0.5-lt.,ESTANCIA LOS NARANJOS,Bebidas,Jugos,""
7798259439209,Jugo Manzana Organico PURA FRUTTA 1L BRK-1000-ml.,PURA FRUTTA,Bebidas,Jugos,""
7796435007044,"Jugo NADA MAS QUE - lima, limon, menta BOT-0.47-lt.",NADA MAS QUE,Bebidas,Jugos,""
7796435007129,"Jugo NADA MAS QUE - lima, limon, menta BOT-0.47-lt.",NADA MAS QUE,Bebidas,Jugos,""
7796435006917,Jugo NADA MAS QUE - manzana naranja BOT-0.47-lt.,NADA MAS QUE,Bebidas,Jugos,""
7796435007020,"Jugo NADA MAS QUE - manzana, zanahoria BOT-0.47-lt.",NADA MAS QUE,Bebidas,Jugos,""
7796435006863,Jugo NADA MAS QUE - naranja durazno BOT-0.47-lt.,NADA MAS QUE,Bebidas,Jugos,""
7796435007013,"Jugo NADA MAS QUE - naranja, manzana BOT-0.47-lt.",NADA MAS QUE,Bebidas,Jugos,""
7796435007051,"Jugo NADA MAS QUE - naranjas, arandanos BOT-0.47-lt.",NADA MAS QUE,Bebidas,Jugos,""
7798259439087,Jugo Naranja Pura Frutta 1L BRK-1000-ml.,PURA FRUTTA,Bebidas,Jugos,""
7798259439537,Jugo Naranja Salustiana PURA FRUTTA 1L BRK-1000-ml.,PURA FRUTTA,Bebidas,Jugos,""
7798259439100,Jugo exprimido PURA FRUTTA ARANDANOS MAN BRK-1000-ml.,PURA FRUTTA,Bebidas,Jugos,""
7798259439094,Jugo exprimido PURA FRUTTA FRUTILLA MANZ BRK-1000-ml.,PURA FRUTTA,Bebidas,Jugos,""
7798259430084,Jugo exprimido PURA FRUTTA-manzana verde BRK-1000-ml.,PURA FRUTTA,Bebidas,Jugos,""
7798161722840,Jugo orga LAS BRISAS - Limon y jengibre BOT-0.5-lt.,LAS BRISAS,Bebidas,Jugos,""
7798161722826,Jugo organico LAS BRISAS - Manzana BOT-0.5-lt.,LAS BRISAS,Bebidas,Jugos,""
7798161722819,Jugo organico LAS BRISAS - Naranja BOT-0.5-lt.,LAS BRISAS,Bebidas,Jugos,""
7798161722154,Jugo organico LAS BRISAS - arándano BOT-330-cc.,LAS BRISAS,Bebidas,Jugos,""
7798161722109,Jugo organico LAS BRISAS - limon y menta BOT-330-cc.,LAS BRISAS,Bebidas,Jugos,""
7796435006450,Limonada GERGAL BOT-500-ml.,GERGAL,Bebidas,Jugos,""
7798161722772,Limonada LAS BRISAS - Frutos del bosque BOT-0.5-lt.,LAS BRISAS,Bebidas,Jugos,""
7798161722796,Limonada organica LAS BRISAS - Hibiscus BOT-0.5-lt.,LAS BRISAS,Bebidas,Jugos,""
7798161722789,Limonada organica LAS BRISAS con cúrcuma BOT-0.5-lt.,LAS BRISAS,Bebidas,Jugos,""
7796435006900,MANZ FRU LIM,NO APLICA MARCA,Bebidas,Jugos,""
7798259430282,PF MANZAN KISSABEL1L,PURA FRUTTA,Bebidas,Jugos,""
7790580143008,POLVO ARCOR NARANJA DULCE,ARCOR,Bebidas,Jugos,""
7790580131784,POLVO BC LIMONADA,BC,Bebidas,Jugos,""
7790580130381,POLVO BC MULTIFRUTA,BC,Bebidas,Jugos,""
7798290581820,SMUDIS ANA BAN FRU1L,SMUDIS,Bebidas,Jugos,""
7790365013458,VIRARO BIDON JUGO NARANJA 5LT,VIRARO,Bebidas,Jugos,""
7798085681209,jugo CITRIC Limonada Menta 1lts BRK-1000-ml.,CITRIC,Bebidas,Jugos,""
7798085681216,jugo CITRIC Pomelo c/Menta 1lts BRK-1000-ml.,CITRIC,Bebidas,Jugos,""
7790154008313,jugo DEL VALLE Durazno 1lt BRK-1000-ml.,DEL VALLE,Bebidas,Jugos,""
7790580129620,jugo en polvo BC Anana 7gr SOB-7-gr.,BC,Bebidas,Jugos,""
7790580129385,jugo en polvo BC Multifruta 7gr SOB-7-gr.,BC,Bebidas,Jugos,""
7790580129880,jugo en polvo BC Naranja Durazno 7gr SOB-7-gr.,BC,Bebidas,Jugos,""
7790580129576,jugo en polvo BC Pomelo Amarillo 7gr SOB-7.091-gr.,BC,Bebidas,Jugos,""
7790580129644,jugo en polvo BC Pomelo Rosado 7gr SOB-7.091-gr.,BC,Bebidas,Jugos,""
7622201682026,jugo en polvo CLIGHT Lim Ros VTC+D 7.5gr SOB-9-gr.,CLIGHT,Bebidas,Jugos,""
7622201733834,jugo en polvo CLIGHT Limon Maracuy 7.5gr SOB-7.5-gr.,CLIGHT,Bebidas,Jugos,""
7622201703202,jugo en polvo CLIGHT Pera 7gr SOB-7-gr.,CLIGHT,Bebidas,Jugos,""
7622201746018,jugo en polvo TANG Mix Nja Limon 15gr SOB-15-gr.,TANG,Bebidas,Jugos,""
7622201745936,jugo en polvoTANG Durazno 15gr SOB-15-gr.,TANG,Bebidas,Jugos,""
7790580141981,jugo listo ARCOR Manzana 1lt BRK-1000-ml.,ARCOR,Bebidas,Jugos,""
7790580142018,jugo listo ARCOR Multifruta 1lt BRK-1000-ml.,ARCOR,Bebidas,Jugos,""
7790580105389,jugo listo ARCOR Mutifruta 200cc BRK-200-ml.,ARCOR,Bebidas,Jugos,""
7790580150419,jugo listo ARCOR Mutifruta 200cc BRK-200-ml.,ARCOR,Bebidas,Jugos,""
7790580141967,jugo listo ARCOR Naranja 1lt BRK-1000-ml.,ARCOR,Bebidas,Jugos,""
7790580005405,jugo listo ARCOR Naranja 200cc BRK-200-ml.,ARCOR,Bebidas,Jugos,""
7790580150396,jugo listo ARCOR Naranja 200cc BRK-200-ml.,ARCOR,Bebidas,Jugos,""
7793360106040,jugo listo BC Manzana 1lt BRK-1000-ml.,LA CAMPAGNOLA,Bebidas,Jugos,""
7793360475108,jugo listo BC Manzana 1lt BRK-1000-ml.,LA CAMPAGNOLA,Bebidas,Jugos,""
7793360106101,jugo listo BC Manzana 200cc BRK-200-ml.,LA CAMPAGNOLA,Bebidas,Jugos,""
7793360294600,jugo listo BC Manzana 200cc BRK-200-ml.,LA CAMPAGNOLA,Bebidas,Jugos,""
7793360106002,jugo listo BC Multifruta 1lt BRK-1000-ml.,LA CAMPAGNOLA,Bebidas,Jugos,""
7793360475207,jugo listo BC Multifruta 1lt BRK-1000-ml.,LA CAMPAGNOLA,Bebidas,Jugos,""
7793360106064,jugo listo BC Multifruta 200cc BRK-200-ml.,LA CAMPAGNOLA,Bebidas,Jugos,""
7793360296000,jugo listo BC Multifruta 200cc BRK-200-ml.,LA CAMPAGNOLA,Bebidas,Jugos,""
7793360106033,jugo listo BC Naranja 1lt BRK-1000-ml.,LA CAMPAGNOLA,Bebidas,Jugos,""
7793360475009,jugo listo BC Naranja 1lt BRK-1000-ml.,LA CAMPAGNOLA,Bebidas,Jugos,""
7793360106095,jugo listo BC Naranja 200cc BRK-200-ml.,LA CAMPAGNOLA,Bebidas,Jugos,""
7793360246609,jugo listo BC Naranja 200cc BRK-200-ml.,LA CAMPAGNOLA,Bebidas,Jugos,""
7790895641732,jugo listo CEPITA Anana 300cc PET-300-ml.,CEPITA,Bebidas,Jugos,""
7790895646737,jugo listo CEPITA FRESH Naranja 1.5lt BOT-1500-ml.,CEPITA,Bebidas,Jugos,""
7790895646775,jugo listo CEPITA FRESH Pomelo 1.5lt BOT-1500-ml.,CEPITA,Bebidas,Jugos,""
7790895004933,jugo listo CEPITA Manzana 1.5lt PET-1500-ml.,CEPITA,Bebidas,Jugos,""
7791540071676,jugo listo CEPITA Manzana 1lt BRK-1000-ml.,CEPITA,Bebidas,Jugos,""
7790895647024,jugo listo CEPITA Manzana 200cc BRK-200-ml.,CEPITA,Bebidas,Jugos,""
7790895065217,jugo listo CEPITA Multifruta 1lt BRK-1000-ml.,CEPITA,Bebidas,Jugos,""
7790895647130,jugo listo CEPITA Multifruta 200cc BRK-200-ml.,CEPITA,Bebidas,Jugos,""
7790895642029,jugo listo CEPITA Naranja 300cc PET-300-ml.,CEPITA,Bebidas,Jugos,""
7790154008344,jugo listo DEL VALLE Durazno 200cc BRK-200-ml.,DEL VALLE,Bebidas,Jugos,""
7798290580151,jugo listo TUTTI Durazno 1lt BRK-1000-ml.,TUTTI,Bebidas,Jugos,""
7798290580144,jugo listo TUTTI Durazno 200cc BRK-200-ml.,TUTTI,Bebidas,Jugos,""
7790704070210,CHAMPANA EXTRA BRUT SUTER X 750 CC,SUTER,Bebidas,Vinos y espumantes,""
7790975000022,Champaña MERCIER extra brut BOT-750-ml.,MERCIER,Bebidas,Vinos y espumantes,""
7790975000046,Champaña MERCIER rosado BOT-750-ml.,MERCIER,Bebidas,Vinos y espumantes,""
7790070761026,ESPUMANTE BRUT NATURE NIETO SENETINER X 750 CC,NIETO SENETINER,Bebidas,Vinos y espumantes,""
7790070761002,ESPUMANTE BRUT ROSE EMILIA BOT X 750 CC,EMILIA,Bebidas,Vinos y espumantes,""
7798000210521,FABRE MONTMAYOU MALBEC CABERNET FRANC,FABRE MONTMAYOU,Bebidas,Vinos y espumantes,""
7790805000376,HUMBERTO CANALE ESTATE CABERNET,HUMBERTO CANALE,Bebidas,Vinos y espumantes,""
7790805120043,HUMBERTO CANALE ESTATE MALBEC 750CC,HUMBERTO CANALE,Bebidas,Vinos y espumantes,""
7791728002690,VINO ALAMBRADO MALBEC,ALAMBRADO,Bebidas,Vinos y espumantes,""
7792319972743,VINO BLANC DE BLANCS,SEXYF,Bebidas,Vinos y espumantes,""
7798000213553,VINO BLANCO CHARDONNAY FABRE MONTMAYOU X 750 CC,FABRE MONTMAYOU,Bebidas,Vinos y espumantes,""
7791203000029,VINO BLANCO CHARDONNAY LUIGI BOSCA X 750 CC,LUIGI BOSCA,Bebidas,Vinos y espumantes,""
7792319972224,VINO BLANCO DULCE,COSEC,Bebidas,Vinos y espumantes,""
7798108834155,VINO BLANCO DULCE,CALLI,Bebidas,Vinos y espumantes,""
7791540044502,VINO BONARDA MALBEC,DADA,Bebidas,Vinos y espumantes,""
7790240002010,VINO CABER-SAUVIGNON,FDCAV,Bebidas,Vinos y espumantes,""
7790240128574,VINO CABER-SAUVIGNON,FLMOR,Bebidas,Vinos y espumantes,""
7798074864798,VINO CABERN SAUVIGNO,PORTILLO,Bebidas,Vinos y espumantes,""
7790189021011,VINO CABERN-SAUVIGNO,ELEMENTOS,Bebidas,Vinos y espumantes,""
7791843008935,VINO CABERNET,NAMPE,Bebidas,Vinos y espumantes,""
7790070760562,VINO CABERNET SAUVIG,BENJA,Bebidas,Vinos y espumantes,""
7790070760760,VINO CABERNET SAUVIG,EMILIA,Bebidas,Vinos y espumantes,""
7790240042085,VINO CABERNET SAUVIG,ALMA MORA,Bebidas,Vinos y espumantes,""
7791540047855,VINO CABERNET SAUVIG,DADA,Bebidas,Vinos y espumantes,""
7790070760555,VINO CHARDONNAY,BENJA,Bebidas,Vinos y espumantes,""
7791540050831,VINO CHARDONNAY,LOSIN,Bebidas,Vinos y espumantes,""
7798123970685,VINO CHARDONNAY RESERVA LAS PERDICES BOT 750 ML,LAS PERDICES,Bebidas,Vinos y espumantes,""
7791728247091,VINO CHENIN,STAJU,Bebidas,Vinos y espumantes,""
7790168904373,VINO COLON SELECTO ROS DU,COLON,Bebidas,Vinos y espumantes,""
7790240017045,VINO FINO MALBEC,ALARIS,Bebidas,Vinos y espumantes,""
7790070760579,VINO MALBEC,BENJA,Bebidas,Vinos y espumantes,""
7790070760876,VINO MALBEC,NIETO,Bebidas,Vinos y espumantes,""
7790240042108,VINO MALBEC,ALMA MORA,Bebidas,Vinos y espumantes,""
7791540049347,VINO MALBEC,LOS INTOCABLES,Bebidas,Vinos y espumantes,""
7791843009130,VINO MALBEC,ESTAT,Bebidas,Vinos y espumantes,""
7798074864675,VINO MALBEC,PORTILLO,Bebidas,Vinos y espumantes,""
7794450090492,VINO MALBEC CABERNET,DV CA,Bebidas,Vinos y espumantes,""
7790703204968,VINO RED,DONVA,Bebidas,Vinos y espumantes,""
7794450000149,VINO RED BLEND VINEY,NICASIA,Bebidas,Vinos y espumantes,""
7792319972774,VINO RESERVA MALBEC,NORTO,Bebidas,Vinos y espumantes,""
7798074864774,VINO SAUVIGNON BLANC,PORTILLO,Bebidas,Vinos y espumantes,""
7790314079849,VINO TINTO,TORO,Bebidas,Vinos y espumantes,""
7791540053351,VINO TINTO BRIK,TERMIDOR,Bebidas,Vinos y espumantes,""
7790093521775,VINO TINTO CABERNET,CFYTE,Bebidas,Vinos y espumantes,""
7794450003645,VINO TINTO CABERNET FRANC EL ENEMIGO X 750 CC,EL ENEMIGO,Bebidas,Vinos y espumantes,""
7794450000156,VINO TINTO CABERNET FRANC NICASIA X 750 CC,NICASIA,Bebidas,Vinos y espumantes,""
7790577001663,VINO TINTO CABERNET MALBEC RUTINI X 750 CC,RUTINI,Bebidas,Vinos y espumantes,""
7790577039949,VINO TINTO CABERNET MERLOT RUTINI X 750 CC,RUTINI,Bebidas,Vinos y espumantes,""
7790189042030,VINO TINTO CABERNET SAUV RESERVA DON DAVID X 750C,DON DAVID,Bebidas,Vinos y espumantes,""
7798000213522,VINO TINTO CABERNET SAUVIG FABRE MONTMAYOU X 750CC,FABRE MONTMAYOU,Bebidas,Vinos y espumantes,""
7790070760937,VINO TINTO CABERNET SAUVIGNON DON NICANOR X 750 CC,DON NICANOR,Bebidas,Vinos y espumantes,""
7791203001248,VINO TINTO CABERNET SAUVIGNON LUIGI BOSCA X 750 CC,LUIGI BOSCA,Bebidas,Vinos y espumantes,""
7790577039987,VINO TINTO CABERNET SYRAH RUTINI X 750 CC,RUTINI,Bebidas,Vinos y espumantes,""
7791728248265,VINO TINTO DULCE,STJUL,Bebidas,Vinos y espumantes,""
7792319972231,VINO TINTO DULCE,NORTO,Bebidas,Vinos y espumantes,""
7790945007228,VINO TINTO GRAN MALBEC NINA BOT X 750 CC,NINA,Bebidas,Vinos y espumantes,""
7791540999789,VINO TINTO MALB DOUBLE OAK LOS INTOCABLES X 750 CC,LOS INTOCABLES,Bebidas,Vinos y espumantes,""
7790093521782,VINO TINTO MALBEC,CFYTE,Bebidas,Vinos y espumantes,""
7791728247114,VINO TINTO MALBEC,STAJU,Bebidas,Vinos y espumantes,""
7794450088581,VINO TINTO MALBEC,SAINT FELICIEN,Bebidas,Vinos y espumantes,""
7794450008275,VINO TINTO MALBEC ALTA ANGELICA ZAPATA X 750 CC,ANGELICA ZAPATA,Bebidas,Vinos y espumantes,""
7790975017013,VINO TINTO MALBEC ALTOS DEL PLATA X 750 CC,TERRAZAS,Bebidas,Vinos y espumantes,""
7792319972675,VINO TINTO MALBEC DOC NORTON X 750 CC,NORTON,Bebidas,Vinos y espumantes,""
7790070760920,VINO TINTO MALBEC DON NICANOR X 750 CC,DON NICANOR,Bebidas,Vinos y espumantes,""
7794450000972,VINO TINTO MALBEC EL ENEMIGO X 750 CC,EL ENEMIGO,Bebidas,Vinos y espumantes,""
7798000213515,VINO TINTO MALBEC FABRE MONTMAYOU X 750 CC,FABRE MONTMAYOU,Bebidas,Vinos y espumantes,""
7791203001231,VINO TINTO MALBEC LUIGI BOSCA X 750 CC,LUIGI BOSCA,Bebidas,Vinos y espumantes,""
7790240096767,VINO TINTO MALBEC PURO TRAPICHE X 750 CC,TRAPICHE,Bebidas,Vinos y espumantes,""
7791728001075,VINO TINTO MALBEC Q. ZUCCARDI X 750 CC,Q ZUCCARDI,Bebidas,Vinos y espumantes,""
7794450091338,VINO TINTO MALBEC RESERVA ALAMOS X 750 CC,ALAMOS,Bebidas,Vinos y espumantes,""
7790975001487,VINO TINTO MALBEC TERRAZAS RESERVA X 750 CC,TERRAZAS,Bebidas,Vinos y espumantes,""
7791728021301,VINO TINTO MALBEC ZUCCARDI SERIE A X 750 CC,ZUCCARDI,Bebidas,Vinos y espumantes,""
7790984005162,VINO TINTO PICO DE ORO BRIK X 1 LT,PICO DE ORO,Bebidas,Vinos y espumantes,""
7790314057014,VINO TINTO RESERO TETRA X 1 LT,RESERO,Bebidas,Vinos y espumantes,""
7798074864859,"VINO TINTO TEMPRANILLO, PORTILLO, 750 cm3",PORTILLO,Bebidas,Vinos y espumantes,""
7790314063824,VINO TINTO TETRA FLE,TORO,Bebidas,Vinos y espumantes,""
7790314004346,VINO TINTO ZUMUVA BRIK X 1 LT,ZUMUVA,Bebidas,Vinos y espumantes,""
7790093132728,VINO TORRONTES PRIVA,ETCHART,Bebidas,Vinos y espumantes,""
7790240107500,Vino ALARIS Cabernet Sauvignon   BOT-750 BOT-750-ml.,ALARIS,Bebidas,Vinos y espumantes,""
7791540051913,Vino LOS INTOCABLES Red Blend  BOT-750-m BOT-750-ml.,LOS INTOCABLES,Bebidas,Vinos y espumantes,""
7790577001151,Vino RUTINI malbec BOT-750-ml.,RUTINI,Bebidas,Vinos y espumantes,""
7790577001700,Vino RUTINI sauvig blanc BOT-750-ml.,RUTINI,Bebidas,Vinos y espumantes,""
7790704167644,Vino SUTER Cabernet Sauvignon  BOT-750-c BOT-750-ml.,SUTER,Bebidas,Vinos y espumantes,""
7790070761019,espumante EMILIA Dulce 750 BOT-750-ml.,EMILIA,Bebidas,Vinos y espumantes,""
7790070760517,vino AIMÉ Chardonnay 750 BOT-750-ml.,AIME,Bebidas,Vinos y espumantes,""
7794450004536,vino ALTALAND Tinto Histórico BOT-750-ml.,ALTALAND,Bebidas,Vinos y espumantes,""
7790975017020,vino ALTOS DEL PLATA cab sauv 750cc BOT-750-ml.,ALTOS DEL PLATA,Bebidas,Vinos y espumantes,""
7790070760739,vino EMILIA dulce nat mb-rosé 750cc BOT-750-ml.,EMILIA,Bebidas,Vinos y espumantes,""
7790240041446,vino FOND DE CAVE Reserva Cab Sauv 750cc BOT-750-ml.,FOND DE CAVE,Bebidas,Vinos y espumantes,""
7790240041170,vino FOND DE CAVE Reserva Cab. Fr 750cc BOT-750-ml.,FOND DE CAVE,Bebidas,Vinos y espumantes,""
7798123970166,vino LAS PERDICES sauvignon blanc 750cc BOT-750-ml.,LAS PERDICES,Bebidas,Vinos y espumantes,""
7790577039628,vino SAN FELIPE Malbec BOT-750-ml.,SAN FELIPE,Bebidas,Vinos y espumantes,""
7791728002409,vino SANTA JULIA magna corte x 750 cc BOT-750-ml.,SANTA JULIA,Bebidas,Vinos y espumantes,""
7792319971104,vino SELECT malbec BOT-750-ml.,NORTON,Bebidas,Vinos y espumantes,""
7790975001494,vino TERRAZAS reserva cab sauv 750 BOT-750-ml.,TERRAZAS,Bebidas,Vinos y espumantes,""
7790975195674,vino TERRAZAS reserva cabernet franc 750 BOT-0.075-ml.,TERRAZAS,Bebidas,Vinos y espumantes,""
7790975001500,vino TERRAZAS reserva chardonnay 750 BOT-750-ml.,TERRAZAS,Bebidas,Vinos y espumantes,""
7790240096774,vino TRAPICHE Impuro 750cc BOT-750-ml.,TRAPICHE,Bebidas,Vinos y espumantes,""
7790240092011,vino TRAPICHE Medalla Malbec 750cc BOT-750-ml.,TRAPICHE,Bebidas,Vinos y espumantes,""
7790240094466,vino TRAPICHE Reserva Cab. Sauv 750cc BOT-750-ml.,TRAPICHE,Bebidas,Vinos y espumantes,""
7794440007318,CEPILLO VIRULANA LIMPIATECHO,VIRULANA,Limpieza,Accesorios de limpieza,""
7798270240815,CHECK GUANTE AFELPAD,CHECK,Limpieza,Accesorios de limpieza,""
7798270240822,CHECK GUANTE AFELPAD,CHECK,Limpieza,Accesorios de limpieza,""
7798270240839,CHECK GUANTE AFELPAD,CHECK,Limpieza,Accesorios de limpieza,""
7798270240846,CHECK GUANTE AFELPAD,CHECK,Limpieza,Accesorios de limpieza,""
7798270246503,CHECK PANO ANTIBACTE,CHECK,Limpieza,Accesorios de limpieza,""
7798105582691,CHECK PANO DOBLE FAZ,CHECK,Limpieza,Accesorios de limpieza,""
7798123139549,CHECK PANO MULTIUSO,CHECK,Limpieza,Accesorios de limpieza,""
0681131544016,CHECK PANO PISO,CHECK,Limpieza,Accesorios de limpieza,""
7798105582592,CHECK PANO PISO,CHECK,Limpieza,Accesorios de limpieza,""
7798105582615,CHECK PANO PISO,CHECK,Limpieza,Accesorios de limpieza,""
7798105582639,CHECK PANO PISO,CHECK,Limpieza,Accesorios de limpieza,""
7798270246787,CHECK TRAPO ABEJA,CHECK,Limpieza,Accesorios de limpieza,""
7798105582677,CHECK TRAPO HILO,CHECK,Limpieza,Accesorios de limpieza,""
7791914550820,CORONET GUANTES L L,CORONET,Limpieza,Accesorios de limpieza,""
7791914550851,CORONET GUANTES L L,CORONET,Limpieza,Accesorios de limpieza,""
7791914550813,CORONET GUANTES M L,CORONET,Limpieza,Accesorios de limpieza,""
7791914550844,CORONET GUANTES M L,CORONET,Limpieza,Accesorios de limpieza,""
7791914550806,CORONET GUANTES S L,CORONET,Limpieza,Accesorios de limpieza,""
7791914550837,CORONET GUANTES S L,CORONET,Limpieza,Accesorios de limpieza,""
7794440007035,ESCOBILLON CLASICO,VIRULANA,Limpieza,Accesorios de limpieza,""
7798059381463,ESP P PRECIO PARA TEFLON,PRIMER PRECIO,Limpieza,Accesorios de limpieza,""
7790560009065,ESP SED METAL ACERO 30GR,SED METAL,Limpieza,Accesorios de limpieza,""
7794321074002,ESP TASK SALVAUÑAS CUADRA,TASK,Limpieza,Accesorios de limpieza,""
7792459456134,ESPONJ FIBRA MULTIUS,ASAPR,Limpieza,Accesorios de limpieza,""
8480017405074,ESPONJ SALVAUÑA,DIA,Limpieza,Accesorios de limpieza,""
7896001004511,ESPONJA BRILHUS MULTIUSO,BRILHUS,Limpieza,Accesorios de limpieza,""
7793253000363,"ESPONJA CUADRICULADA ANTIBACTERIAL, MORTIMER, 1 cu",MORTIMER,Limpieza,Accesorios de limpieza,""
7798008381605,ESPONJA DORADA PATITO PAQ 1 UNI,PATITO,Limpieza,Accesorios de limpieza,""
7806810025713,ESPONJA DUAL SCRUB POWER VIRUTEX CJA 1 UNI,VIRUTEX,Limpieza,Accesorios de limpieza,""
7792459165005,ESPONJA GO ACERO INOXIDABLE BSA 1 UNI,GO,Limpieza,Accesorios de limpieza,""
7794440003341,ESPONJA MULTIUSO,VIRULANA,Limpieza,Accesorios de limpieza,""
7793253092276,ESPONJA PODEROSA,MORTI,Limpieza,Accesorios de limpieza,""
7891040028931,ESPONJA SALVAUNAS MULTIUSO SCOTCH BRITE X 1 UNI,SCOTCH BRITE,Limpieza,Accesorios de limpieza,""
7703147350955,ESPONJA TASK LISA,TASK,Limpieza,Accesorios de limpieza,""
7792459161038,Esp Gauchita GO! ANATOMICA BSA-1-un.,GO!,Limpieza,Accesorios de limpieza,""
7896001004849,Esponja ESFREBOM metalizada PAQ-1-un.,ESFREBOM,Limpieza,Accesorios de limpieza,""
0754697468826,Esponja GLOW Salvauñas Cetus BSA-1-Pie,GLOW,Limpieza,Accesorios de limpieza,""
7793253038526,Esponja MORTIMER trapito bronce d/cara BSA-1-un.,MORTIMER,Limpieza,Accesorios de limpieza,""
7794440003303,FIBRA ESPONJA C CUADRADITOS VIRULANA X 1 UNI,VIRULANA,Limpieza,Accesorios de limpieza,""
7792459161014,FIBRA ESPONJA GO ANTIBACTERIAL BIO IDEAL BAÑOS BSA 1 UNI,GO,Limpieza,Accesorios de limpieza,""
7794440003372,FIBRA ESPONJA VERDE VIRULANA X 1 UNI,VIRULANA,Limpieza,Accesorios de limpieza,""
45984,FRANELA EL FLECO NARANJA 40X50,EL FLECO,Limpieza,Accesorios de limpieza,""
7798035491032,FRANELA PRIMER PRECIO,PRIMER PRECIO,Limpieza,Accesorios de limpieza,""
7790927813083,Franela MEDIA NARANJA clásica naranja S/E-1-un.,MEDIA NARANJA,Limpieza,Accesorios de limpieza,""
0721450697816,GTE G10 LATEX RUGOSO,DPS,Limpieza,Accesorios de limpieza,""
0721450697793,GTE ROJO NITRILO,DPS,Limpieza,Accesorios de limpieza,""
7546974859464,GTE SIN COSTU ALGOD,DPS,Limpieza,Accesorios de limpieza,""
0721450697786,GTE SIN COSTU RUGOSO,DPS,Limpieza,Accesorios de limpieza,""
7798008381506,GUANTE CLASICO PATITO CHI,PATITO,Limpieza,Accesorios de limpieza,""
7798008381520,GUANTE CLASICO PATITO GRA,PATITO,Limpieza,Accesorios de limpieza,""
7798008381513,GUANTE CLASICO PATITO MED,PATITO,Limpieza,Accesorios de limpieza,""
7798180909284,GUANTE DE LAT 10U,SIN MARCA,Limpieza,Accesorios de limpieza,""
7798180909277,GUANTE DE NITR 10UN,SIN MARCA,Limpieza,Accesorios de limpieza,""
8480017328991,GUANTE LATEX L -24-,DIA,Limpieza,Accesorios de limpieza,""
7794440994199,GUANTE MAPA PLISSE SATINADO S,MAPA,Limpieza,Accesorios de limpieza,""
7794440994229,GUANTE MAPA PLISSE SATINADO XL,MAPA,Limpieza,Accesorios de limpieza,""
7794440994236,GUANTE MAPA ULTRA CONTACTO S,MAPA,Limpieza,Accesorios de limpieza,""
7896001001107,GUANTE MICROFIBRA,SIN MARCA,Limpieza,Accesorios de limpieza,""
7703147300509,GUANTE MULTIUSO COMPOST. T:M TASK PAR 1 UNI,TASK,Limpieza,Accesorios de limpieza,""
7794440994212,GUANTE PLISS SATIN G,MAPA,Limpieza,Accesorios de limpieza,""
7794440045914,GUANTE PLUMITA DE GOMA CHICO,PLUMITA,Limpieza,Accesorios de limpieza,""
7794440045938,GUANTE PLUMITA DE GOMA GRANDE,PLUMITA,Limpieza,Accesorios de limpieza,""
7794440045921,GUANTE PLUMITA DE GOMA MEDIANO,PLUMITA,Limpieza,Accesorios de limpieza,""
4023103073951,GUANTES CHICO EXTRA SENSACION VILEDA PAR 1 UNI,VILEDA,Limpieza,Accesorios de limpieza,""
7791102074503,GUANTES COOPERATIVA L,COOPERATIVA,Limpieza,Accesorios de limpieza,""
7791102074497,GUANTES COOPERATIVA M,COOPERATIVA,Limpieza,Accesorios de limpieza,""
7791102074480,GUANTES COOPERATIVA S,COOPERATIVA,Limpieza,Accesorios de limpieza,""
4023103093263,GUANTES GRANDE EXTRA SENSACION VILEDA PAR 1 UNI,VILEDA,Limpieza,Accesorios de limpieza,""
7798008381537,GUANTES MAXIMO CONFORT PATITO PAR 1 UNI,PATITO,Limpieza,Accesorios de limpieza,""
7798059381708,GUANTES P PCIO LATEX CHIC,PRIMER PRECIO,Limpieza,Accesorios de limpieza,""
7798059381722,GUANTES P PCIO LATEX GDE,PRIMER PRECIO,Limpieza,Accesorios de limpieza,""
7798059381715,GUANTES P PCIO LATEX MED,PRIMER PRECIO,Limpieza,Accesorios de limpieza,""
7794440994205,GUANTES PLISS SATI M,MAPA,Limpieza,Accesorios de limpieza,""
7794321006539,Guante TASK Tradicional Chico 1 par BSA-1-par,TASK,Limpieza,Accesorios de limpieza,""
8004200128702,Guantes MAPA mediano 6 1/2 a 7 BSA-2-un.,MAPA,Limpieza,Accesorios de limpieza,""
7794440045433,Guantes VIRULANA clasico talle L x2u BSA-2-un.,VIRULANA,Limpieza,Accesorios de limpieza,""
7794440045426,Guantes VIRULANA clasico talle M x2u BSA-2-un.,VIRULANA,Limpieza,Accesorios de limpieza,""
7794440045419,Guantes VIRULANA clasico talle S x2u BSA-2-un.,VIRULANA,Limpieza,Accesorios de limpieza,""
8004200128801,Guantes mapa pirelli 7 1/2 a 8 790 BSA-2-un.,MAPA,Limpieza,Accesorios de limpieza,""
8004200128900,Guantes mapa pirelli 8 1/2 a 9 BSA-2-un.,MAPA,Limpieza,Accesorios de limpieza,""
7794440994649,MAPA GUANTES MULTI L,MAPA,Limpieza,Accesorios de limpieza,""
7794440994632,MAPA GUANTES MULTI M,MAPA,Limpieza,Accesorios de limpieza,""
7794440051687,MAPA ULTRA FUERTE,MAPA,Limpieza,Accesorios de limpieza,""
7794440051694,MAPA ULTRA FUERTE,MAPA,Limpieza,Accesorios de limpieza,""
7793253007249,MORTIMER LANA ACERO,MORTIMER,Limpieza,Accesorios de limpieza,""
7794440005345,PANO ESPONJA ANTIBACTERIAL VIRULANA FP X 3 UNI,VIRULANA,Limpieza,Accesorios de limpieza,""
7798317566250,PANO MICROF 30X35,IAEL,Limpieza,Accesorios de limpieza,""
7798317566229,PANO MICROF MUL40X40,IAEL,Limpieza,Accesorios de limpieza,""
6931496201166,PANO MICROFI 40X40CM,ATR,Limpieza,Accesorios de limpieza,""
7793253000516,PANO MULTIUSO AMARILLO MORTIMER X 3 UNI,MORTIMER,Limpieza,Accesorios de limpieza,""
7790117001481,PANO SKAY MULTIUSO X8,SKAY,Limpieza,Accesorios de limpieza,""
7794440005109,PANO TWIST VIRULANA FLOW PACK X 1 UNI,VIRULANA,Limpieza,Accesorios de limpieza,""
8480017328892,PAÑO AMARILLO MULTIU,DIA,Limpieza,Accesorios de limpieza,""
7791102054277,PAÑO COOP MULTIUSO,COOPERATIVA,Limpieza,Accesorios de limpieza,""
7791102054246,PAÑO DE PISO COOP GRIS,COOPERATIVA,Limpieza,Accesorios de limpieza,""
7794440525034,PAÑO MICROFIBRA ESCU,VIRUL,Limpieza,Accesorios de limpieza,""
7790528001124,PAÑO MICROFIBRA MULT,MICRO,Limpieza,Accesorios de limpieza,""
7798035491209,REJILLA COCINA P PRECIO,PRIMER PRECIO,Limpieza,Accesorios de limpieza,""
8480017237071,REJILLA MULTIUSO,DIA,Limpieza,Accesorios de limpieza,""
7790613072268,REJILLA SUIZA LIVIANA 34,SUIZA,Limpieza,Accesorios de limpieza,""
7794321000049,REJILLA TASK ECONOMICA,TASK,Limpieza,Accesorios de limpieza,""
7798008380820,ROLLO ACERO VILEDA BOL 10 UNI,VILEDA,Limpieza,Accesorios de limpieza,""
7790560000802,SED METAL PANO ANTIB,SED METAL,Limpieza,Accesorios de limpieza,""
7792459718027,SET PAÑOS MICROFIBRA,LAGAU,Limpieza,Accesorios de limpieza,""
7794440679003,SET VIRULANA EXPERT C&C,VIRULANA,Limpieza,Accesorios de limpieza,""
7790613072206,SUIZA PANO FRANELA,SUIZA,Limpieza,Accesorios de limpieza,""
8480017237088,TRA PISO NIDO ABEJA,DIA,Limpieza,Accesorios de limpieza,""
8480017285713,TRAPO DE PISO RAYADO,DIA,Limpieza,Accesorios de limpieza,""
7798059384631,esponja DEA esponjosa PAQ-1-un.,DEA,Limpieza,Accesorios de limpieza,""
7798059384594,esponja DEA verde multiuso PAQ-1-un.,DEA,Limpieza,Accesorios de limpieza,""
7896001004528,esponja ESFREBOM salvauñas c/ ion plata PAQ-1-un.,ESFREBOM,Limpieza,Accesorios de limpieza,""
7792459161021,esponja GO! Max multiuso BSA-1-un.,GO!,Limpieza,Accesorios de limpieza,""
7798059384273,esponja de acero DEA gigante PAQ-1-un.,DEA,Limpieza,Accesorios de limpieza,""
7792459161052,esponja GO no raya PCH-1-un.,GO!,Limpieza,Accesorios de limpieza,""
7896001000575,guante cocina ESFREBOM g rosado CJA-1-un.,ESFREBOM,Limpieza,Accesorios de limpieza,""
7896001000582,guante cocina ESFREBOM m rosado CJA-1-un.,ESFREBOM,Limpieza,Accesorios de limpieza,""
7791053001153,rejilla COSTERO blanco S/E-1-un.,COSTERO,Limpieza,Accesorios de limpieza,""
7791053170002,trapo COSTERO nido de abejas S/E-1-un.,COSTERO,Limpieza,Accesorios de limpieza,""
7791053001016,trapo de piso COSTERO blanc semi prof S/E-1-un.,COSTERO,Limpieza,Accesorios de limpieza,""
7798047032537,911 REPELENTE 150ML,911,Limpieza,Bolsas insecticidas y ambiente,""
7798332210176,ACEITE AROMATIZANTE VERBENA FRESIAS,SIN MARCA,Limpieza,Bolsas insecticidas y ambiente,""
7796343005002,ACEITE C CITRONELLA 05 LT OLD HARBOR,OLD HARBOR,Limpieza,Bolsas insecticidas y ambiente,""
7796343010006,ACEITE CITRONELLA 1L,SIN MARCA,Limpieza,Bolsas insecticidas y ambiente,""
7798112164354,ACEITEGARDENIA,SIN MARCA,Limpieza,Bolsas insecticidas y ambiente,""
7790520999573,"ACEITES NATURALES REP. VAINILLA x2, GLADE, 21 cm3",GLADE,Limpieza,Bolsas insecticidas y ambiente,""
7798112160493,ACEITEVAINILLA,SIN MARCA,Limpieza,Bolsas insecticidas y ambiente,""
8901023025181,AER POWER POCKET LAVANDER,AER,Limpieza,Bolsas insecticidas y ambiente,""
7790520997623,AERO MATA MOSC Y MOS,RAID,Limpieza,Bolsas insecticidas y ambiente,""
7791905023784,AERO REP AKTIOL,AKTIOL,Limpieza,Bolsas insecticidas y ambiente,""
7790520997654,AEROSOL INSECTICIDA,RAID,Limpieza,Bolsas insecticidas y ambiente,""
7501058766557,AIR WICK FRESH,AIR WICK,Limpieza,Bolsas insecticidas y ambiente,""
7798184582407,ANTIHUMED ROPA LIMPI,PURIF,Limpieza,Bolsas insecticidas y ambiente,""
7790900015114,ANTIHUMEDAD DESOD LAVANDA 2EN1 AIRE PUR X 75 G,AIRE PUR,Limpieza,Bolsas insecticidas y ambiente,""
7798184586146,ANTIHUMEDAD FRAG LAVANDA PURIFIC AIR CJA 260 GRM,PURIFIC AIR,Limpieza,Bolsas insecticidas y ambiente,""
7798184582391,ANTIHUMEDAD FRAG.RELAX PURIFIC AIR POT 300 GRM,PURIFIC AIR,Limpieza,Bolsas insecticidas y ambiente,""
7798184582360,"ANTIHUMEDAD POTE LAVANDA, PURIFIC AIR, 300 gr",PURIFIC AIR,Limpieza,Bolsas insecticidas y ambiente,""
7798184586153,ANTIHUMEDAD PURIFIC AIR CJA 260 GRM,PURIFIC AIR,Limpieza,Bolsas insecticidas y ambiente,""
7798090227041,AROM OSITOZ CITRIC,SIN MARCA,Limpieza,Bolsas insecticidas y ambiente,""
7798090227478,AROM PERFUMI HARMONY,SIN MARCA,Limpieza,Bolsas insecticidas y ambiente,""
0400100657188,AROM SPIRIT 500ML BH 500ML BOHEMI,SPIRIT,Limpieza,Bolsas insecticidas y ambiente,""
0400100657140,AROM SPIRIT 500ML JZ 500ML WJAZMI,SPIRIT,Limpieza,Bolsas insecticidas y ambiente,""
0400100657157,AROM SPIRIT 500ML SW 500ML SWEET,SPIRIT,Limpieza,Bolsas insecticidas y ambiente,""
7790520031785,"AROM. AMB. AERO ALUM LIMED 2 FLORAL, GLADE, 315 cm3",GLADE,Limpieza,Bolsas insecticidas y ambiente,""
7798421210247,AROMA PINITO FLOR BL,SPIRIT,Limpieza,Bolsas insecticidas y ambiente,""
7798180816797,AROMAT PAR BEACH,SIN MARCA,Limpieza,Bolsas insecticidas y ambiente,""
7798421210261,AROMAT PINITO CEREZA,SPIRIT,Limpieza,Bolsas insecticidas y ambiente,""
7798421210063,AROMATIZAD BRISA MAR,SPIRIT,Limpieza,Bolsas insecticidas y ambiente,""
7798180811839,AROMATIZADOR 500CC GREEN LEMON,SIN MARCA,Limpieza,Bolsas insecticidas y ambiente,""
7798180810252,AROMATIZADOR 500CC MANGO MARACUYA,SIN MARCA,Limpieza,Bolsas insecticidas y ambiente,""
7791905024781,AROMATIZADOR BEBE HARPERS RTO X 220 CC,HARPERS,Limpieza,Bolsas insecticidas y ambiente,""
7798348235415,AROMATIZADOR BLANCOS,SIN MARCA,Limpieza,Bolsas insecticidas y ambiente,""
7798421210117,AROMATIZADOR CEREZA,SPIRIT,Limpieza,Bolsas insecticidas y ambiente,""
7798332216154,AROMATIZADOR DE AMBIENTE MARACUYA 350 ML,SIN MARCA,Limpieza,Bolsas insecticidas y ambiente,""
7798332216116,AROMATIZADOR SANDIA PEPINO 350ML,SIN MARCA,Limpieza,Bolsas insecticidas y ambiente,""
7793253003296,"AROMATIZADOR TEXTIL SUAV. BEBE DP, POETT FRAGANZA, 250 cm3",POETT,Limpieza,Bolsas insecticidas y ambiente,""
7798421210070,AROMATIZADOR VERBENA,SPIRIT,Limpieza,Bolsas insecticidas y ambiente,""
7790520998286,"AROMATIZANTE AMB. AERO. PARAISO AZ, GLADE, 360 cm3",GLADE,Limpieza,Bolsas insecticidas y ambiente,""
7790911004053,AROMATIZANTE AMBIENTAL LIMON,REVIGAL,Limpieza,Bolsas insecticidas y ambiente,""
7794980368511,AROMATIZANTE ARTIF F,YUSPE,Limpieza,Bolsas insecticidas y ambiente,""
7794980368504,AROMATIZANTE ARTIF L,YUSPE,Limpieza,Bolsas insecticidas y ambiente,""
7799054060933,AROMATIZANTE DE TELAS FLORAL FARMACITY X 250 ML,FARMACITY,Limpieza,Bolsas insecticidas y ambiente,""
7793253170615,AROMATIZANTE NATURAL BLENDS FRUTAL POETT X 400 CC,POETT,Limpieza,Bolsas insecticidas y ambiente,""
7790117001825,ASU PORTA BOLS Y REP,ASURIN,Limpieza,Bolsas insecticidas y ambiente,""
7790117001832,ASURIN REPUESTO X3UN,ASURIN,Limpieza,Bolsas insecticidas y ambiente,""
7793253001568,Aromatizante de ambiente POETT Intense PCK-2-un.,POETT,Limpieza,Bolsas insecticidas y ambiente,""
7790520019103,Aromatizantes GLADE AUTO SPORT BLI-7.091-ml.,GLADE AUTO SPORT,Limpieza,Bolsas insecticidas y ambiente,""
7790520019127,Aromatizantes GLADE AUTO SPORT BLI-7.091-ml.,GLADE AUTO SPORT,Limpieza,Bolsas insecticidas y ambiente,""
7501032920173,Aromatizantes GLADE AUTO SPORT mix BLI-7.091-ml.,GLADE AUTO SPORT,Limpieza,Bolsas insecticidas y ambiente,""
7790520011626,Aromatizantes GLADE AUTO SPORT mix BLI-7.091-ml.,GLADE AUTO SPORT,Limpieza,Bolsas insecticidas y ambiente,""
7790520986856,Aromatizantes GLADE AUTO SPORT mix BLI-7.091-ml.,GLADE AUTO SPORT,Limpieza,Bolsas insecticidas y ambiente,""
7794912000175,BARRERAANTIHORMIGA,SIN MARCA,Limpieza,Bolsas insecticidas y ambiente,""
7792459726114,BOLSA 40X40X20,SIN MARCA,Limpieza,Bolsas insecticidas y ambiente,""
7798160469852,BOLSA 45X40 BLANCA,SIN MARCA,Limpieza,Bolsas insecticidas y ambiente,""
7798160469869,BOLSA 45X40 BLANCA,SIN MARCA,Limpieza,Bolsas insecticidas y ambiente,""
7798160469876,BOLSA 45X40 CHANGOMAS VERDE,SIN MARCA,Limpieza,Bolsas insecticidas y ambiente,""
7790117002594,BOLSA 50X65 ROLLO 20U ASURIN C FAC VER,ASURIN,Limpieza,Bolsas insecticidas y ambiente,""
7790117002587,BOLSA ASURIN 45X55 20U VERDE CFACIL,ASURIN,Limpieza,Bolsas insecticidas y ambiente,""
7794321550247,BOLSA BIO 60X90 X10U,ILKO,Limpieza,Bolsas insecticidas y ambiente,""
7790117062048,BOLSA C FACIL 80X105 10U ASURIN,SIN MARCA,Limpieza,Bolsas insecticidas y ambiente,""
7792459264050,BOLSA C/FACIL 50X65,GAUCH,Limpieza,Bolsas insecticidas y ambiente,""
0714604512233,BOLSA CIERRA F 45X55,REVA,Limpieza,Bolsas insecticidas y ambiente,""
0714604512240,BOLSA CIERRA F.50X65,REVA,Limpieza,Bolsas insecticidas y ambiente,""
8480017315687,BOLSA COMPOST VERDE,DIA,Limpieza,Bolsas insecticidas y ambiente,""
8480017317018,BOLSA COMPOSTAB IRAM,DIA,Limpieza,Bolsas insecticidas y ambiente,""
0763571771815,BOLSA D/CONSORCIO EXTRA GRANDE 80X110 GLOW ROL 10 UNI,GLOW,Limpieza,Bolsas insecticidas y ambiente,""
7798143384288,BOLSA DE PAPEL 30GR,SIN MARCA,Limpieza,Bolsas insecticidas y ambiente,""
7798143384295,BOLSA DE PAPEL 30GR,SIN MARCA,Limpieza,Bolsas insecticidas y ambiente,""
7798143384301,BOLSA DE PAPEL 30GR,SIN MARCA,Limpieza,Bolsas insecticidas y ambiente,""
7798143384318,BOLSA DE PAPEL 30GR,SIN MARCA,Limpieza,Bolsas insecticidas y ambiente,""
7798143384325,BOLSA DE PAPEL 30GR,SIN MARCA,Limpieza,Bolsas insecticidas y ambiente,""
7798143384332,BOLSA DE PAPEL 30GR,SIN MARCA,Limpieza,Bolsas insecticidas y ambiente,""
7790117061270,BOLSA DE RESIDUO ASURIN 28X30CM COCINA X50,ASURIN,Limpieza,Bolsas insecticidas y ambiente,""
7794321550025,BOLSA DE RESIDUO TASK 60 X 90 BSA 10 UNI,TASK,Limpieza,Bolsas insecticidas y ambiente,""
0736373854437,BOLSA DE RESIDUOS 45X60 X 10U GREENPLAST,GREENPLAST,Limpieza,Bolsas insecticidas y ambiente,""
7794321801189,BOLSA DE RESIDUOS 50X65 CIERRE FACIL MEDIANA TASK X 20 UNI,TASK,Limpieza,Bolsas insecticidas y ambiente,""
0736373854451,BOLSA DE RESIDUOS 50X70 X 10U GREENPLAST,GREENPLAST,Limpieza,Bolsas insecticidas y ambiente,""
7790117062062,BOLSA DE RESIDUOS ASURIN 60X100 CM LIMON BAND,ASURIN,Limpieza,Bolsas insecticidas y ambiente,""
7790117062055,BOLSA DE RESIDUOS ASURIN 60X95 CM CIERRA FACIL,ASURIN,Limpieza,Bolsas insecticidas y ambiente,""
7790117000965,BOLSA DE RESIDUOS ASURIN 80X105CM CIERRE FACIL X10,ASURIN,Limpieza,Bolsas insecticidas y ambiente,""
0714604117230,BOLSA DE RESIDUOS GLOW 45X60 CM CITRIC X 15 UNI,GLOW,Limpieza,Bolsas insecticidas y ambiente,""
0714604117247,BOLSA DE RESIDUOS GLOW 50X70 CM CITRIC X 15 UNI,GLOW,Limpieza,Bolsas insecticidas y ambiente,""
0714604117254,BOLSA DE RESIDUOS GLOW 60X90 CM CITRIC X 15 UNI,GLOW,Limpieza,Bolsas insecticidas y ambiente,""
0714604117261,BOLSA DE RESIDUOS GLOW 80X110 CM CITRIC X 15 UNI,GLOW,Limpieza,Bolsas insecticidas y ambiente,""
0736373854505,BOLSA DE RESIDUOS GREENPLAST 50X70 X 30U,GREENPLAST,Limpieza,Bolsas insecticidas y ambiente,""
7794321801226,BOLSA DE RESIDUOS TASKBAÑO  40X40 CM PAQ 20 UNI,TASK,Limpieza,Bolsas insecticidas y ambiente,""
7794440760008,BOLSA DE RESIDUOS VIRULANA 45X60 CM X 30 UNI,VIRULANA,Limpieza,Bolsas insecticidas y ambiente,""
7794440760015,BOLSA DE RESIDUOS VIRULANA 50X70 CM X 30 UNI,VIRULANA,Limpieza,Bolsas insecticidas y ambiente,""
7794440760022,BOLSA DE RESIDUOS VIRULANA 60X90 CM X 10 UNI,VIRULANA,Limpieza,Bolsas insecticidas y ambiente,""
7798160469302,BOLSA ECO 30X40 10,ECOFACTORY,Limpieza,Bolsas insecticidas y ambiente,""
7798160469296,BOLSA ECO 45X40 10,ECOFACTORY,Limpieza,Bolsas insecticidas y ambiente,""
7798318731558,BOLSA ECO HELLO KITTY GRAFFITY BOX 40X32X10 CM,ECO,Limpieza,Bolsas insecticidas y ambiente,""
7798160463171,BOLSA ECOFACTORY PLANA SNOOPY 45X40X10 CM,ECOFACTORY,Limpieza,Bolsas insecticidas y ambiente,""
0010900419239,BOLSA HERMETICA REYNOLDS MEDIANAS X 30 UNI,REYNOLDS,Limpieza,Bolsas insecticidas y ambiente,""
8480017293305,BOLSA INSTITUCIONAL,DIA,Limpieza,Bolsas insecticidas y ambiente,""
7798160461993,BOLSA MAS AUTOCENTER,SIN MARCA,Limpieza,Bolsas insecticidas y ambiente,""
7793253007232,BOLSA MORTIMER  60X90X20,SIN MARCA,Limpieza,Bolsas insecticidas y ambiente,""
7793253007133,BOLSA MORTIMER 50X65X45,SIN MARCA,Limpieza,Bolsas insecticidas y ambiente,""
7794321802001,"BOLSA P/RESIDUOS 45X55 ATA FACIL, TASK, 20 cu",TASK,Limpieza,Bolsas insecticidas y ambiente,""
7792459425024,"BOLSA P/RESIDUOS 50X70 ROLLO, LA GAUCHITA, 20 cu",LA GAUCHITA,Limpieza,Bolsas insecticidas y ambiente,""
7790117002310,BOLSA PARA HORNO SEPARATA X10,SEPARATA,Limpieza,Bolsas insecticidas y ambiente,""
7798318730636,BOLSA RAFIA CARPINTO,SIN MARCA,Limpieza,Bolsas insecticidas y ambiente,""
7798060442078,BOLSA RES BRAILE 45X60,LUIS BRAILLE,Limpieza,Bolsas insecticidas y ambiente,""
7795541022026,BOLSA RES P PCIO 45X60,PRIMER PRECIO,Limpieza,Bolsas insecticidas y ambiente,""
7792459264074,BOLSA RESIDUO 60X85,GAUCH,Limpieza,Bolsas insecticidas y ambiente,""
8480017302182,BOLSA RESIDUO 80X110,DIA,Limpieza,Bolsas insecticidas y ambiente,""
7793253007102,BOLSA RESIDUOS 45X55,MORTI,Limpieza,Bolsas insecticidas y ambiente,""
7790117061836,BOLSA RESIDUOS ASURIN CIERRE FACIL LIMON 45X55 X20,ASURIN,Limpieza,Bolsas insecticidas y ambiente,""
7793253007140,BOLSA RESIDUOS MORTIMER CONSORCIO 60X90CM X 10 UNI,MORTIMER,Limpieza,Bolsas insecticidas y ambiente,""
8480017322166,BOLSA ROLLO 45X60,PRIST,Limpieza,Bolsas insecticidas y ambiente,""
7790117062031,BOLSA ROLLO 80X110 10U ASURIN,SIN MARCA,Limpieza,Bolsas insecticidas y ambiente,""
7794321019201,BOLSA ROLLO IMPEKE 45X60,IMPEKE,Limpieza,Bolsas insecticidas y ambiente,""
7794321019218,BOLSA ROLLO IMPEKE 50X70,IMPEKE,Limpieza,Bolsas insecticidas y ambiente,""
7795541022187,BOLSA ROLLO PPCIO 45X55,PRIMER PRECIO,Limpieza,Bolsas insecticidas y ambiente,""
7794321001770,BOLSA TASK PEQUEÑA 45X60 20 UNIDADES,TASK,Limpieza,Bolsas insecticidas y ambiente,""
7790520989963,BOLSA ZIPLOC CONSERVA GRANDE X10,ZIPLOC,Limpieza,Bolsas insecticidas y ambiente,""
7790520027467,BOLSA ZIPLOC CONSERVA MEDIANA 24 UNI,ZIPLOC,Limpieza,Bolsas insecticidas y ambiente,""
7501032990053,BOLSA ZIPLOC LLEVAR CHICA X50,ZIPLOC,Limpieza,Bolsas insecticidas y ambiente,""
7790520991430,BOLSA ZIPLOC ORGANIZAR GRANDE X15,ZIPLOC,Limpieza,Bolsas insecticidas y ambiente,""
7794440760060,BOLSAS CIERRE FACIL L,VIRULANA,Limpieza,Bolsas insecticidas y ambiente,""
7794440760053,BOLSAS CIERRE FACIL M,VIRULANA,Limpieza,Bolsas insecticidas y ambiente,""
7794440760077,BOLSAS CIERRE FACIL XL,VIRULANA,Limpieza,Bolsas insecticidas y ambiente,""
0763571771785,BOLSAS GLOW 45X60,SIN MARCA,Limpieza,Bolsas insecticidas y ambiente,""
0763571771792,BOLSAS GLOW 50X70,GLOW,Limpieza,Bolsas insecticidas y ambiente,""
0763571771808,BOLSAS GLOW 60X90,GLOW,Limpieza,Bolsas insecticidas y ambiente,""
6001298008123,BOLSAS MULTIP.C/CIER,ZIPLOC,Limpieza,Bolsas insecticidas y ambiente,""
8480017302250,BOLSAS RESIDUO 50X70,DIA,Limpieza,Bolsas insecticidas y ambiente,""
7790117061515,BOLSAS SEPARATA MULTIUSO CIERRE DESLIZ 27X28CM 4U,SEPARATA,Limpieza,Bolsas insecticidas y ambiente,""
7791102051450,BSA COOP GRIS 45X60,COOPERATIVA,Limpieza,Bolsas insecticidas y ambiente,""
7791102051467,BSA COOP VDE 45X60,COOPERATIVA,Limpieza,Bolsas insecticidas y ambiente,""
7795541022019,BSA DE RES PPCIO NGA45X60,PRIMER PRECIO,Limpieza,Bolsas insecticidas y ambiente,""
7795541022033,BSA DE RES PPCIO NGA50X70,PRIMER PRECIO,Limpieza,Bolsas insecticidas y ambiente,""
7795541022071,BSA DE RES PPCIO VDE45X60,PRIMER PRECIO,Limpieza,Bolsas insecticidas y ambiente,""
7792052073202,Bolsas residuos  50 x 70 rollo  HC PAQ-30-un.,HOME CARE MP,Limpieza,Bolsas insecticidas y ambiente,""
7799120002188,CHECK 45X55 C FACIL,CHECK,Limpieza,Bolsas insecticidas y ambiente,""
7799120002218,CHECK 50X65 C FACIL,CHECK,Limpieza,Bolsas insecticidas y ambiente,""
7798153714709,CHECK BOL MULT PRES,CHECK,Limpieza,Bolsas insecticidas y ambiente,""
7798105581380,CHECK BOL P FR 20X30,CHECK,Limpieza,Bolsas insecticidas y ambiente,""
7798105581397,CHECK BOL P FR 25X35,CHECK,Limpieza,Bolsas insecticidas y ambiente,""
7798105581403,CHECK BOL P FR 30X40,CHECK,Limpieza,Bolsas insecticidas y ambiente,""
7799120002201,CHECK BOLSA 45X60 30U,CHECK,Limpieza,Bolsas insecticidas y ambiente,""
7799120002249,CHECK BOLSA DE RESIDUOS 50X70 30U,CHECK,Limpieza,Bolsas insecticidas y ambiente,""
7798153714716,CHECK BOLSA MULT CIE,CHECK,Limpieza,Bolsas insecticidas y ambiente,""
7799120003604,CHECK CUCARACHAS,CHECK,Limpieza,Bolsas insecticidas y ambiente,""
7799120003581,CHECK MOSQUITOS,CHECK,Limpieza,Bolsas insecticidas y ambiente,""
7799120006650,CHECK REPELENTE,CHECK,Limpieza,Bolsas insecticidas y ambiente,""
7799120006667,CHECK REPELENTE,CHECK,Limpieza,Bolsas insecticidas y ambiente,""
7799120002195,CHECK ROLLO 45X60X30,CHECK,Limpieza,Bolsas insecticidas y ambiente,""
7799120002232,CHECK ROLLO 50X70X30,CHECK,Limpieza,Bolsas insecticidas y ambiente,""
7791290795778,DESIFECTANTE AER ORI,CIF,Limpieza,Bolsas insecticidas y ambiente,""
7793253005054,DESINF AERO EXP ORIG,AYUDIN,Limpieza,Bolsas insecticidas y ambiente,""
7790520996978,DESINFEC AERO LAVAND,LYSOF,Limpieza,Bolsas insecticidas y ambiente,""
7791290795792,DESINFEC CITRICO AER,CIF,Limpieza,Bolsas insecticidas y ambiente,""
7790520031044,DESINFEC SPRAY LAVAN,LYSOF,Limpieza,Bolsas insecticidas y ambiente,""
7793253003555,DESOD AMBI FLO PRIMA,POETT,Limpieza,Bolsas insecticidas y ambiente,""
7793253004231,DESOD AMBIEN LAVANDA,POETT,Limpieza,Bolsas insecticidas y ambiente,""
7793253004279,DESODORANTE AMBIENTE SOLO PARA TI AER POETT X360CC,POETT,Limpieza,Bolsas insecticidas y ambiente,""
0400100657126,DIF SPIRIT 250ML BOH 250ML BOHEM,SPIRIT,Limpieza,Bolsas insecticidas y ambiente,""
0400100657133,DIF SPIRIT 250ML GRD 250ML GARDEN,SPIRIT,Limpieza,Bolsas insecticidas y ambiente,""
0400019461036,DIF X200 CRISTAL HEC,SIN MARCA,Limpieza,Bolsas insecticidas y ambiente,""
7798180816735,DIFU BEAUTIFUL DAY,SIN MARCA,Limpieza,Bolsas insecticidas y ambiente,""
7798180816698,DIFU INSPIRE LOVE,SIN MARCA,Limpieza,Bolsas insecticidas y ambiente,""
7798180816704,DIFU PARADISE BEACH,SIN MARCA,Limpieza,Bolsas insecticidas y ambiente,""
7798180813642,DIFUSOR 125CC FLORES BLANCAS,SIN MARCA,Limpieza,Bolsas insecticidas y ambiente,""
7798180813666,DIFUSOR 125CC GREEN LEMON,SIN MARCA,Limpieza,Bolsas insecticidas y ambiente,""
7798180818661,DIFUSOR 250TIERRANIA,SPIRIT,Limpieza,Bolsas insecticidas y ambiente,""
7790520996053,DIFUSOR AUTOM LIM,GLADE,Limpieza,Bolsas insecticidas y ambiente,""
7790520029539,DIFUSOR AUTOMATICO ED LIM 1 GLADE X 270 CM3,GLADE,Limpieza,Bolsas insecticidas y ambiente,""
7798239339604,DIFUSOR HOME CITRUS 125ML,SIN MARCA,Limpieza,Bolsas insecticidas y ambiente,""
7798239339611,DIFUSOR HOME GARDENIA 125ML,SIN MARCA,Limpieza,Bolsas insecticidas y ambiente,""
7798239339635,DIFUSOR HOME VAINILLA 125ML,SIN MARCA,Limpieza,Bolsas insecticidas y ambiente,""
7791130002165,DIFUSOR VAINILLA AIR WICK REPUESTO X 250 CC,AIR WICK,Limpieza,Bolsas insecticidas y ambiente,""
7798180818937,DIFUSOR VETIVER 300,SPIRIT,Limpieza,Bolsas insecticidas y ambiente,""
7798239332520,DIFX120MLSANDAVAI,SIN MARCA,Limpieza,Bolsas insecticidas y ambiente,""
0400019457183,DIFX200VAINILLA,SIN MARCA,Limpieza,Bolsas insecticidas y ambiente,""
7798008967632,DOC UFFA CREMA REPEL,DOC UFFA,Limpieza,Bolsas insecticidas y ambiente,""
7798382385282,DOC UFFA SPRAY REPEL,DOC UFFA,Limpieza,Bolsas insecticidas y ambiente,""
7793253004262,Deo Ambiente Poet Suavidad Algodon 360ml LAT-360-ml.,POETT,Limpieza,Bolsas insecticidas y ambiente,""
7793253004316,Deo Ambiente Poett Alegra tu dia 360ml LAT-360-ml.,POETT,Limpieza,Bolsas insecticidas y ambiente,""
7793253004293,Deo Ambiente Poett despert energia 360ml LAT-360-ml.,POETT,Limpieza,Bolsas insecticidas y ambiente,""
7793253170639,Desod de amb POETT Natural Blends PET-290-ml.,POETT,Limpieza,Bolsas insecticidas y ambiente,""
7798160469784,ECOFACTORY BOLSA BOCA 45X40,ECOFACTORY,Limpieza,Bolsas insecticidas y ambiente,""
7798160461641,ECOFACTORY BOLSA MANO ARBOL FUELLE 40X40,ECOFACTORY,Limpieza,Bolsas insecticidas y ambiente,""
7798160461054,ECOFACTORY BOLSA PROTEC 38 GR BLANCO,ECOFACTORY,Limpieza,Bolsas insecticidas y ambiente,""
7798160469791,ECOFACTORY BOLSA RIVER 45X40,ECOFACTORY,Limpieza,Bolsas insecticidas y ambiente,""
7798160461306,ECOFACTORY BOLSA SUPERCHANGO 40X40 ROJO,ECOFACTORY,Limpieza,Bolsas insecticidas y ambiente,""
7790047000196,ESCUDO REPE ORIGINAL,ESCUDO,Limpieza,Bolsas insecticidas y ambiente,""
7798348234593,ESENCIA TAO FRUTILLA X 10ML,TAO,Limpieza,Bolsas insecticidas y ambiente,""
7798348234609,ESENCIA TAO SANDALO X 10ML,TAO,Limpieza,Bolsas insecticidas y ambiente,""
7790520029089,ESPIRAL MATA MOSQUIT,RAID,Limpieza,Bolsas insecticidas y ambiente,""
7793253006822,ESPIRALES MOSQUITO PROT 8 HS SELTON X 12 UNI,SELTON,Limpieza,Bolsas insecticidas y ambiente,""
7790520029096,ESPIRALES MOSQUITOS COUNTRY FRESH RAID X 12 UNI,RAID,Limpieza,Bolsas insecticidas y ambiente,""
7794207083906,EXILET CREMA REPEL,EXILET,Limpieza,Bolsas insecticidas y ambiente,""
7794207083890,EXILET LOCION REPEL,EXILET,Limpieza,Bolsas insecticidas y ambiente,""
7798279510063,FEEL Y SMELL AROMAT,FEEL Y SMELL,Limpieza,Bolsas insecticidas y ambiente,""
7798279510124,FEEL Y SMELL AROMAT,FEEL Y SMELL,Limpieza,Bolsas insecticidas y ambiente,""
7798279510162,FEEL Y SMELL AROMAT,FEEL Y SMELL,Limpieza,Bolsas insecticidas y ambiente,""
7798279510384,FEEL Y SMELL AROMAT,FEEL Y SMELL,Limpieza,Bolsas insecticidas y ambiente,""
7798279510551,FEEL Y SMELL AROMAT,FEEL Y SMELL,Limpieza,Bolsas insecticidas y ambiente,""
7790520996527,GLADE HARMONY,GLADE,Limpieza,Bolsas insecticidas y ambiente,""
7790520028259,GLADE REFILL ACEITES,GLADE,Limpieza,Bolsas insecticidas y ambiente,""
0736373854611,GREENPLAST BOLSA ROLLO 50X65 N,GREENPLAST,Limpieza,Bolsas insecticidas y ambiente,""
0736373854635,GREENPLAST BOLSA ROLLO 60X75 N,GREENPLAST,Limpieza,Bolsas insecticidas y ambiente,""
7791905004134,HARPERS AROMATIZADOR,HARPERS,Limpieza,Bolsas insecticidas y ambiente,""
0000077901019,HORMIGHORTAL120C,GLACOXAN,Limpieza,Bolsas insecticidas y ambiente,""
7792961001068,HORMIGUICIDA F.POLVO 250 GR.,GENERICO,Limpieza,Bolsas insecticidas y ambiente,""
7792023920467,HORMIGUICIDA POLVO 12 X 250 G,SIN MARCA,Limpieza,Bolsas insecticidas y ambiente,""
7792961022018,HORTAL MIX X 250 CEBO GRANULADO,HORTAL,Limpieza,Bolsas insecticidas y ambiente,""
7806810004558,ILKO 16x15 SAND 20U,ILKO,Limpieza,Bolsas insecticidas y ambiente,""
7806810240444,ILKO 18x20 MED 50U,ILKO,Limpieza,Bolsas insecticidas y ambiente,""
7806810004343,ILKO 3TAM HERM 30U,ILKO,Limpieza,Bolsas insecticidas y ambiente,""
7806810240437,ILKO16x15 PEQ 50U,ILKO,Limpieza,Bolsas insecticidas y ambiente,""
7790520508607,INSEC AER MMM S/OLOR,RAID,Limpieza,Bolsas insecticidas y ambiente,""
7790520025777,INSEC CUCARACHA S/OL,RAID,Limpieza,Bolsas insecticidas y ambiente,""
8480017419538,INSEC.MATA CUCAR HOR,DIA,Limpieza,Bolsas insecticidas y ambiente,""
8480017419545,INSEC.MATA MOSC MOSQ,DIA,Limpieza,Bolsas insecticidas y ambiente,""
7790520025869,INSEC.MATA MOSC.Y MO,FUYI,Limpieza,Bolsas insecticidas y ambiente,""
8480017079701,INSECT.CASA Y JARDIN,DIA,Limpieza,Bolsas insecticidas y ambiente,""
0000077901026,INSECTHORTAL250ML,HORTAL,Limpieza,Bolsas insecticidas y ambiente,""
7790520025722,INSECTI PULGA&LARVAS,RAID,Limpieza,Bolsas insecticidas y ambiente,""
7790520028662,INSECTIC MOSC S/OLOR,RAID,Limpieza,Bolsas insecticidas y ambiente,""
7790520997678,INSECTICIDA CASA Y JARDIN RAID X 360 CC,RAID,Limpieza,Bolsas insecticidas y ambiente,""
7794783000205,INSECTICIDA GLACOXAN D SIST X 30CC,SIN MARCA,Limpieza,Bolsas insecticidas y ambiente,""
7790520025913,"INSECTICIDA LÍQ.ELÉCTRICO S/OLOR FUYI CJA 1 UNI 32,9 ML",FUYI,Limpieza,Bolsas insecticidas y ambiente,""
7790520025715,INSECTICIDA POLILLAS,RAID,Limpieza,Bolsas insecticidas y ambiente,""
7794783000564,INSECTICIDAFUMIXAN,GLACOXAN,Limpieza,Bolsas insecticidas y ambiente,""
7790791041155,K OTHRINA AMBIENTAL X 250 CC,K-OTHRINA,Limpieza,Bolsas insecticidas y ambiente,""
7790791000459,K OTHRINA FOG X 220CC,SIN MARCA,Limpieza,Bolsas insecticidas y ambiente,""
7790791000299,K OTHRINA USO DOMESTICO LISTA PARA USAR,GENERICO,Limpieza,Bolsas insecticidas y ambiente,""
7790791041131,KOTHRINAFLOA60CC,SIN MARCA,Limpieza,Bolsas insecticidas y ambiente,""
7793253005726,MATA CUCA ACCI PROLO,SELTO,Limpieza,Bolsas insecticidas y ambiente,""
7790520025746,MATA HORMIGAS RAID AEROSOL X 360 CC,RAID,Limpieza,Bolsas insecticidas y ambiente,""
7793253005153,MATA MOS Y MOSQ ACIN,SELTON,Limpieza,Bolsas insecticidas y ambiente,""
7790520025739,MATA MOSCAS Y MOSQUITOS 10 HORAS RAID MAX X 370CC,RAID,Limpieza,Bolsas insecticidas y ambiente,""
7793253005122,MATA MOSCAS Y MOSQUITOS AZUL SELTON X 360 CC,SELTON,Limpieza,Bolsas insecticidas y ambiente,""
7794783000168,MATAINSECTOSVELAXAN,SIN MARCA,Limpieza,Bolsas insecticidas y ambiente,""
7790520025753,MAX CEBOS,RAID,Limpieza,Bolsas insecticidas y ambiente,""
7790520027023,MINI 4 TOQUES,RAID,Limpieza,Bolsas insecticidas y ambiente,""
7792023921747,MIREX JARDIN 24X500G,SIN MARCA,Limpieza,Bolsas insecticidas y ambiente,""
7796285283179,NOPUCID REPELENTE SPRAY 80 ML,NOPUCID,Limpieza,Bolsas insecticidas y ambiente,""
7790520997449,OFF DEFENSE BEBE GEL 100 ML,OFF,Limpieza,Bolsas insecticidas y ambiente,""
7790520997456,OFF DEFENSE EXTREME GEL 100 ML,OFF,Limpieza,Bolsas insecticidas y ambiente,""
7790520997470,OFF DEFENSE INFANTIL SPRAY 100 ML,OFF,Limpieza,Bolsas insecticidas y ambiente,""
7790520997463,OFF EXTREME SPRAY 100 ML,OFF,Limpieza,Bolsas insecticidas y ambiente,""
7790520998958,OFF KIDS,OFF,Limpieza,Bolsas insecticidas y ambiente,""
7790000695803,PALMETA MATAMOSCAS,SIN MARCA,Limpieza,Bolsas insecticidas y ambiente,""
7790839980767,PELENTE CREMA,PELENTE,Limpieza,Bolsas insecticidas y ambiente,""
0724751058065,PELENTE DEEP FOREST,PELENTE,Limpieza,Bolsas insecticidas y ambiente,""
7790839000533,PELENTE DEEP FOREST,PELENTE,Limpieza,Bolsas insecticidas y ambiente,""
7790839000540,PELENTE DEEP FOREST,PELENTE,Limpieza,Bolsas insecticidas y ambiente,""
7790839980750,PELENTE LOCION,PELENTE,Limpieza,Bolsas insecticidas y ambiente,""
7790839000014,PELENTE RE LOCION,PELENTE,Limpieza,Bolsas insecticidas y ambiente,""
7798184582377,PURIFIC AIR POTE,PURIFIC AIR,Limpieza,Bolsas insecticidas y ambiente,""
7798184582384,PURIFIC AIR POTE,PURIFIC AIR,Limpieza,Bolsas insecticidas y ambiente,""
7798184581653,PURIFIC AIR REPUESTO,PURIFIC AIR,Limpieza,Bolsas insecticidas y ambiente,""
7798184581677,PURIFIC AIR REPUESTO,PURIFIC AIR,Limpieza,Bolsas insecticidas y ambiente,""
7798180810740,REP 300 COCO VAINILL,SPIRIT,Limpieza,Bolsas insecticidas y ambiente,""
7791905024927,REP AKTIOL EXTRA DURACION,AKTIOL,Limpieza,Bolsas insecticidas y ambiente,""
7791102062753,REP COOPE AUTOMA F BLANCA,COOPERATIVA,Limpieza,Bolsas insecticidas y ambiente,""
7791102062739,REP COOPE AUTOMATICO BEBE,COOPERATIVA,Limpieza,Bolsas insecticidas y ambiente,""
7790520996015,REP LAVAN & VAINILLA,GLADE,Limpieza,Bolsas insecticidas y ambiente,""
0400019459149,REPDIFX500VAINI,SIN MARCA,Limpieza,Bolsas insecticidas y ambiente,""
7790520025395,REPELE INSEC AER FAM,OFF,Limpieza,Bolsas insecticidas y ambiente,""
7790520998934,REPELEN CREMA FAMILY,OFF,Limpieza,Bolsas insecticidas y ambiente,""
7790520025340,REPELEN INVIS EVERYD,OFF,Limpieza,Bolsas insecticidas y ambiente,""
7790520009494,REPELEN MOSQ AEROSOL,OFF,Limpieza,Bolsas insecticidas y ambiente,""
8480017313546,REPELENT CREMA NARAN,BONTE,Limpieza,Bolsas insecticidas y ambiente,""
8480017311238,REPELENT NARANJ AERO,BONTE,Limpieza,Bolsas insecticidas y ambiente,""
8480017313553,REPELENT SPRAY NARAN,BONTE,Limpieza,Bolsas insecticidas y ambiente,""
7790520025401,REPELENTE DE INSECTOS EXTRA DURACIÓN OFF AER 170 CMQ,OFF,Limpieza,Bolsas insecticidas y ambiente,""
7791199002526,REPELENTE FUSH CREMA,FUSH,Limpieza,Bolsas insecticidas y ambiente,""
7791199003028,REPELENTE FUSH SPRAY,FUSH,Limpieza,Bolsas insecticidas y ambiente,""
7791274195952,REPELENTE VAIS SPRAY,VAIS,Limpieza,Bolsas insecticidas y ambiente,""
7798180818265,REPUESTO 300 HECHIZO,SPIRIT,Limpieza,Bolsas insecticidas y ambiente,""
7790520999511,REPUESTO DIFUSOR ACEITE HARMONY GLADE X 21 CC,GLADE,Limpieza,Bolsas insecticidas y ambiente,""
7798332216277,REPUESTO DIFUSOR CITRUS 350ML,SIN MARCA,Limpieza,Bolsas insecticidas y ambiente,""
7798332216321,REPUESTO DIFUSOR VAINILLA 350ML,SIN MARCA,Limpieza,Bolsas insecticidas y ambiente,""
7798332216338,REPUESTO DIFUSOR VERBENA FRESIAS 350ML,SIN MARCA,Limpieza,Bolsas insecticidas y ambiente,""
7790520031556,REPUESTO GLADE ACNAT NARANJO Y ORQUIDEAS X 21 ML,GLADE,Limpieza,Bolsas insecticidas y ambiente,""
7790520009746,REPUESTO LIQUIDO REPELENTE 45 NOCHES RAID X 1UNI,RAID,Limpieza,Bolsas insecticidas y ambiente,""
7790117002679,ROLLO ASURIN CIERRA FACIL VERDES 60X95 10U.,ASURIN,Limpieza,Bolsas insecticidas y ambiente,""
7790520025326,Rep OFF Invisible Sueños 100ml PVC-110-ml.,OFF,Limpieza,Bolsas insecticidas y ambiente,""
7790520025357,"Rep OFF Invisible Training 98,7ml AER-80-ml.",OFF,Limpieza,Bolsas insecticidas y ambiente,""
7790520161055,Repelente de insectos OFF AER-127-ml.,OFF,Limpieza,Bolsas insecticidas y ambiente,""
7790520004376,Repuesto líquido RAID 45 noches CJA-1-un.,RAID,Limpieza,Bolsas insecticidas y ambiente,""
7798348234357,SAHU PURIFICACION,SIN MARCA,Limpieza,Bolsas insecticidas y ambiente,""
7798348239024,SAHU SANDALO HINDU,SIN MARCA,Limpieza,Bolsas insecticidas y ambiente,""
7798348234449,SAHU TRIPLE MIRRA,SIN MARCA,Limpieza,Bolsas insecticidas y ambiente,""
7798348234364,SAHU TRIPLE SANDALO,SIN MARCA,Limpieza,Bolsas insecticidas y ambiente,""
7798348234470,SAHU X 15 JAZMIN,SIN MARCA,Limpieza,Bolsas insecticidas y ambiente,""
7798348239086,SAHU YAGRA HINDU,SIN MARCA,Limpieza,Bolsas insecticidas y ambiente,""
7798348234302,SAHUMERIO FUERZA INT,SIN MARCA,Limpieza,Bolsas insecticidas y ambiente,""
7798348230021,SAHUMERIO PS INCIENS,SIN MARCA,Limpieza,Bolsas insecticidas y ambiente,""
7798348233282,SAHUMERIO PS LAVANDA,SIN MARCA,Limpieza,Bolsas insecticidas y ambiente,""
7798348230045,SAHUMERIO PS MIRRA,SIN MARCA,Limpieza,Bolsas insecticidas y ambiente,""
7798348234043,SAHUMERIO PS X4 SAND,SIN MARCA,Limpieza,Bolsas insecticidas y ambiente,""
7798348234524,SAHUMERIO TAO X 15 FRUTILLA,TAO,Limpieza,Bolsas insecticidas y ambiente,""
7798112169465,SAHUMX20CITRUS,SIN MARCA,Limpieza,Bolsas insecticidas y ambiente,""
7798112169571,SAHUMX20VAINILLA,SIN MARCA,Limpieza,Bolsas insecticidas y ambiente,""
7793253003333,SELTON MATA CUCARACH,SELTON,Limpieza,Bolsas insecticidas y ambiente,""
7793253005146,SELTON MMM Cas y Jardín Acción Efectiva LAT-360-ml.,SELTON,Limpieza,Bolsas insecticidas y ambiente,""
7793253006792,SELTON REPELENTE,SELTON,Limpieza,Bolsas insecticidas y ambiente,""
7793253006808,SELTON REPELENTE,SELTON,Limpieza,Bolsas insecticidas y ambiente,""
7790117061768,SEPARATA ROLLO ARRAN,SEPARATA,Limpieza,Bolsas insecticidas y ambiente,""
7798180818685,SPRAY 250 SUSURRO,SPIRIT,Limpieza,Bolsas insecticidas y ambiente,""
7798180818555,SPRAY 300 BEBE,SPIRIT,Limpieza,Bolsas insecticidas y ambiente,""
7798180818531,SPRAY 300 GREEN LEM,SPIRIT,Limpieza,Bolsas insecticidas y ambiente,""
7798180818982,SPRAY CANVAS 500,SPIRIT,Limpieza,Bolsas insecticidas y ambiente,""
8480017191335,TABLETA AHUY.MOSQUIT,DIA,Limpieza,Bolsas insecticidas y ambiente,""
7790520995377,TABLETA DOBLE ACCION,RAID,Limpieza,Bolsas insecticidas y ambiente,""
7790520025838,TABLETAS MATA MOSCAS MOSQUITOS FUYI X 12UNI,FUYI,Limpieza,Bolsas insecticidas y ambiente,""
7790520995360,TABLETAS MATA MOSQUITO DOBLE ACCION RAID X 24 UNI,RAID,Limpieza,Bolsas insecticidas y ambiente,""
7797196932255,TOSTADOR FARY HOME CHAPA C DIFUSOR TI,FARY HOME,Limpieza,Bolsas insecticidas y ambiente,""
7791274200274,VAIS REPELENTE 120ML,VAIS,Limpieza,Bolsas insecticidas y ambiente,""
7798180818135,VELA CHICA MELON,SIN MARCA,Limpieza,Bolsas insecticidas y ambiente,""
7798180819019,VELA VASO VETIVER,SPIRIT,Limpieza,Bolsas insecticidas y ambiente,""
7798139040013,VELACIL5X5SANDIA,SIN MARCA,Limpieza,Bolsas insecticidas y ambiente,""
7792389081277,X5 ESPIRALES,X 5,Limpieza,Bolsas insecticidas y ambiente,""
7792389080171,X5 MAX INSECTICIDA,X 5,Limpieza,Bolsas insecticidas y ambiente,""
7501032908720,ZIPLOC BOLSA LLEVAR,ZIPLOC,Limpieza,Bolsas insecticidas y ambiente,""
7790520991386,ZIPLOC STG GALX 19UN,ZIPLOC,Limpieza,Bolsas insecticidas y ambiente,""
7798074284541,ZONALIBRE CREMA MOSQ,ZONA LIBRE,Limpieza,Bolsas insecticidas y ambiente,""
7896001007123,antihumedad NOVICA lavanda 130g POT-130-gr.,NOVICA,Limpieza,Bolsas insecticidas y ambiente,""
7896001007024,antihumedad NOVICA lavanda 80g POT-80-gr.,NOVICA,Limpieza,Bolsas insecticidas y ambiente,""
7501032920142,aromatizante GLADE AUTO SPORT Para autos BLI-7.091-ml.,GLADE AUTO SPORT,Limpieza,Bolsas insecticidas y ambiente,""
7790520017956,aromatizante GLADE AUTO SPORT Para autos BLI-7.091-ml.,GLADE AUTO SPORT,Limpieza,Bolsas insecticidas y ambiente,""
7798273211188,aromatizante textil AROMASS cotton 250ml ATM-250-ml.,AROMASS,Limpieza,Bolsas insecticidas y ambiente,""
7790117000033,bolsa plana ASURIN 60X100 10u BSA-10-un.,ASURIN,Limpieza,Bolsas insecticidas y ambiente,""
7790117000347,bolsa plana ASURIN 80X110 10u PAQ-10-un.,ASURIN,Limpieza,Bolsas insecticidas y ambiente,""
7790117000200,bolsa rollo ASURIN 45X60 30u BSA-30-un.,ASURIN,Limpieza,Bolsas insecticidas y ambiente,""
7790117000231,bolsa rollo ASURIN 50X70 30u BSA-30-un.,ASURIN,Limpieza,Bolsas insecticidas y ambiente,""
7790117061294,bolsa rollo ASURIN baño 30u BSA-30-un.,ASURIN,Limpieza,Bolsas insecticidas y ambiente,""
7794321550209,bolsa rollo TASK 45X60 20u RLL-20-un.,TASK,Limpieza,Bolsas insecticidas y ambiente,""
7794321550216,bolsa rollo TASK 50X70 20u RLL-20-un.,TASK,Limpieza,Bolsas insecticidas y ambiente,""
7794321800571,bolsas plana TASK 45x65 10u PAQ-10-un.,TASK,Limpieza,Bolsas insecticidas y ambiente,""
7790520029553,desodorante GLADE auto refi coco 170ml AER-170-ml.,GLADE,Limpieza,Bolsas insecticidas y ambiente,""
7798273211010,difusor varillas AROMASS jazmin 125ml EST-120-ml.,AROMASS,Limpieza,Bolsas insecticidas y ambiente,""
7790520999436,insect BAYGON  mata cucarachas 300ml AER-300-ml.,BAYGON,Limpieza,Bolsas insecticidas y ambiente,""
7790520999429,insect BAYGON moscas mosquitos 300ml AER-300-ml.,BAYGON,Limpieza,Bolsas insecticidas y ambiente,""
7790520010155,jeringa mata cucarachas RAID CJA-3-gr.,RAID,Limpieza,Bolsas insecticidas y ambiente,""
7790520986160,jeringa mata cucarachas RAID CJA-3-gr.,RAID,Limpieza,Bolsas insecticidas y ambiente,""
7790520994356,liquido electrico RAID 45 noches rep 1u CJA-1-un.,RAID,Limpieza,Bolsas insecticidas y ambiente,""
7501032901851,repelente insect OFF family spray 177ml BOT-170-ml.,BIO REPEL,Limpieza,Bolsas insecticidas y ambiente,""
7790520998965,repelente insect OFF family spray 177ml BOT-170-ml.,BIO REPEL,Limpieza,Bolsas insecticidas y ambiente,""
7790520025814,repelente insectos FUYI aero 170ml AER-170-ml.,FUYI,Limpieza,Bolsas insecticidas y ambiente,""
7790520025845,tabletas FUYI repelente mosquitos 24un CJA-24-un.,FUYI,Limpieza,Bolsas insecticidas y ambiente,""
7793350995029,"AROMATIZANTE CALZADO, ONE SHOT, 103 cm3",ONE SHOT,Limpieza,Cuidado del calzado,""
7501058743145,Autobrillo cobra para cuero marron x 60c PVC-60-ml.,COBRA,Limpieza,Cuidado del calzado,""
7793350992677,BRILLO MAGICO COLOR MARRON WASSINGTON X 41 GRM,WASSINGTON,Limpieza,Cuidado del calzado,""
7793350000280,BRILLO MAGICO WASSINGTON X 41 GRM,WASSINGTON,Limpieza,Cuidado del calzado,""
7793416001022,CEPILLO APLICADOR NEGRO,SIN MARCA,Limpieza,Cuidado del calzado,""
7793416003187,CEPILLO CALZADO 18CM,SIN MARCA,Limpieza,Cuidado del calzado,""
0754697468864,CEPILLO GLOW LAVAZAPATILLAS,GLOW,Limpieza,Cuidado del calzado,""
7791130001694,CERA LIQUIDA PARA CALZADO COBR CAFE BOT 60ML,COBRA,Limpieza,Cuidado del calzado,""
7791130001700,COBRA BRILLO BLANCO,COBRA,Limpieza,Cuidado del calzado,""
7791130001663,COBRA POMADA NEGRA,COBRA,Limpieza,Cuidado del calzado,""
7793350992950,CREMA PARA CALZADO CUERO BLANCA WASSINGTON LAT 39 GRM,WASSINGTON,Limpieza,Cuidado del calzado,""
7793350992660,"ESPONJA ABRILLANT. P/CALZADO NEGRO, WASSINGTON, 1 cu",WASSINGTON,Limpieza,Cuidado del calzado,""
7793350995166,"ESPUMA LIMPIADORA P/CALZADO, WASSINGTON, 150 cm3",WASSINGTON,Limpieza,Cuidado del calzado,""
7793350995272,KIT CEPILLOS X 3 SNEAKERS BRUSH WASSINGTON X 3 UNI,WASSINGTON,Limpieza,Cuidado del calzado,""
7798443761673,KO PANTO AZUL MARINO,KICK OFF,Limpieza,Cuidado del calzado,""
7798443760379,KO PANTO BLANCO,KICK OFF,Limpieza,Cuidado del calzado,""
7798443760362,KO PANTO NEGRO,KICK OFF,Limpieza,Cuidado del calzado,""
7791130001670,POMADA COBRA MARRON 30GR 4EN1 LAT-30-gr.,COBRA,Limpieza,Cuidado del calzado,""
7791130002738,POMADA COBRA MARRON 30GR 4EN1 LAT-30-gr.,COBRA,Limpieza,Cuidado del calzado,""
0000077958945,"POMADA CREMA NEGRA, WASSINGTON, 60 cm3",WASSINGTON,Limpieza,Cuidado del calzado,""
7793350000907,POMADA INCOLORA WASSINGTON LATA X 30 GRM,WASSINGTON,Limpieza,Cuidado del calzado,""
7793350000419,"POMADA LIQ.C/APLICADOR MARRON, WASSINGTON, 60 cm3",WASSINGTON,Limpieza,Cuidado del calzado,""
7791130001687,"POMADA LIQ.C/APLICADOR NEGRO, COBRA, 60 cm3",COBRA,Limpieza,Cuidado del calzado,""
0000077927415,POMADA LIQUIDA MARRÓN CLARO  WASSINGTON FRA. 60 CMQ,WASSINGTON,Limpieza,Cuidado del calzado,""
7793350000402,POMADA LIQUIDA NEGRA WASSINGTON X 60 CC,WASSINGTON,Limpieza,Cuidado del calzado,""
7793350000891,POMADA MARRON WASSINGTON 30 GRM,WASSINGTON,Limpieza,Cuidado del calzado,""
7793350102304,POMADA NEGRA PREMIUM WASSINGTON LATA X 30 GRM,WASSINGTON,Limpieza,Cuidado del calzado,""
0000077958969,POMADA WASSINGTON INCOLORA LAT 60 CC,WASSINGTON,Limpieza,Cuidado del calzado,""
7793350000433,POMADA WASSINGTON INCOLORA LIQUIDA BOT 60 CC,WASSINGTON,Limpieza,Cuidado del calzado,""
7793350994985,WASSINGTON ESPONJA,WASSINGTON,Limpieza,Cuidado del calzado,""
7793350994602,WASSINGTON REPARADOR,WASSINGTON,Limpieza,Cuidado del calzado,""
7793350000150,WASSINTON POMADA,WASSINGTON,Limpieza,Cuidado del calzado,""
7793350000167,WASSINTON POMADA,WASSINGTON,Limpieza,Cuidado del calzado,""
7793350995012,WATERPROOF SPRAY IMP TELAS WASSINGTON X 160 CC,WASSINGTON,Limpieza,Cuidado del calzado,""
0000077958952,pomada WASSINGTON marron 54g POT-54-gr.,WASSINGTON,Limpieza,Cuidado del calzado,""
7793350000440,pomada liquida WASSINGTON blanca 60g POT-60-gr.,WASSINGTON,Limpieza,Cuidado del calzado,""
7794536417816,.ENCENDEDOR POCKET S/E-1-un.,WALPLO,Limpieza,Fósforos y velas,""
7798005420819,AROMO REFIL VELA AROM SOJA 15X20 VARIOS,SIN MARCA,Limpieza,Fósforos y velas,""
7799120005660,CHECK VELAS CHICAS,CHECK,Limpieza,Fósforos y velas,""
7799120005653,CHECK VELAS GRANDES,CHECK,Limpieza,Fósforos y velas,""
7501843503480,ENCEND BIC WAND EZ REACH BL,sin marca,Limpieza,Fósforos y velas,""
6902004095218,ENCENDEDOR CANDELA TRANSPARENTE X 25 UNIDADES,GENERICO,Limpieza,Fósforos y velas,""
0070330609723,ENCENDEDOR CLASIC BIC X 1 UNI,BIC,Limpieza,Fósforos y velas,""
7798322403342,ENCENDEDOR COCI FLEX,CANDE,Limpieza,Fósforos y velas,""
0070330628465,"ENCENDEDOR ELECTRONICO MEGA LIGHTER, BIC, 1 cu",BIC,Limpieza,Fósforos y velas,""
7792389042971,FAROLITO VELAS CHICA,FAROLITO,Limpieza,Fósforos y velas,""
7791190003706,FOSFOROS BUENOS DIAS,BUENOS DIAS,Limpieza,Fósforos y velas,""
7790590016477,FOSFOROS TRES PATITOS TRI CAMPEONES X 222,TRES PATITOS,Limpieza,Fósforos y velas,""
7790590016484,FOSFOROS TRES PATITOS TRI CAMPEONES X 400,TRES PATITOS,Limpieza,Fósforos y velas,""
7791190003690,"FOSFOROS X 400 ß, ANIVERSARIO, 400 cu",ANIVERSARIO,Limpieza,Fósforos y velas,""
7794536000582,MAGICLICK RECARGA DE GAS,MAGICLICK,Limpieza,Fósforos y velas,""
7798239332445,PACKX2VOTIVAGARDE,SIN MARCA,Limpieza,Fósforos y velas,""
7798239332490,PACKX2VOTIVAMARAC,SIN MARCA,Limpieza,Fósforos y velas,""
7798239332469,PACKX2VOTIVAVAINI,SIN MARCA,Limpieza,Fósforos y velas,""
7798239332476,PACKX2VOTSANDPEP,SIN MARCA,Limpieza,Fósforos y velas,""
7798239332506,PACKX2VOTSANDVAI,SIN MARCA,Limpieza,Fósforos y velas,""
0400019471394,SET X3 VELAS JAZMIN,SIN MARCA,Limpieza,Fósforos y velas,""
0400019471530,SET X3 VELAS MARACUYA,SIN MARCA,Limpieza,Fósforos y velas,""
0400019471462,SET X3 VELAS VAINILLA,SIN MARCA,Limpieza,Fósforos y velas,""
0400100518786,SP VOTIVO GARDEN X1 X1,SP,Limpieza,Fósforos y velas,""
0400100518762,SP VOTIVO VAINI X1 X1,SP,Limpieza,Fósforos y velas,""
7790391000101,TUKY VELA NUMERO FLUOR 0,TUKY,Limpieza,Fósforos y velas,""
7790391000118,TUKY VELA NUMERO FLUOR 1,TUKY,Limpieza,Fósforos y velas,""
7790391000132,TUKY VELA NUMERO FLUOR 3,TUKY,Limpieza,Fósforos y velas,""
7790391000170,TUKY VELA NUMERO FLUOR 7,TUKY,Limpieza,Fósforos y velas,""
7798170918203,VEL VINT X3 FRUTI,SIN MARCA,Limpieza,Fósforos y velas,""
7798239338942,VELA 5X5 VERBENA FRESIAS,SIN MARCA,Limpieza,Fósforos y velas,""
7798239339000,VELA 6X6 VERBENA FRESIAS,SIN MARCA,Limpieza,Fósforos y velas,""
7798180818173,VELA AMBAR JAZMIN,SIN MARCA,Limpieza,Fósforos y velas,""
7798180818180,VELA AMBAR VAINILLA,SIN MARCA,Limpieza,Fósforos y velas,""
7798180816827,VELA BURB SERENITY,SIN MARCA,Limpieza,Fósforos y velas,""
7796038041049,VELA C PORTA VEL AZU,COTILLON,Limpieza,Fósforos y velas,""
7798180818166,VELA CHICA CITRUS,SIN MARCA,Limpieza,Fósforos y velas,""
7798180818128,VELA CHICA GARDENIA,SIN MARCA,Limpieza,Fósforos y velas,""
7798180818159,VELA CHICA VAINILLA,SIN MARCA,Limpieza,Fósforos y velas,""
8480017099716,VELA COMUN,DIA,Limpieza,Fósforos y velas,""
7798081510503,VELA DE NOCHE ILUMINARTE BLANCA 160GRS X12,ILUMINARTE,Limpieza,Fósforos y velas,""
7798239339062,VELA DE NOCHE VERBENA FRESIAS,SIN MARCA,Limpieza,Fósforos y velas,""
7798180818845,VELA EN LATA CHICA,SPIRIT,Limpieza,Fósforos y velas,""
7798180818807,VELA EN LATA GRANDE,SPIRIT,Limpieza,Fósforos y velas,""
7790391000095,VELA FLUO INTERROGAN,DERPOL,Limpieza,Fósforos y velas,""
7796038811154,VELA FRASE HAPPY BRI,SIN MARCA,Limpieza,Fósforos y velas,""
0720665994758,VELA LATA 5X6 PE,SIN MARCA,Limpieza,Fósforos y velas,""
0720665994277,VELA LATA 5X6 PM,SIN MARCA,Limpieza,Fósforos y velas,""
0720665994260,VELA LATA 5X6 SAN,SIN MARCA,Limpieza,Fósforos y velas,""
0720665994741,VELA LATA 5X6 VNLLA,SIN MARCA,Limpieza,Fósforos y velas,""
0720665994710,VELA LATA 7X8 PEO,SIN MARCA,Limpieza,Fósforos y velas,""
0720665994871,VELA LATA 7X8 PEONIA,SIN MARCA,Limpieza,Fósforos y velas,""
0720665994734,VELA LATA 7X8 PM,SIN MARCA,Limpieza,Fósforos y velas,""
0720665994727,VELA LATA 7X8 SAN,SIN MARCA,Limpieza,Fósforos y velas,""
0720665994703,VELA LATA 7X8 VNLLA,SIN MARCA,Limpieza,Fósforos y velas,""
0720665994895,VELA LATA V 7X8 PEME,SIN MARCA,Limpieza,Fósforos y velas,""
0720665994888,VELA LATA V 7X8 SAND,SIN MARCA,Limpieza,Fósforos y velas,""
0720665994864,VELA LATA7X8 VAINI,SIN MARCA,Limpieza,Fósforos y velas,""
7798180818036,VELA MAGIC 5X5 COCO,SIN MARCA,Limpieza,Fósforos y velas,""
7798180817893,VELA MAGIC 6X5 BTA,SIN MARCA,Limpieza,Fósforos y velas,""
7798180817916,VELA MAGIC 6X5 COCO,SIN MARCA,Limpieza,Fósforos y velas,""
7798180817978,VELA MAGIC 6X8 COCO,SIN MARCA,Limpieza,Fósforos y velas,""
7799032013616,VELA NOCH JAZ X12,SIN MARCA,Limpieza,Fósforos y velas,""
7799032013623,VELA NOCHE FRUT X12,SIN MARCA,Limpieza,Fósforos y velas,""
7799032013654,VELA NOCHE LAV X12,SIN MARCA,Limpieza,Fósforos y velas,""
7799032013647,VELA NOCHE LIM X12,SIN MARCA,Limpieza,Fósforos y velas,""
7799032013630,VELA NOCHE VAI X12,SIN MARCA,Limpieza,Fósforos y velas,""
7799032014293,VELA NOCHE VIOLE X12,SIN MARCA,Limpieza,Fósforos y velas,""
7798239332803,VELA NOCHE X6 MARACU,SIN MARCA,Limpieza,Fósforos y velas,""
7796038041155,VELA SYLCON LARGA GIBRE,SYLCON,Limpieza,Fósforos y velas,""
7798180818692,VELA TAPA SUSURRO,SPIRIT,Limpieza,Fósforos y velas,""
7798180818708,VELA TAPA TIERRANIA,SPIRIT,Limpieza,Fósforos y velas,""
7798180815981,VELA VASO BEAUTIFUL,SIN MARCA,Limpieza,Fósforos y velas,""
7798180818104,VELA VASO INSPIRE,SIN MARCA,Limpieza,Fósforos y velas,""
7798180818081,VELA VASO PARADISE,SIN MARCA,Limpieza,Fósforos y velas,""
7796343153321,VELA VOTIVA CON CITRONELLA,OLD HARBOR,Limpieza,Fósforos y velas,""
7798239338850,VELA VOTIVA PACK X 2 VERBENA FRESIAS,SIN MARCA,Limpieza,Fósforos y velas,""
7798112165221,VELACIL5X5GARDEN,SIN MARCA,Limpieza,Fósforos y velas,""
7798112163692,VELACIL5X5VAINILL,SIN MARCA,Limpieza,Fósforos y velas,""
7798112168956,VELACIL6X6GARDEN,SIN MARCA,Limpieza,Fósforos y velas,""
7798112169021,VELACIL6X6VAINILL,SIN MARCA,Limpieza,Fósforos y velas,""
7798139041058,VELANOCHX6CITRUS,SIN MARCA,Limpieza,Fósforos y velas,""
7798139041003,VELANOCHX6GARDEN,SIN MARCA,Limpieza,Fósforos y velas,""
7798239332919,VELANOCHX6SANVAI,SIN MARCA,Limpieza,Fósforos y velas,""
7798139041041,VELANOCHX6VAINILL,SIN MARCA,Limpieza,Fósforos y velas,""
7791190000088,VELAS BUENOS DIAS,BUENOS DIAS,Limpieza,Fósforos y velas,""
7796038041094,VELAS C PV ROX2,COTILLON,Limpieza,Fósforos y velas,""
7791102047330,VELAS COOPERATIVA X4U,COOPERATIVA,Limpieza,Fósforos y velas,""
7796038000275,VELAS FINITAS X18,COTILLON,Limpieza,Fósforos y velas,""
7796038811437,VELAS GLOBITOS ROSA,SIN MARCA,Limpieza,Fósforos y velas,""
7798239332797,VELON 5X5 MARACUYA,SIN MARCA,Limpieza,Fósforos y velas,""
7798239332902,VELON 5X5 SAND VAI,SIN MARCA,Limpieza,Fósforos y velas,""
7798239332773,VELON 6X6 MARACUYA,SIN MARCA,Limpieza,Fósforos y velas,""
7798239332889,VELON 6X6 SAND VAINI,SIN MARCA,Limpieza,Fósforos y velas,""
7798170918227,VELONCITO CITRO X3,SIN MARCA,Limpieza,Fósforos y velas,""
7791190000606,Velas b/dias 120gr PAQ 4 un. PAQ-4-un.,BUENOS DIAS,Limpieza,Fósforos y velas,""
7791190000095,Velas buenos dias PAQ 1 un. 68 gramos Si PAQ-1-un.,BUENOS DIAS,Limpieza,Fósforos y velas,""
7791190000613,Velas buenos dias PAQ 1 un. 68 gramos Si PAQ-1-un.,BUENOS DIAS,Limpieza,Fósforos y velas,""
7790590016439,fosforos TRES PATITOS mundial 222u CJA-220-un.,TRES PATITOS,Limpieza,Fósforos y velas,""
7790590016446,fosforos TRES PATITOS mundial 400u CJA-400-un.,TRES PATITOS,Limpieza,Fósforos y velas,""
7790990002957,ACE POLVO ALTA ESP,ACE,Limpieza,Lavado de ropa,""
8480017243034,APRESTO AEROSOL,DIA,Limpieza,Lavado de ropa,""
7798124362656,APRESTO AROMA LIROS,ECOVI,Limpieza,Lavado de ropa,""
7791130963329,APRESTO DOYPAC,ROBIN,Limpieza,Lavado de ropa,""
7791130001137,APRESTO P ROPA GATILLO ROBIN X 500 CC,ROBIN,Limpieza,Lavado de ropa,""
7793253003241,AYUDIN ROPA COL VIVO,AYUDIN,Limpieza,Lavado de ropa,""
7793253003418,Ayudin Ropa Colores Vivos 700ml BOT-750-ml.,AYUDIN,Limpieza,Lavado de ropa,""
7793253004781,Ayudin Ropa Quita Manchas Blancos 2L BOT-2000-ml.,AYUDIN,Limpieza,Lavado de ropa,""
7793253003265,Ayudín Ropa Quitamanchas Blanco Supremo DOY-650-ml.,AYUDIN,Limpieza,Lavado de ropa,""
7792389079977,BORITA SOL,BORITA,Limpieza,Lavado de ropa,""
7791290795952,COMFORT CONC DOYPACK,COMFORT,Limpieza,Lavado de ropa,""
7891150105836,COMFORT SUAVIZ SEGREDOS 10 BOT 12 X 500 ML,COMFORT,Limpieza,Lavado de ropa,""
7790990002162,DET LIQ ZORRO CLASICO DP,ZORRO,Limpieza,Lavado de ropa,""
7798124362243,Detergente Liquido Baja Espuma Ecovita DOY-3000-ml.,ECOVITA,Limpieza,Lavado de ropa,""
7790990001820,GRAN FEDERAL SUAVI,GRAN FEDERAL,Limpieza,Lavado de ropa,""
7791290792791,JAB LIQ BIO ENZ DP,SKIP,Limpieza,Lavado de ropa,""
7791102071380,JAB LIQ CONC COOPERATIVA,COOPERATIVA,Limpieza,Lavado de ropa,""
7791290796478,JAB LIQ CONC LIMON,GRANB,Limpieza,Lavado de ropa,""
7791102078143,JAB LIQ COOPERATIVA,COOPERATIVA,Limpieza,Lavado de ropa,""
7791290792043,JAB LIQ DILUIR ECO,ALA,Limpieza,Lavado de ropa,""
7791290792036,JAB LIQ ECOLAV DP,ALA,Limpieza,Lavado de ropa,""
7798131250519,JAB LIQ LAV ROPA DP,HEROE,Limpieza,Lavado de ropa,""
7791290792838,JAB LIQ P.DILU BIO,SKIP,Limpieza,Lavado de ropa,""
7791290795518,JAB LIQ POWER DELUXE,SKIP,Limpieza,Lavado de ropa,""
7790990003220,JAB LIQ QUITAMANCHAS,ARIEL,Limpieza,Lavado de ropa,""
7791290795143,JAB LIQ ROPA ROSAS,GRANB,Limpieza,Lavado de ropa,""
7791290792142,JAB POLVO MATIC MSOL,ALA,Limpieza,Lavado de ropa,""
7790990003794,JAB POLVO ZORRO BICARBONA,ZORRO,Limpieza,Lavado de ropa,""
7791290793446,JAB PVO BIO ENZIMAS,SKIP,Limpieza,Lavado de ropa,""
7891035040191,JABON EN BARRA ROPA COLOR VANISH X 75 GRS,VANISH,Limpieza,Lavado de ropa,""
7794218106854,JABON EN PAN MAXIMA BLANCURA ARGENTINO 1 X 150 GRS,ARGENTINO,Limpieza,Lavado de ropa,""
7790990001837,JABON EN PAN ROPA FINA FEDERAL PAQ 150 GRM,FEDERAL,Limpieza,Lavado de ropa,""
7790990002940,JABON EN POLVO ALTA ESPUMA ACE X 800 GRM,ACE,Limpieza,Lavado de ropa,""
7790990002926,JABON EN POLVO BAJA ESPUMA ACE X 800 GRM,ACE,Limpieza,Lavado de ropa,""
7790990003886,JABON EN POLVO LAV MANO BICARB A E ZORRO X 800GRM,ZORRO,Limpieza,Lavado de ropa,""
7798131250632,JABON HEROE CLASICO,HEROE,Limpieza,Lavado de ropa,""
7791290795495,JABON LIQ C/BICARBON,ALA,Limpieza,Lavado de ropa,""
7791290795501,JABON LIQ POWER OXI,SKIP,Limpieza,Lavado de ropa,""
7790990002988,JABON LIQUIDO CLASICO ACE DOYPACK X 3000 CC,ACE,Limpieza,Lavado de ropa,""
7791290795129,JABON LIQUIDO LIMON,GRANB,Limpieza,Lavado de ropa,""
7790990002858,JABON LIQUIDO P DILUIR ACE CLASICO BOT X 500 CC,ACE,Limpieza,Lavado de ropa,""
7790990001370,JABÓN EN POLVO MATIC  LIMZUL PAQ 800 GRM,LIMZUL,Limpieza,Lavado de ropa,""
7798124362649,JABÓN LÍQUIDO EVOLUTION ECOVITA BOT 3 LTR,ECOVITA,Limpieza,Lavado de ropa,""
7501058753458,POLVO QUITAMANCH WHI,VANISH,Limpieza,Lavado de ropa,""
7791130001762,PRE OXI GEL PODER DP,VANIS,Limpieza,Lavado de ropa,""
7891035040276,"PRELAVADO BARRA QUITAMANCHAS BLANCO, VANISH, 75 gr",VANISH,Limpieza,Lavado de ropa,""
7791130001748,PRELAVADO QUITAMANCH,VANISH,Limpieza,Lavado de ropa,""
7791130001830,PRELAVADO WHITE VANISH GATILLO X 500 CC,VANISH,Limpieza,Lavado de ropa,""
7791130014137,Pre Tratado VANISH White gatillo PET-500-ml.,VANISH,Limpieza,Lavado de ropa,""
7791130001786,Pre Tratado VANISH repuesto White DOY-400-ml.,VANISH,Limpieza,Lavado de ropa,""
7793253175634,Prelavado ARCO IRIS repuesto DOY-500-ml.,ARCO IRIS,Limpieza,Lavado de ropa,""
7793253051204,Prelavado TRENET Bolilla PVC-120-ml.,TRENET,Limpieza,Lavado de ropa,""
7791130001854,Prelavado VANISH repuesto p/lavarropas DOY-400-ml.,VANISH,Limpieza,Lavado de ropa,""
7791130105835,Prelavado VANISH repuesto p/lavarropas DOY-400-ml.,VANISH,Limpieza,Lavado de ropa,""
7702626214825,QUITA MANCH POL ROSA,VANIS,Limpieza,Lavado de ropa,""
7793253007065,QUITAMANCHA EN POLVO,TRENE,Limpieza,Lavado de ropa,""
7793253003258,QUITAMANCHAS BLANCO EXTREMO AYUDIN DP X 400 CC,AYUDIN,Limpieza,Lavado de ropa,""
7793253401030,QUITAMANCHAS BOLILLA,TRENE,Limpieza,Lavado de ropa,""
7793253003234,QUITAMANCHAS COLORES VIVOS AYUDIN DP X 400 CC,AYUDIN,Limpieza,Lavado de ropa,""
7793253003425,"QUITAMANCHAS LIQ. BCO. SUP.S/L BOT, AYUDIN, 700 cm3",AYUDIN,Limpieza,Lavado de ropa,""
7791130002240,QUITAMANCHAS LIQ.DP,VANIS,Limpieza,Lavado de ropa,""
7791130962025,QUITAMANCHAS LIQUIDO ROSA VANISH DOY PACK X 650 CC,VANISH,Limpieza,Lavado de ropa,""
7791130002271,QUITAMANCHAS LIQUIDO WHITE VANISH DOY PACK X 400CC,VANISH,Limpieza,Lavado de ropa,""
7791130962032,QUITAMANCHAS LIQUIDO WHITE VANISH DOY PACK X 650CC,VANISH,Limpieza,Lavado de ropa,""
7793253003432,QUITAMANCHAS P ROPA COLOR AYUDIN BOT X 1.5 LT,AYUDIN,Limpieza,Lavado de ropa,""
7702626214832,QUITAMANCHAS POLVO BLANCO VANISH DP X 450 GRM,VANISH,Limpieza,Lavado de ropa,""
7793253007072,"QUITAMANCHAS POLVO P. PRECISION DP, TRENET, 450 gr",TRENET,Limpieza,Lavado de ropa,""
7793253007096,"QUITAMANCHAS POLVO P.PRECISION POTE, TRENET, 450 gr",TRENET,Limpieza,Lavado de ropa,""
7793253002565,Quitamanchas AYUDIN Ropa en polvo DOY-450-gr.,AYUDIN,Limpieza,Lavado de ropa,""
7791130001731,Quitamanchas Vanish Power Gel bot 200 Ml BOT-200-ml.,VANISH,Limpieza,Lavado de ropa,""
7793253001186,REPUESTO QUITAMANCHA,TRENET,Limpieza,Lavado de ropa,""
7891150091979,SUAV CONC SEGREDO 36,COMFO,Limpieza,Lavado de ropa,""
7500435243612,SUAV CONCEN BR SUAVE,DOWNY,Limpieza,Lavado de ropa,""
7798131250014,SUAV HEROE BRIS.SILV 900M,HEROE,Limpieza,Lavado de ropa,""
7798131250038,SUAV HEROE FRESCURA MATI,HEROE,Limpieza,Lavado de ropa,""
7791290795969,SUAVI CONC P ROPA BRISA ELEGANT DP COMFORT X 450CC,COMFORT,Limpieza,Lavado de ropa,""
7500435159999,SUAVI CONCEN ADORAVE,DOWNY,Limpieza,Lavado de ropa,""
7500435201292,SUAVI CONCENT INTESO,DOWNY,Limpieza,Lavado de ropa,""
7791290793675,SUAVIZ CLAS FRAG DP,COMFO,Limpieza,Lavado de ropa,""
7791290793613,SUAVIZ CONC BRIS ELE,CONFO,Limpieza,Lavado de ropa,""
8480017288660,SUAVIZ CONC LIRIOS,DIA,Limpieza,Lavado de ropa,""
7506339332643,SUAVIZ P/ROPA BRISA,DOWNY,Limpieza,Lavado de ropa,""
7798124361543,SUAVIZ P/ROPA HIPOAL,BABYC,Limpieza,Lavado de ropa,""
8480017293909,SUAVIZ ROPA FLORES,DIA,Limpieza,Lavado de ropa,""
7791290796621,SUAVIZANTE CLASICO FLORAL VIVERE DP X 3 LT,VIVERE,Limpieza,Lavado de ropa,""
7500435160070,SUAVIZANTE CONC ADORABLE DOWNY BOT X 900 CC,DOWNY,Limpieza,Lavado de ropa,""
7500435201285,SUAVIZANTE CONC BRISA INTENSO DOWNY BOT X 1 L,DOWNY,Limpieza,Lavado de ropa,""
7891150105843,"SUAVIZANTE CONC. SEG.10 BRIDGE. BOT, COMFORT, 1000 cm3",COMFORT,Limpieza,Lavado de ropa,""
7506339389876,"SUAVIZANTE CONC.LIRIOS DE CAMPO BOT, DOWNY, 1000 cm3",DOWNY,Limpieza,Lavado de ropa,""
7500435160001,SUAVIZANTE CONCEN MISTICO DOWNY BOT X 900 CC,DOWNY,Limpieza,Lavado de ropa,""
7891150045484,SUAVIZANTE CONCENT BRISA ELEGANTE COMFORT BOT X1LT,COMFORT,Limpieza,Lavado de ropa,""
7891150028944,SUAVIZANTE CONCENT CUID ESENCIAL COMFORT BOT X 1LT,COMFORT,Limpieza,Lavado de ropa,""
7791290793576,SUAVIZANTE CONCENT CUID ESENCIAL COMFORT DP X 1 LT,COMFORT,Limpieza,Lavado de ropa,""
7791290796546,SUAVIZANTE CONCENT LAVANDA COMFORT DP X 1 LT,COMFORT,Limpieza,Lavado de ropa,""
7791290796614,SUAVIZANTE D/ROPA CLÁSICO VIVERE BOT 3 LTR,VIVERE,Limpieza,Lavado de ropa,""
7791290793774,SUAVIZANTE D/ROPA PLANCHA FÁCIL VIVERE DOY 810 ML,VIVERE,Limpieza,Lavado de ropa,""
7798124362496,SUAVIZANTE EPICO DP,ECOVI,Limpieza,Lavado de ropa,""
7791290796645,"SUAVIZANTE ETER PRIMAV MAS INTEN DP, VIVERE, 900 cm3",VIVERE,Limpieza,Lavado de ropa,""
7798124362052,"SUAVIZANTE FLORES INTENSE DP, ECOVITA, 900 cm3",ECOVITA,Limpieza,Lavado de ropa,""
7798124362540,SUAVIZANTE ORQUIDEAS,ECOVI,Limpieza,Lavado de ropa,""
7791905002598,SUAVIZANTE P ROPA FLOR BOS PREM QUERUBIN X 900 CC,QUERUBIN,Limpieza,Lavado de ropa,""
7791905003373,SUAVIZANTE P ROPA FLORES SILVESTRES QUERUBIN X 3LT,QUERUBIN,Limpieza,Lavado de ropa,""
7791905000921,SUAVIZANTE P ROPA PREMIUM QUERUBIN DP X 900 CC,QUERUBIN,Limpieza,Lavado de ropa,""
7798131250021,SUAVIZANTE P/ROPA,HEROE,Limpieza,Lavado de ropa,""
7790990000595,SUAVIZANTE P/ROPA CARICIAS D/ALGODÓN SUAVE DOY 900 ML,SUAVE,Limpieza,Lavado de ropa,""
7791290793682,SUAVIZANTE PARA ROPA,COMFORT,Limpieza,Lavado de ropa,""
7791290796607,SUAVIZANTE PARA ROPA,VIVERE,Limpieza,Lavado de ropa,""
7798124362489,SUAVIZANTE UNICO DP,ECOVI,Limpieza,Lavado de ropa,""
7790990000588,Suave Federal Violetas del Campo 3L DOY-3000-ml.,SUAVE,Limpieza,Lavado de ropa,""
7793253002589,ULTRA QUITAMANCHAS,AYUDI,Limpieza,Lavado de ropa,""
7791130962629,VANISH Oxi gel pre lavado PVC-500-ml.,VANISH,Limpieza,Lavado de ropa,""
7791130001755,VANISH REMOVEDOR DE,VANISH,Limpieza,Lavado de ropa,""
7791290793712,VIVERE SUAV VIOL Y F,VIVERE,Limpieza,Lavado de ropa,""
7702626217048,Vanish Polvo White Doypack 850 Gr DOY-850-gr.,VANISH,Limpieza,Lavado de ropa,""
7790990003879,ZORRO BICARBONATO,ZORRO,Limpieza,Lavado de ropa,""
7790990001929,ZORRO ESCUDO PROTECC,ZORRO,Limpieza,Lavado de ropa,""
7791130962407,det.WOOLITE Lav. a Mano Ropa Bebé 450ml DOY-450-ml.,WOOLITE,Limpieza,Lavado de ropa,""
7791130003643,detergente WOOLITE Ropa fina DOY-900-ml.,WOOLITE,Limpieza,Lavado de ropa,""
7798124362342,detergente liq ECOVITA intense DP 3000ml DOY-3-lt.,ECOVITA,Limpieza,Lavado de ropa,""
7790990002674,detergente liquido LIMZUL matic dp 3lt DOY-3000-ml.,LIMZUL,Limpieza,Lavado de ropa,""
7791290795136,jabon  GRANBY bicarbon rosas dp 3lt DOY-3000-ml.,GRANBY,Limpieza,Lavado de ropa,""
7790990001813,jabon compacto GRAN FEDERAL puro 150g PAQ-150-gr.,GRAN FEDERAL,Limpieza,Lavado de ropa,""
7790990001776,jabon compacto ZORRO clasico 150g 2u PAQ-300-gr.,ZORRO,Limpieza,Lavado de ropa,""
7790990001769,jabon compacto ZORRO clasico 150g PAQ-150-gr.,ZORRO,Limpieza,Lavado de ropa,""
7791290793453,jabon en pan ALA ecolavado coco 1u 200g PAS-200-gr.,ALA,Limpieza,Lavado de ropa,""
7790990002810,jabon liquido ARIEL delicados dp 800ml DOY-800-ml.,ARIEL,Limpieza,Lavado de ropa,""
7791290793545,jabon polvo ropa SKIP bio enzimas 2.5kg BSA-2500-gr.,SKIP,Limpieza,Lavado de ropa,""
7793253001162,prelavado TRENET Gatillo PET-500-ml.,TRENET,Limpieza,Lavado de ropa,""
7793253189006,prelavado TRENET Gatillo PET-500-ml.,TRENET,Limpieza,Lavado de ropa,""
7793350632184,quitamanchas REX 180cc AER-180-ml.,REX,Limpieza,Lavado de ropa,""
7791130001892,quitamanchas VANISH Poder O2 white lavar DOY-400-ml.,VANISH,Limpieza,Lavado de ropa,""
7791130015011,quitamanchas VANISH Poder O2 white lavar DOY-400-ml.,VANISH,Limpieza,Lavado de ropa,""
7791130015004,quitamanchas VANISH Pre-Lavado DOY-400-ml.,VANISH,Limpieza,Lavado de ropa,""
7791290793729,suav VIVERE violestas flores DP 900ml DOY-900-ml.,VIVERE,Limpieza,Lavado de ropa,""
7792389000407,suavizante  BORITA  perf. de violetas PCH-900-ml.,BORITA,Limpieza,Lavado de ropa,""
7792389000414,suavizante  BORITA brisa de campo PCH-900-ml.,BORITA,Limpieza,Lavado de ropa,""
7791290793606,suavizante COMFORT hipoalergenico DP 1lt DOY-1000-ml.,COMFORT,Limpieza,Lavado de ropa,""
7790990002681,suavizante ZORRO elegante DP 900ml DOY-900-ml.,ZORRO,Limpieza,Lavado de ropa,""
7790990002698,suavizante ZORRO oriental DP 900ml DOY-900-ml.,ZORRO,Limpieza,Lavado de ropa,""
7791130002431,ABRILLANTADOR P MAQUINA LAVAVAJILLA FINISH X 400CC,FINISH,Limpieza,Lavavajillas,""
7790990003947,ANTIGR MAGISTRAL DP LIMON,MAGISTRAL,Limpieza,Lavavajillas,""
7792389081604,BORA CONCENTRADO,BORA,Limpieza,Lavavajillas,""
7799120002935,CHECK LAVAVA DILUIDO,CHECK,Limpieza,Lavavajillas,""
7799120002966,CHECK LAVAVA DILUIDO,CHECK,Limpieza,Lavavajillas,""
7791290796041,CIF LAVAVAJILL LIMA,CIF,Limpieza,Lavavajillas,""
7791290796720,DET ACTIVEGEL ORIGIN,CIF,Limpieza,Lavavajillas,""
7791102073506,DET CONC COOPERATIVA LIMO,COOPERATIVA,Limpieza,Lavavajillas,""
7790990003039,DETER ULTRA LIMON,MAGISTRAL,Limpieza,Lavavajillas,""
7790990003268,DETER.LAVAV.ULTRA LIMÓN VERDE MAGISTRAL PLATINUM+ BOT 300 ML,MAGISTRAL,Limpieza,Lavavajillas,""
7790990003282,DETER.LAVAV.ULTRA LIMÓN VERDE MAGISTRAL PLATINUM+ BOT 750 ML,MAGISTRAL,Limpieza,Lavavajillas,""
7798131250724,DETERGEN LIMON ULTRA,HEROE,Limpieza,Lavavajillas,""
7790990003411,DETERGENTE CREM ULTRA LIMON MAGISTRAL BOT X 500CC,MAGISTRAL,Limpieza,Lavavajillas,""
7790990003329,DETERGENTE CREMOSO C/GLICERINA FLORES ROSAS LIMZUL BOT 750 ML,LIMZUL,Limpieza,Lavavajillas,""
7790990003480,DETERGENTE LIMON CON GLICERINA ZORRO DP 450 ML,ZORRO,Limpieza,Lavavajillas,""
7790990003053,DETERGENTE LIMÓN MAGISTRAL BOT 1.4 LTR,MAGISTRAL,Limpieza,Lavavajillas,""
7791290796744,"DETERGENTE LIQ ACTIVE GEL LIMON BOT, CIF, 750 cm3",CIF,Limpieza,Lavavajillas,""
7790990003381,"DETERGENTE LIQ. PLATINUM LIMON A., MAGISTRAL, 500 cm3",MAGISTRAL,Limpieza,Lavavajillas,""
7790990003398,"DETERGENTE LIQ. PLATINUM LIMON A., MAGISTRAL, 750 cm3",MAGISTRAL,Limpieza,Lavavajillas,""
7791130963312,DETERGENTE TABLETAS FINISH QUANTUM DP X 15 UNI,FINISH,Limpieza,Lavavajillas,""
3059946160139,"DETERGENTE TABLETAS P/MAQUINA LAV., FINISH, 30 cu",FINISH,Limpieza,Lavavajillas,""
7790990003404,DETERGENTE ULTRA DESENG.LIMÓN MAGISTRAL BOT 300 ML,MAGISTRAL,Limpieza,Lavavajillas,""
7798184581639,DETERGENTE ULTRA FRAGANCIA ALOE VERA MUL PCH-100-ml.,MULTIMAX,Limpieza,Lavavajillas,""
7798184581646,DETERGENTE ULTRA FRAGANCIA GLICERINA MUL PCH-100-ml.,MULTIMAX,Limpieza,Lavavajillas,""
7798184581622,DETERGENTE ULTRA LIMON MULTIMAX SOBRE X 100 ML,MULTIMAX,Limpieza,Lavavajillas,""
7791905024811,DETERGENTE ULTRA LIMON ODEX X 250 CC,ODEX,Limpieza,Lavavajillas,""
7791905024828,DETERGENTE ULTRA LIMON ODEX X 500 CC,ODEX,Limpieza,Lavavajillas,""
7792052046053,Detergente lavavajilla cremoso Limon Jum BOT-750-ml.,JUMBO HOME CARE MP,Limpieza,Lavavajillas,""
7702626219912,FINISH POLVO POUCH,FINIS,Limpieza,Lavavajillas,""
7791130963619,FINISH TABLETAS,FINISH,Limpieza,Lavavajillas,""
7798270244509,GV LAVAVAJILLA ULTRA,GREAT VALUE,Limpieza,Lavavajillas,""
7798131250526,HEROE LAVAVAJILLA PL,HEROE,Limpieza,Lavavajillas,""
7798131250472,HEROE LAVAVAJILLA UL,HEROE,Limpieza,Lavavajillas,""
7798131250489,HEROE LAVAVAJILLA UL,HEROE,Limpieza,Lavavajillas,""
7798131250540,LAVAV HEROE GLICERINA PLU,HEROE,Limpieza,Lavavajillas,""
7798131250533,LAVAV HEROE LIMON PLUS,HEROE,Limpieza,Lavavajillas,""
7798369750423,LAVAV P PRECIO GLICERINA,PRIMER PRECIO,Limpieza,Lavavajillas,""
7791290796706,LAVAVAJ ACT GEL ORIG,CIF,Limpieza,Lavavajillas,""
7791290796751,LAVAVAJ ACTGEL LIMO,CIF,Limpieza,Lavavajillas,""
7791290794085,LAVAVAJ BIO LIMON DP,CIF,Limpieza,Lavavajillas,""
7791290794092,LAVAVAJ BIOAC LIMA D,CIF,Limpieza,Lavavajillas,""
7791290794078,LAVAVAJ BIOACT LIMON,CIF,Limpieza,Lavavajillas,""
7791290794320,LAVAVAJ CONCE OCEANO,ALA,Limpieza,Lavavajillas,""
7791290794276,LAVAVAJ CONCENT LIMO,ALA,Limpieza,Lavavajillas,""
7791290794306,LAVAVAJ CONCENT POME,ALA,Limpieza,Lavavajillas,""
7790990003046,LAVAVAJ ULTRA LIMON,MAGISTRAL,Limpieza,Lavavajillas,""
7791290794108,LAVAVAJI BIOACT LIMA,CIF,Limpieza,Lavavajillas,""
7791290794115,LAVAVAJI BIOACT LIMA,CIF,Limpieza,Lavavajillas,""
7791290794122,LAVAVAJI BIOACT LIMA,CIF,Limpieza,Lavavajillas,""
8480017311207,LAVAVAJI ULTRA ALOE,DIA,Limpieza,Lavavajillas,""
7790990003787,LAVAVAJI ULTRA LIMON,MAGISTRAL,Limpieza,Lavavajillas,""
7791290794054,LAVAVAJILL BIOACT LI,CIF,Limpieza,Lavavajillas,""
7500435229968,MAGISTRAL PLATINUM,MAGISTRAL,Limpieza,Lavavajillas,""
7790990003107,MAGISTRAL PUR ACTIVA,MAGISTRAL,Limpieza,Lavavajillas,""
7792389001848,deterg. lavavaj. BORA  plus limon al 10% PET-750-ml.,BORA,Limpieza,Lavavajillas,""
7792389001855,deterg. lavavaj.BORA plus manzana al 10% PVC-750-ml.,BORA,Limpieza,Lavavajillas,""
7790990003121,detergente MAGISTRAL ult mar bot 300ml BOT-300-ml.,MAGISTRAL,Limpieza,Lavavajillas,""
7790990003145,detergente MAGISTRAL ult mar bot 750ml BOT-750-ml.,MAGISTRAL,Limpieza,Lavavajillas,""
8002910006938,detergente para lavavajillas FINISH PVC-1000-gr.,FINISH,Limpieza,Lavavajillas,""
7791290792463,lavavajilla SUN para maquina 1kg BOT-1000-gr.,SUN,Limpieza,Lavavajillas,""
7805010002258,sal para lavavajillas FINISH CJA-1000-gr.,FINISH,Limpieza,Lavavajillas,""
8000580203329,sal para lavavajillas FINISH CJA-1000-gr.,FINISH,Limpieza,Lavavajillas,""
7805000321970,sal regen SUN lavavajillas antisarro 1kg CJA-1000-gr.,SUN,Limpieza,Lavavajillas,""
7798184586177,tableta lavavaj BRILL MATIC todo uno 10u CJA-200-gr.,BRILL,Limpieza,Lavavajillas,""
7790520028747,AEROSOL ORIGINAL,BLEM,Limpieza,Limpiadores del hogar,""
7791905023227,"AGUA LAVANDINA COMUN, ODEX, 4000 cm3",ODEX,Limpieza,Limpiadores del hogar,""
7791905000020,"AGUA LAVANDINA CONCENTRADA, QUERUBIN, 1000 cm3",QUERUBIN,Limpieza,Limpiadores del hogar,""
7790520031877,AUTOBRILLO CERAMICOL ROJO,CERAMICOL,Limpieza,Limpiadores del hogar,""
7790520031952,"AUTOBRILLO INCOLORO BOT, CERAMICOL, 750 cm3",CERAMICOL,Limpieza,Limpiadores del hogar,""
7790520995650,AUTOBRILLO INCOLORO CERAMICOL DP X 450 CC,CERAMICOL,Limpieza,Limpiadores del hogar,""
7790613071087,"AUTOBRILLO P/PISOS INCOLORO DP, SUIZA, 400 cm3",SUIZA,Limpieza,Limpiadores del hogar,""
7790613071100,"AUTOBRILLO P/PISOS ROJO DP, SUIZA, 400 cm3",SUIZA,Limpieza,Limpiadores del hogar,""
7793253003821,Ayudín Lavandina en Gel Menta 700ml BOT-700-ml.,AYUDIN,Limpieza,Limpiadores del hogar,""
7793253003869,Ayudín Lavandina en Gel Original 1500ml BOT-1500-ml.,AYUDIN,Limpieza,Limpiadores del hogar,""
7790520026309,BLOQUE ADH INODORO FLORAL PATO X 3 UNI,PATO,Limpieza,Limpiadores del hogar,""
7790520028921,"BLOQUE ADHES.WC. BRISA TROPICA PATO PURIFIC CJA 24,6 GRM",PATO PURIFIC,Limpieza,Limpiadores del hogar,""
7790520024510,BLOQUE P MOCHILA DE BANO PATO PURIFIC X 80 GRM,PATO PURIFIC,Limpieza,Limpiadores del hogar,""
7790520014863,BLOQUE P/MOCHILA,PATO,Limpieza,Limpiadores del hogar,""
7790520995599,Blem Emb. Cerámicos Flo. DP 450 ml DOY-450-ml.,BLEM,Limpieza,Limpiadores del hogar,""
7790520992963,Blem Emb. Cerámicos Rojo BT 800 ml BOT-800-ml.,BLEM,Limpieza,Limpiadores del hogar,""
7790520995605,Blem Emb. Cerámicos Rojo DP 450 ml DOY-450-ml.,BLEM,Limpieza,Limpiadores del hogar,""
7791290794177,CANASTA INODORO 4EN1 PINO VIM X 35 GRS,VIM,Limpieza,Limpiadores del hogar,""
7793253002527,CANASTA INODORO BRISA POLAR POETT X 1 UNI,POETT,Limpieza,Limpiadores del hogar,""
7790520028945,CANASTA INODORO SOLIDA LAV REPUESTO GLADE X27.5GRS,GLADE TOQUE,Limpieza,Limpiadores del hogar,""
7790520026132,CANASTA LIQ LAVANDA,PATO,Limpieza,Limpiadores del hogar,""
7790613001077,CERA LIQ SUIZA MAD NAT,SUIZA,Limpieza,Limpiadores del hogar,""
7790613001084,CERA LIQ SUIZA ROB CLARO,SUIZA,Limpieza,Limpiadores del hogar,""
7790613001091,CERA LIQ SUIZA ROB OSCURO,SUIZA,Limpieza,Limpiadores del hogar,""
7790613071544,"CERA PASTA MADERA ROBLE OSCURO, SUIZA, 450 cm3",SUIZA,Limpieza,Limpiadores del hogar,""
7790520028556,CERA PISO PLASTIFICA,CERAM,Limpieza,Limpiadores del hogar,""
7798270245445,CHECK LAVANDINA GEL,CHECK,Limpieza,Limpiadores del hogar,""
7799120002379,CHECK LIMPIA VIDRIOS,CHECK,Limpieza,Limpiadores del hogar,""
7791229153327,COMODIN PRACTIB MANZ,COMODIN,Limpieza,Limpiadores del hogar,""
7793253003500,DESIN FRESC LAVANDA,POETT,Limpieza,Limpiadores del hogar,""
7790520995315,DESINF AEROSOL LAVAN,LYSOFORM,Limpieza,Limpiadores del hogar,""
7793253003647,DESINF ALEGR TU DIA,POETT,Limpieza,Limpiadores del hogar,""
7793253003548,DESINF FLORES PRIMAV,POETT,Limpieza,Limpiadores del hogar,""
7793253003517,DESINF FRESC LAVANDA,POETT,Limpieza,Limpiadores del hogar,""
7793253004729,DESINF LIMPIADOR MAR,AYUDN,Limpieza,Limpiadores del hogar,""
7790520995285,DESINFECT AMB ORIGIN,LYSOFORM,Limpieza,Limpiadores del hogar,""
7798068989155,DESTAPA CANERIAS 1LT,PENETRIT,Limpieza,Limpiadores del hogar,""
7790132072206,DESTAPACANERIAS AYUDIN X 1 L,AYUDIN,Limpieza,Limpiadores del hogar,""
7790132009158,DESTAPACAÑERIAS,PLOMERO,Limpieza,Limpiadores del hogar,""
7790520028082,DISC ADHESIV LAV FUL,PATO,Limpieza,Limpiadores del hogar,""
7791130000147,ESPADOL DETTOL WIPES ORIGINAL 50UN,ESPADOL DETTOL,Limpieza,Limpiadores del hogar,""
7791130963589,HARPIC PASTILLA INOD,HARPIC,Limpieza,Limpiadores del hogar,""
7790520998927,IMPIA HORNOS,MRMUS,Limpieza,Limpiadores del hogar,""
7793253003715,LAVAN LAV TRI PODER,AYUDI,Limpieza,Limpiadores del hogar,""
7793253003777,LAVANDINA ANTISPLASH,AYUDIN,Limpieza,Limpiadores del hogar,""
7798131250380,LAVANDINA CLÁSICA,HEROE,Limpieza,Limpiadores del hogar,""
7798131250397,LAVANDINA CLÁSICA,HEROE,Limpieza,Limpiadores del hogar,""
7791905000037,LAVANDINA CONCENTRADA QUERUBIN X 2 LT,QUERUBIN,Limpieza,Limpiadores del hogar,""
7793253003791,LAVANDINA EN GEL,AYUDIN,Limpieza,Limpiadores del hogar,""
7793253003807,LAVANDINA EN GEL CIT,AYUDI,Limpieza,Limpiadores del hogar,""
7793253005863,LAVANDINA EN GEL CITRICA AYUDIN X 500 CC,AYUDIN,Limpieza,Limpiadores del hogar,""
7793253005856,LAVANDINA EN GEL ORIGINAL AYUDIN BOTELLA X 500 CC,AYUDIN,Limpieza,Limpiadores del hogar,""
7791290794955,LAVANDINA GEL ORIGIN,VIM,Limpieza,Limpiadores del hogar,""
7790132098459,LAVANDINA ORIG MULTI,AYUDIN,Limpieza,Limpiadores del hogar,""
7793253006709,LAVANDINA ORIGINAL,AYUDIN,Limpieza,Limpiadores del hogar,""
7791905023203,LAVANDINA ORIGINAL ODEX X 1 LT,ODEX,Limpieza,Limpiadores del hogar,""
7791905023210,LAVANDINA ORIGINAL ODEX X 2 LT,ODEX,Limpieza,Limpiadores del hogar,""
7791905000372,LAVANDINA QUERUBIN BID 4 LTR,QUERUBIN,Limpieza,Limpiadores del hogar,""
8480017240699,LAVANDINA TRADICIONA,DIA,Limpieza,Limpiadores del hogar,""
8480017253057,LAVANDINA TRADICIONA,DIA,Limpieza,Limpiadores del hogar,""
8480017253064,LAVANDINA TRADICIONA,DIA,Limpieza,Limpiadores del hogar,""
7793253007263,"LAVANDINA TRADICIONAL ANTISPLASH, AYUDIN, 4000 cm3",AYUDIN,Limpieza,Limpiadores del hogar,""
7791290795624,LIMP VIDRIO EXPERT,CIF,Limpieza,Limpiadores del hogar,""
7790520031501,LIMP.MULT.SUP.FLORAL BLEM GAT 400 ML,BLEM,Limpieza,Limpiadores del hogar,""
7790520995667,LIMPI SUELO LIQ CLAS,ECHO,Limpieza,Limpiadores del hogar,""
7791130683753,LIMPIA LIQ PISO ORIG,PROCENEX,Limpieza,Limpiadores del hogar,""
7798124360331,LIMPIA LIQUI VIDRIOS,ECOVI,Limpieza,Limpiadores del hogar,""
8480017311078,LIMPIA VIDRIO CONCEN,DIA,Limpieza,Limpiadores del hogar,""
7896001019225,LIMPIA VIDRIOS 2EN1,NOVICA,Limpieza,Limpiadores del hogar,""
7790520028044,LIMPIA VIDRIOS AEROS,MRMUS,Limpieza,Limpiadores del hogar,""
7791130002844,LIMPIA VIDRIOS DOYPA,PROCENEX,Limpieza,Limpiadores del hogar,""
7791130146791,LIMPIA VIDRIOS GATIL,PROCE,Limpieza,Limpiadores del hogar,""
7791130683524,LIMPIAD LIQ LAVANDA,PROCENEX,Limpieza,Limpiadores del hogar,""
7793253004699,LIMPIADOR DESINFECTA,AYUDIN,Limpieza,Limpiadores del hogar,""
7798131250199,LIMPIADOR HEROE CAMPO DE,HEROE,Limpieza,Limpiadores del hogar,""
7791130683760,LIMPIADOR LI.ES.LAVA,PROCENEX,Limpieza,Limpiadores del hogar,""
7791130683661,LIMPIADOR LIQ MARINA,PROCENEX,Limpieza,Limpiadores del hogar,""
7790520989949,LIMPIADOR LIQ. DESINFECTANTE LAVANDA LYSOFORM BOT 800 ML,LYSOFORM,Limpieza,Limpiadores del hogar,""
7791130963626,LIMPIADOR LIQUIDO GARDENIA PROCENEX X 900 CC,PROCENEX,Limpieza,Limpiadores del hogar,""
7791290795617,LIMPIADOR VIDRIO MULTIUSO GATILLO CIF EXPRT X500CC,CIF,Limpieza,Limpiadores del hogar,""
7791102048252,LIMPIAVIDRIOS COOPERATIVA,COOPERATIVA,Limpieza,Limpiadores del hogar,""
7790520031495,LIMPIEZA MULTISUPERFICIES CITRUS BLEM GTO X 400 CC,BLEM,Limpieza,Limpiadores del hogar,""
7790520028877,LUSTRAMUEBLE LAVANDA,BLEM,Limpieza,Limpiadores del hogar,""
7790520030368,LUSTRAMUEBLES EN CREMA BLEM X 200 CC,BLEM,Limpieza,Limpiadores del hogar,""
7791290792760,LUSTRAMUEBLES ESENC.CÍTRICAS CIF GAT 400 ML,CIF,Limpieza,Limpiadores del hogar,""
7790520006479,LYSOFORM CREMOSO,LYSOFORM,Limpieza,Limpiadores del hogar,""
7793253003739,Lavandina Ayudin Triple Poder 4L BOT-4000-ml.,AYUDIN,Limpieza,Limpiadores del hogar,""
7792389001510,Lavandina x-5   x 2 lt. PVC-2000-ml.,X-5,Limpieza,Limpiadores del hogar,""
7790520024947,Limp Liquido LYSOFORM Citrica Doy 420ml DOY-425-ml.,LYSOFORM,Limpieza,Limpiadores del hogar,""
7790520006714,Limp MR MUSCULO Vidrs y Multiuso rep DOY-900-ml.,MR MUSCULO,Limpieza,Limpiadores del hogar,""
7790520012500,Limp MR MUSCULO Vidrs y Multiuso rep DOY-900-ml.,MR MUSCULO,Limpieza,Limpiadores del hogar,""
7790520018656,Limp MR MUSCULO Vidrs y Multiuso rep DOY-900-ml.,MR MUSCULO,Limpieza,Limpiadores del hogar,""
7791130683777,Limp líq PROCENEX Ext Frag Flor del Jard BOT-1800-ml.,PROCENEX,Limpieza,Limpiadores del hogar,""
7790520992574,Limpiador Desinfectante P Inodoro  500ml CJA-500-ml.,PATO,Limpieza,Limpiadores del hogar,""
7790520995179,Limpiador desinf.LYSOFORM BosqPino 900ml CJA-900-ml.,LYSOFORM,Limpieza,Limpiadores del hogar,""
7791130683845,Limpiador líquido PROCENEX H1N1 Original BOT-1800-ml.,PROCENEX,Limpieza,Limpiadores del hogar,""
7790520995438,Lysoform Multisurface Tr 12x500ml Aeroso S/E-500-ml.,LYSOFORM,Limpieza,Limpiadores del hogar,""
7790520018632,MR MUSCULO VIDRIOS/MULTI.GAT.X500CM,sin marca,Limpieza,Limpiadores del hogar,""
7791905023890,ODEX LIMPIA BOSQUE,ODEX,Limpieza,Limpiadores del hogar,""
7791229153136,PANOS COMODIN PRACTI BANO X 10,COMODIN,Limpieza,Limpiadores del hogar,""
7791290796119,PASTI P/INODORO LAVA,VIM,Limpieza,Limpiadores del hogar,""
7790520026170,PASTILLA LAVANDA,PATO,Limpieza,Limpiadores del hogar,""
7791130003582,PASTILLA P INODORO PINO HARPIC X 1 UNI,HARPIC,Limpieza,Limpiadores del hogar,""
7791290794146,PASTILLA P/ INODORO,VIM,Limpieza,Limpiadores del hogar,""
7790520028099,PATO DISCO ADHESIVO,PATO,Limpieza,Limpiadores del hogar,""
7793253001674,POETT PASTILLA,POETT,Limpieza,Limpiadores del hogar,""
7791130683685,PROCENEX PINO,PROCENEX,Limpieza,Limpiadores del hogar,""
7790520010292,REPUESTO CANASTA INODORO MARINA PATO PURIFIC X50CC,PATO PURIFIC,Limpieza,Limpiadores del hogar,""
7791290796102,RIMBLOCK CITRU PODX6,VIM,Limpieza,Limpiadores del hogar,""
7790613000230,SUIZA BRILL INCOLORO,SUIZA,Limpieza,Limpiadores del hogar,""
7790613000247,SUIZA BRILLO ROJO,SUIZA,Limpieza,Limpiadores del hogar,""
7790613071520,SUIZA CERA PASTA,SUIZA,Limpieza,Limpiadores del hogar,""
7790613071537,SUIZA CERA PASTA,SUIZA,Limpieza,Limpiadores del hogar,""
7790613070639,SUIZA CERA PISOS,SUIZA,Limpieza,Limpiadores del hogar,""
7790613000315,SUIZA LUSTRA FLORAL,SUIZA,Limpieza,Limpiadores del hogar,""
8480017110503,TOALL DESINFECTA DP,DIA,Limpieza,Limpiadores del hogar,""
7891035000683,TOALLIT SUPERF BRISA,LYSOL,Limpieza,Limpiadores del hogar,""
7793253003913,TOALLITAS DESINFECTANTES AYUDÍN LIMON DOY-280-ml.,AYUDIN,Limpieza,Limpiadores del hogar,""
7891035000690,TOALLITAS DESINFECTANTES MARINA LYSOL X 36 UNI,LYSOL,Limpieza,Limpiadores del hogar,""
7793253003401,Toallitas Desinf. AYUDIN Fresco 24u PCK-24-un.,AYUDIN,Limpieza,Limpiadores del hogar,""
7791290792753,ULT BRILL ORIGIN GTL,CIF,Limpieza,Limpiadores del hogar,""
7791130962704,VANISH LIMPIA ALFOMBRAS 600 ML AER-600-ml.,VANISH,Limpieza,Limpiadores del hogar,""
7792389080744,X5 LAVANDINA COMUN,X 5,Limpieza,Limpiadores del hogar,""
7792389081338,X5 LAVANDINA COMUN,X 5,Limpieza,Limpiadores del hogar,""
7790520552679,bloque mochila PATO 40g PAS-40-gr.,PATO,Limpieza,Limpiadores del hogar,""
7790520987488,bloque mochila PATO 40g PAS-40-gr.,PATO,Limpieza,Limpiadores del hogar,""
7702626168128,bloque para mochila HARPIC Multipack x 2 CJA-2-un.,HARPIC,Limpieza,Limpiadores del hogar,""
7791290794160,canasta VIM 4en1 citrus 35g Can-35-gr.,VIM,Limpieza,Limpiadores del hogar,""
7790520010308,canasta liquida PATO citrus rep 50 PET-55-ml.,PATO,Limpieza,Limpiadores del hogar,""
7790520552839,canasta liquida PATO citrus rep 50 PET-55-ml.,PATO,Limpieza,Limpiadores del hogar,""
7790520552808,canasta liquida PATO marina full 50 PET-55-ml.,PATO,Limpieza,Limpiadores del hogar,""
7790520008916,canasta liquida PATO marina rep 50 PET-55-ml.,PATO,Limpieza,Limpiadores del hogar,""
7790520028952,canasta solida PATO marina full 27g CJA-28-gr.,PATO,Limpieza,Limpiadores del hogar,""
7793253002541,canasta solida POETT lavanda 2x27 Can-55-gr.,POETT,Limpieza,Limpiadores del hogar,""
7790520028075,disco adh PATO lavanda rep 38 BLI-38-gr.,PATO,Limpieza,Limpiadores del hogar,""
7798238110310,lavandina LIMPIALIN clasica 25g 4lt BDN-4000-ml.,LIMPIALIN,Limpieza,Limpiadores del hogar,""
7790520999252,limpiador LYSOFORM Bano 500ml S/E-360-ml.,LYSOFORM,Limpieza,Limpiadores del hogar,""
7790520998835,limpiador MM spray Power 500ml ATM-500-ml.,MR MUSCULO,Limpieza,Limpiadores del hogar,""
7790520011831,limpiador MR MUSCULO Vidrios y multiuso DOY-450-ml.,MR MUSCULO,Limpieza,Limpiadores del hogar,""
7798184583022,limpiador concen MULTIMAX vidrios 100ml PCH-100-ml.,MULTIMAX,Limpieza,Limpiadores del hogar,""
7791290795662,limpiavidrios CIF expert DP 900ml DOY-900-ml.,CIF,Limpieza,Limpiadores del hogar,""
7790520028907,lustramueble BLEM argan 360 AER-360-ml.,BLEM,Limpieza,Limpiadores del hogar,""
7790520028891,lustramueble BLEM limon acero 360 AER-360-ml.,BLEM,Limpieza,Limpiadores del hogar,""
7790520995551,lustramueble BLEM multi citrus 360 AER-360-ml.,BLEM,Limpieza,Limpiadores del hogar,""
7790520995568,lustramueble BLEM multi floral 360 AER-360-ml.,BLEM,Limpieza,Limpiadores del hogar,""
7790520028709,lustramueble CERAMICOL 360 AER-360-ml.,CERAMICOL,Limpieza,Limpiadores del hogar,""
7790520028723,lustramueble CERAMICOL naranja 360 AER-360-ml.,CERAMICOL,Limpieza,Limpiadores del hogar,""
7791465001734,BANDEJA P AIR FRYER DOMESTIC PAPEL REDONDA X30 UNI,DOMESTIC,Limpieza,Papeles del hogar,""
0790757845664,BOLSA PARA FREEZER GLOW 25X35 CM X10 UDS,GLOW,Limpieza,Papeles del hogar,""
7790117000576,BOLSA PARA FREEZER SEPARATA 20X30 20 UNID,SEPARATA,Limpieza,Papeles del hogar,""
7790117000583,BOLSA PARA FREEZER SEPARATA 25X35 20 UNID,SEPARATA,Limpieza,Papeles del hogar,""
7790117000590,BOLSA PARA FREEZER SEPARATA 30X40 20 UNID,SEPARATA,Limpieza,Papeles del hogar,""
7798153714723,CHECK ALUMINIO ESTUC,CHECK,Limpieza,Papeles del hogar,""
7798123132366,CHECK FILM 28X30M,CHECK,Limpieza,Papeles del hogar,""
7798153710084,CHECK PH DH 4X30,CHECK,Limpieza,Papeles del hogar,""
7798270240129,CHECK PH DH 6X30,CHECK,Limpieza,Papeles del hogar,""
7798123137231,CHECK ROLLO COCINA B,CHECK,Limpieza,Papeles del hogar,""
7798123132403,CHECK ROLLO DE ALUMI,CHECK,Limpieza,Papeles del hogar,""
7798270240051,CHECK SERV BLAN X140,CHECK,Limpieza,Papeles del hogar,""
7798270240044,CHECK SERV BLAN X70U,CHECK,Limpieza,Papeles del hogar,""
7793344009817,ELEGANTE PAN 6X10 UN,ELEGANTE,Limpieza,Papeles del hogar,""
7790250000358,ELITE PANUELO BLANCO,ELITE,Limpieza,Papeles del hogar,""
7790250023197,ELITE SERVILLETA GOL,ELITE,Limpieza,Papeles del hogar,""
7799054073964,FARMACITY PAPEL HIGIENICO SIMPLE HOJA 4R X 30M C/U,FARMACITY,Limpieza,Papeles del hogar,""
7799054073971,FARMACITY PAPEL HIGIENICO SIMPLE HOJA 4R X 80M C/U,FARMACITY,Limpieza,Papeles del hogar,""
7799054073995,FARMACITY ROLLO DE COCINA 3R X 50 PANOS C/U,FARMACITY,Limpieza,Papeles del hogar,""
7791828900599,FELPITA RC 150 MAXI,FELPITA,Limpieza,Papeles del hogar,""
7790117060549,FILM ADHERENTE SEPARATA PAQ 15 MTR,SEPARATA,Limpieza,Papeles del hogar,""
8480017294388,FILM DIA X30M,DIA,Limpieza,Papeles del hogar,""
7798282170995,FLANERA MIA CASA ALUMINIO X 6 UNI,MIA CASA,Limpieza,Papeles del hogar,""
0790757845626,GLOW ROLLO FILM CAJA,GLOW,Limpieza,Papeles del hogar,""
7791828900384,INDIVIDUALES DECORADOS FELPITA 1 X 70 PANOS,FELPITA,Limpieza,Papeles del hogar,""
7792459231601,LAMINAS PARA COCCION,GO!,Limpieza,Papeles del hogar,""
7798130889765,MEGA ROLLO COC P PRECIO,PRIMER PRECIO,Limpieza,Papeles del hogar,""
7791102059616,P HIG COOPE SIMPLE HOJA,COOPERATIVA,Limpieza,Papeles del hogar,""
7790250026075,P HIG DOBL HOJA 30MT,ELITE,Limpieza,Papeles del hogar,""
7790250015536,P HIG DOBLE FUSION,HIGIENOL,Limpieza,Papeles del hogar,""
8480017169495,P HIG DOBLE HOJA 30M,DIA,Limpieza,Papeles del hogar,""
7790250015857,P HIG MAX ALOE 80MT,HIGIE,Limpieza,Papeles del hogar,""
7798130880267,P HIG P PRECIO HOJA SIMPL,PRIMER PRECIO,Limpieza,Papeles del hogar,""
7790250015543,P HIG PREMIUM BALANC,HIGIE,Limpieza,Papeles del hogar,""
7790250016182,P HIG SIMP HOJA ALOE,HIGIENOL,Limpieza,Papeles del hogar,""
7790250026105,P HIG SIMPL HOJA 30M,ELITE,Limpieza,Papeles del hogar,""
8480017192103,P HIG SIMPLE HOJ 50M,DIA,Limpieza,Papeles del hogar,""
7791828000664,P.HIGIENICO FELPITAS BSA 6 UNI 48M2,FELPITA,Limpieza,Papeles del hogar,""
7798454250012,PACK50 AIR FRYER,SIN MARCA,Limpieza,Papeles del hogar,""
7798454250029,PACK50 AIR FRYER GDE,SIN MARCA,Limpieza,Papeles del hogar,""
7798184919784,PACKX50 AIR GRA,SIN MARCA,Limpieza,Papeles del hogar,""
7798184919760,PACKX50 AIRFRYER CHI,SIN MARCA,Limpieza,Papeles del hogar,""
7798184230308,PANUELOS DESC ACHISS PACK X 6U X 10U C/U,ACHISS,Limpieza,Papeles del hogar,""
7799054072875,PANUELOS DESC FARMACITY CAJA DISENOS X 75 UN,FARMACITY,Limpieza,Papeles del hogar,""
7799054008928,PANUELOS DESC FARMACITY CAJA X 100 UN,FARMACITY,Limpieza,Papeles del hogar,""
7798182253842,PANUELOS DESC FARMACITY CAJA X 75 UN,FARMACITY,Limpieza,Papeles del hogar,""
7798245695473,PANUELOS DESC FARMACITY CUBO X 60 UN,FARMACITY,Limpieza,Papeles del hogar,""
7798182251886,PANUELOS DESC FARMACITY EXTRA SUAVE PACK 10 X 10 UN,FARMACITY,Limpieza,Papeles del hogar,""
7798182251879,PANUELOS DESC FARMACITY EXTRA SUAVE PACK 6 X 10 UN,FARMACITY,Limpieza,Papeles del hogar,""
7798182251893,PANUELOS DESC FARMACITY EXTRA SUAVE POCKET 1 X 10 UN,FARMACITY,Limpieza,Papeles del hogar,""
7798302946883,PANUELOS DESC FARMACITY MINI MENTOLADOS 6 X 8 UN,FARMACITY,Limpieza,Papeles del hogar,""
7799054072882,PANUELOS DESC FARMACITY PACK DISENOS 1 X 10 UN,FARMACITY,Limpieza,Papeles del hogar,""
7799054073513,PANUELOS DESC FARMACITY PACK DISENOS 6 X 10 UN,FARMACITY,Limpieza,Papeles del hogar,""
7793344000883,PANUELOS DESCARTABLES CORTOS ELEGANTE X 100 UNI,ELEGANTE,Limpieza,Papeles del hogar,""
7793344000456,PANUELOS DESCARTABLES ELEGANTE X 150 UNI,ELEGANTE,Limpieza,Papeles del hogar,""
7790250054979,PANUELOS DESCARTABLES SOFT TOUCH ELITE 10 X10 UNI,ELITE,Limpieza,Papeles del hogar,""
7798184230032,PANUELOS POCKET ACHISS X1 PAQUETE,ACHISS,Limpieza,Papeles del hogar,""
8480017194596,PAPEL ALUMINIO,DIA,Limpieza,Papeles del hogar,""
7790117060532,PAPEL DE ALUMINIO SEPARATA 28CM X 5MT,SEPARATA,Limpieza,Papeles del hogar,""
7793344905140,PAPEL HIGIENICO DOBLE H ECONOPACK ELEGANTE 12X30MT,ELEGANTE,Limpieza,Papeles del hogar,""
7793344901036,PAPEL HIGIENICO DOBLE HOJA ELEGANTE 4 X 20 MTS,ELEGANTE,Limpieza,Papeles del hogar,""
7790250015567,PAPEL HIGIENICO DOBLE HOJA PLUS HIGIENOL 4 X 20 MT,HIGIENOL,Limpieza,Papeles del hogar,""
7791828000657,PAPEL HIGIENICO H S BLANQUISIMO FELPITA 4 X 80 MTS,FELPITA,Limpieza,Papeles del hogar,""
7793344000333,PAPEL HIGIENICO H SIMP ALOE VERA ELEGANTE 4X80 MTS,ELEGANTE,Limpieza,Papeles del hogar,""
7793344904143,PAPEL HIGIENICO H SIMPLE ELEGANTE 4 X 30 MTS,ELEGANTE,Limpieza,Papeles del hogar,""
7791828000077,"PAPEL HIGIENICO HS 30MX12, FELPITA, 36 m2",FELPITA,Limpieza,Papeles del hogar,""
7790250026136,"PAPEL HIGIENICO HS 30MX4, ELITE, 12 m2",ELITE,Limpieza,Papeles del hogar,""
7790250015871,PAPEL HIGIENICO HS MAX HIGIENOL 4 X 90 MTS,HIGIENOL,Limpieza,Papeles del hogar,""
7791828900049,PAPEL HIGIENICO INFINITY FELPITA 4X30 MTS,FELPITA,Limpieza,Papeles del hogar,""
7790250016205,PAPEL HIGIÉNICO HIGIENOL EXPOR,sin marca,Limpieza,Papeles del hogar,""
7790065000048,PAPEL MANTECA ROLOPAC 28 CM X 5 MTS,ROLOPAC,Limpieza,Papeles del hogar,""
7790117061096,PAPEL MANTECA SEPARATA 28CM X 5M,SEPARATA,Limpieza,Papeles del hogar,""
7798135921071,PAPEL MANTECA X 5 METROS MIA CASA,MIA CASA,Limpieza,Papeles del hogar,""
7791102048443,PAÃ? COOP MINI 6X8,COOPERATIVA,Limpieza,Papeles del hogar,""
7791102048436,PAÃ? COOPE POCKET 6X10,COOPERATIVA,Limpieza,Papeles del hogar,""
7791070003482,PAÑ.CAMPANITA POCKET X6,CAMPANITA,Limpieza,Papeles del hogar,""
8480017110619,PAÑUEL DESCARTAB BOX,DIA,Limpieza,Papeles del hogar,""
8480017293671,PAÑUELO INDIVIDUAL,BONTE,Limpieza,Papeles del hogar,""
8480017202352,PAÑUELOS 6X10,BONTE,Limpieza,Papeles del hogar,""
7790250054962,PAÑUELOS DESCARTABLE,ELITE,Limpieza,Papeles del hogar,""
8480017322050,PAÑUELOS DESCARTABLE,PRIST,Limpieza,Papeles del hogar,""
7790250015864,PH HIGIENOL MAX ALOE,HIGIENOL,Limpieza,Papeles del hogar,""
6902955199188,PORTA PANUELOS BAMBU,SIN MARCA,Limpieza,Papeles del hogar,""
7798102570691,PROFILM ALUMINIO 10M,PRO FILM,Limpieza,Papeles del hogar,""
7798135922016,PROVOLETERA DE ALUMINIO X6 UDS,MIA CASA,Limpieza,Papeles del hogar,""
7790250057086,RC CLASICO MEGARROLL,SUSSE,Limpieza,Papeles del hogar,""
8480017280725,ROLL PAPEL MATENC 5M,DIA,Limpieza,Papeles del hogar,""
0790757845602,ROLLO ALUMINIO GLOW CAJA X25MTS,GLOW,Limpieza,Papeles del hogar,""
7791102007112,ROLLO COC COOPERATIVA,COOPERATIVA,Limpieza,Papeles del hogar,""
8480017258922,ROLLO COC MEG 200PAÑ,DIA,Limpieza,Papeles del hogar,""
7798130880458,ROLLO COC P PRECIO,PRIMER PRECIO,Limpieza,Papeles del hogar,""
8480017091123,ROLLO COCINA 50PAÑOS,DIA,Limpieza,Papeles del hogar,""
7790250057093,ROLLO COCINA ABSORCI,SUSSE,Limpieza,Papeles del hogar,""
7790250022053,ROLLO COCINA C/ALGOD,ELITE,Limpieza,Papeles del hogar,""
7791070000412,ROLLO COCINA CAMPANITA  MEGA ROLLO PAQ 2 UNI 7.8 MT2,CAMPANITA,Limpieza,Papeles del hogar,""
7790250056898,"ROLLO COCINA DH ULTRA 3X60 PAÑOS, SUSSEX, 3 cu",SUSSEX,Limpieza,Papeles del hogar,""
7791828000121,ROLLO COCINA PARA CADA DIA FELPITA 3 X 40 PANOS,FELPITA,Limpieza,Papeles del hogar,""
8480017169471,ROLLO DE COCINA 120M,DIA,Limpieza,Papeles del hogar,""
8480017749710,ROLLO DE COCINA 60MT,DIA,Limpieza,Papeles del hogar,""
7790250072195,ROLLO DE COCINA CONVENIENCE ELITE 3 X 60 PAN,ELITE,Limpieza,Papeles del hogar,""
7791828900025,ROLLO DE COCINA DISNEY FELPITA 3 X 40 PANOS,FELPITA,Limpieza,Papeles del hogar,""
7793344009237,ROLLO DE COCINA ELEGANTE X 360 PANOS,ELEGANTE,Limpieza,Papeles del hogar,""
7793344009206,ROLLO DE COCINA GIGANTE ELEGANTE X 200 PANOS,ELEGANTE,Limpieza,Papeles del hogar,""
7790250056980,ROLLO DE COCINA MAXI SUSSEX 3 X 100 PAN,SUSSEX,Limpieza,Papeles del hogar,""
7791828900537,ROLLO DE COCINA PANO BLANCO FELPITA 3 X 60 UNI,FELPITA,Limpieza,Papeles del hogar,""
7793344904853,ROLLO DE COCINA PREMIUM ELEGANTE 3 X 60 PAN,ELEGANTE,Limpieza,Papeles del hogar,""
7791070003222,ROLLO DE COCINA SOL MAYOR 3 X 40 PANOS,SOL MAYOR,Limpieza,Papeles del hogar,""
7791070005714,ROLLO DE COCINA SOL MAYOR X 200 PAN,SOL MAYOR,Limpieza,Papeles del hogar,""
0790757845633,ROLLO FILM GLOW X 15 MTS,GLOW,Limpieza,Papeles del hogar,""
7790065000017,ROLLO FILM ROLOPAC DE PVC 28 CM X 30 MTS,ROLOPAC,Limpieza,Papeles del hogar,""
0790757845640,ROLLO PAPEL MANTECA GLOW X4MTS,GLOW,Limpieza,Papeles del hogar,""
7790250056881,ROLLO SUSSEX CLAS BLANCO,SUSSEX,Limpieza,Papeles del hogar,""
7793344009305,ROLLOS DE COCINA ELEGANTE GIRAMAS 3 X 100 PAN,ELEGANTE,Limpieza,Papeles del hogar,""
7790065000734,ROLUMINIO 28 CM X 7.5 MTS,ROLOPAC,Limpieza,Papeles del hogar,""
7790117001849,SEPARATA PACK ALUMIN,SEPARATA,Limpieza,Papeles del hogar,""
7791070005745,SERV CAMPANITA ULTRA,CAMPANITA,Limpieza,Papeles del hogar,""
7790250057741,SERVILL SUSSEX FAMILIARES,SUSSEX,Limpieza,Papeles del hogar,""
7798422853726,SERVILLE DH CARPIX20,OTERO,Limpieza,Papeles del hogar,""
7798422850824,SERVILLE PR CEL PX20,OTERO,Limpieza,Papeles del hogar,""
7798422850817,SERVILLET PR RO PX20,OTERO,Limpieza,Papeles del hogar,""
7798422850602,SERVILLETA  SPIDMX20,OTERO,Limpieza,Papeles del hogar,""
7798422850558,SERVILLETA AFAX20,OTERO,Limpieza,Papeles del hogar,""
7798422856338,SERVILLETA CARREFOUR DOBLE HOJA ASTRONAUTA 20 UNI,CARREFOUR,Limpieza,Papeles del hogar,""
7798422854495,SERVILLETA CARREFOUR DOBLE HOJA FUTBOL X 20 UNI,CARREFOUR,Limpieza,Papeles del hogar,""
7798422856604,SERVILLETA CARREFOUR DOBLE HOJA OSITOS X 20 UNI,CARREFOUR,Limpieza,Papeles del hogar,""
7791828000404,SERVILLETA FELPITA DE MESA PAQ 40 UNI,FELPITA,Limpieza,Papeles del hogar,""
7798422854723,SERVILLETA FESTA 25X25 CM CELESTE PASTE X 20 UNI,FESTA,Limpieza,Papeles del hogar,""
7798422854860,SERVILLETA FESTA 25X25 CM CHERRY CUADRI X 20 UNI,FESTA,Limpieza,Papeles del hogar,""
7798422854846,SERVILLETA FESTA 25X25 CM FLORCITAS X 20 UNI,FESTA,Limpieza,Papeles del hogar,""
7798422854877,SERVILLETA FESTA 25X25 CM PALTAS PISTAC X 20 UNI,FESTA,Limpieza,Papeles del hogar,""
7798422854709,SERVILLETA FESTA 25X25 CM PASTEL MULTIC X 20 UNI,FESTA,Limpieza,Papeles del hogar,""
7798422854716,SERVILLETA FESTA 25X25 CM ROSA PASTEL X 20 UNI,FESTA,Limpieza,Papeles del hogar,""
7798422851678,SERVILLETA PR FC X20,OTERO,Limpieza,Papeles del hogar,""
7798422850626,SERVILLETA STITCHX20,OTERO,Limpieza,Papeles del hogar,""
8480017169464,SERVILLETA TISSUE,DIA,Limpieza,Papeles del hogar,""
7791070000573,SERVILLETAS CAMPANITA SOFT 33X33 PAQ 70 UNI,CAMPANITA,Limpieza,Papeles del hogar,""
7793344009633,SERVILLETAS ELEGANTE BIG PACK X150,ELEGANTE,Limpieza,Papeles del hogar,""
7799054048047,SERVILLETAS FARMACITY X 70 UNIDADES,FARMACITY,Limpieza,Papeles del hogar,""
7791828900032,SERVILLETAS FELPITA DISNEY 70 UDS DECORADAS,FELPITA,Limpieza,Papeles del hogar,""
7790250057765,SERVILLETAS P/MESA,SUSSEX,Limpieza,Papeles del hogar,""
7791828000428,"SERVILLETAS PAPEL SH 32,3X30, FELPITA, 70 cu",FELPITA,Limpieza,Papeles del hogar,""
7798153716482,SOUL CARE PANUELO IN,SOUL CARE,Limpieza,Papeles del hogar,""
7798153716499,SOUL CARE PANUELOS B,SOUL CARE,Limpieza,Papeles del hogar,""
7798153716505,SOUL CARE PANUELOS F,SOUL CARE,Limpieza,Papeles del hogar,""
7798270243984,SOUL CARE PANUELOS M,SOUL CARE,Limpieza,Papeles del hogar,""
7790250057024,SUSSEX RC 200,SUSSEX,Limpieza,Papeles del hogar,""
7793344905003,papel higien ELEGANTE simp h aloe 12x30m PAQ-36-m2,ELEGANTE,Limpieza,Papeles del hogar,""
7790250026129,papel higienic ELITE h sim clásic 4x80m PAQ-32-m2,ELITE,Limpieza,Papeles del hogar,""
7793344904228,papel higienico ELEGANTE simp h 4x80m PAQ-32-m2,ELEGANTE,Limpieza,Papeles del hogar,""
7793344904150,papel higienico ELEGANTE simp h 6x30m PAQ-18-m2,ELEGANTE,Limpieza,Papeles del hogar,""
7790250054344,pañue  descar facial ELITE x90pañuelos PAQ-90-un.,ELITE,Limpieza,Papeles del hogar,""
7791070005615,rollo cocina CAMPANITA prac 1x200p BSA-200-un.,CAMPANITA,Limpieza,Papeles del hogar,""
7793344904013,rollo cocina ELEGANTE dobl h 3x50 paños BSA-3-un.,ELEGANTE,Limpieza,Papeles del hogar,""
7790250056966,rollo cocina SUSSEX ultra 3x100p PAQ-300-un.,SUSSEX,Limpieza,Papeles del hogar,""
7790250023845,servilletas ELITE ultra suave x100 PAQ-100-un.,ELITE,Limpieza,Papeles del hogar,""
7791274201561,ALGABO DISCOS DESMA,ALGABO,Perfumería,Algodón e hisopos,""
7791274200670,ALGABO HISOPOS BABY 30UN,ALGABO,Perfumería,Algodón e hisopos,""
7791274197963,ALGODON EN POMPONES ALGABO X 50 UNI,ALGABO,Perfumería,Algodón e hisopos,""
7791229153297,COMODIN POMPONES 50U,COMODIN,Perfumería,Algodón e hisopos,""
7790773091000,DISCO DEMAQUILLA Q-SOFT,Q-SOFT,Perfumería,Algodón e hisopos,""
7790064001909,DISCOS ALGOD DESMAQU,ESTRELLA,Perfumería,Algodón e hisopos,""
7798245693387,DISCOS DESMAQUILLANTES FTY X 80 U,FARMACITY,Perfumería,Algodón e hisopos,""
7790064101913,ESTRELLA PANO DESMAQ,ESTRELLA,Perfumería,Algodón e hisopos,""
7799054079805,HISOPO FARMACITY BAMBU X 100 UN,FARMACITY,Perfumería,Algodón e hisopos,""
7891010032937,HISOPOS,COTTO,Perfumería,Algodón e hisopos,""
7891010560737,HISOPOS,COTON,Perfumería,Algodón e hisopos,""
8480017296191,HISOPOS,BONTE,Perfumería,Algodón e hisopos,""
7791274005237,HISOPOS ALGABO X 100 UNI,ALGABO,Perfumería,Algodón e hisopos,""
7791274199653,HISOPOS ALGABO ZIPPER X 125 UNI,ALGABO,Perfumería,Algodón e hisopos,""
7798364400354,HISOPOS BAMBU SUSTEN,MERAK,Perfumería,Algodón e hisopos,""
7790064104709,HISOPOS ESTRELLA BOLSA ZIPPER X 125 UNI,ESTRELLA,Perfumería,Algodón e hisopos,""
7799054040898,HISOPOS FARMACITY X 100U,FARMACITY,Perfumería,Algodón e hisopos,""
7799054048986,HISOPOS FARMACITY X 125 UNIDADES,FARMACITY,Perfumería,Algodón e hisopos,""
7799054040904,HISOPOS FARMACITY X 150U,FARMACITY,Perfumería,Algodón e hisopos,""
7790773007063,HISOPOS Q SOFT ESTUCHE X 75 UNI,QSOFT,Perfumería,Algodón e hisopos,""
7790773007124,HISOPOS QSOFT POTE X 150 UNID,QSOFT,Perfumería,Algodón e hisopos,""
7891010047764,JYJ COTONETES 300UN,JOHNSON,Perfumería,Algodón e hisopos,""
7798245693400,PANOS DE ALGODON FTY EXTRA SUAVES X 40 U,FARMACITY,Perfumería,Algodón e hisopos,""
7790064002104,PAÑOS ALGODON,ESTRE,Perfumería,Algodón e hisopos,""
7799054072394,POMPONES ALGODON FARMACITY X 50 UN,FARMACITY,Perfumería,Algodón e hisopos,""
7798245693394,POMPONES ALGODON FTY 50 U,FARMACITY,Perfumería,Algodón e hisopos,""
7790064002029,POMPONES DE ALGODON,ESTRE,Perfumería,Algodón e hisopos,""
7891010337438,hisopos COTONETES algodón puro 75u CJA-75-un.,JOHNSON & JOHNSON,Perfumería,Algodón e hisopos,""
7790940801067,hisopos DONCELLA extra suave 100u POT-100-un.,DONCELLA,Perfumería,Algodón e hisopos,""
7790064104662,hisopos ESTRELLA 120u EST-100-un.,ESTRELLA,Perfumería,Algodón e hisopos,""
7790064104716,hisopos ESTRELLA 125u POT-125-un.,ESTRELLA,Perfumería,Algodón e hisopos,""
7790773007117,hisopos QSOFT Familiar PVC-100-un.,Q SOFT,Perfumería,Algodón e hisopos,""
7792321010457,317 GEL MODEL 180,317,Perfumería,Cuidado del cabello,""
7792321011393,317 HOMBRES 1 NEGRO,317,Perfumería,Cuidado del cabello,""
7792321003275,317 KIT COL 10 1,317,Perfumería,Cuidado del cabello,""
7792321008645,317 KIT COL 6 73,317,Perfumería,Cuidado del cabello,""
7792321003190,317 KIT COL 7,317,Perfumería,Cuidado del cabello,""
7792321003206,317 KIT COL 8,317,Perfumería,Cuidado del cabello,""
7899884223611,ACO ALTA MODA HYDRA SAVE X 300 ML,ALTA MODA E,Perfumería,Cuidado del cabello,""
7899884223741,ACO ALTA MODA KERATIN IMPACT X 300 ML,ALTA MODA E,Perfumería,Cuidado del cabello,""
7899884223833,ACO ALTA MODA LISS & LONG X 300 ML,ALTA MODA E,Perfumería,Cuidado del cabello,""
7798140257868,ACO ANTICANAS,TIONA,Perfumería,Cuidado del cabello,""
7790375269753,ACO BAGOVIT CAP REPARACION INTENSIVA X 350 ML,BAGOVIT CAPILAR,Perfumería,Cuidado del cabello,""
7791293045948,ACO BALANCE,SEDAL,Perfumería,Cuidado del cabello,""
7791293050423,ACO BOMBA CERAMIDAS,SUAVE,Perfumería,Cuidado del cabello,""
7791293050379,ACO BRILLO,DOVE,Perfumería,Cuidado del cabello,""
7792640001952,ACO CAPILATIS NATURA OIL X 420 ML,CAPILATIS,Perfumería,Cuidado del cabello,""
7791293045931,ACO CERAMIDAS,SEDAL,Perfumería,Cuidado del cabello,""
7791293052045,ACO DOVE REGENERACION X 650 ML,DOVE,Perfumería,Cuidado del cabello,""
7509552930337,ACO ELVIVE GLYCO GLOSS X 200 ML,ELVIVE,Perfumería,Cuidado del cabello,""
7509552902365,ACO ELVIVE HIDRA HIALURONICO X 750 ML,ELVIVE,Perfumería,Cuidado del cabello,""
7509552925906,ACO ELVIVE OLEO CURL X 200ML,ELVIVE,Perfumería,Cuidado del cabello,""
7509552902433,ACO ELVIVE RT EXTREMO X 200 ML,ELVIVE,Perfumería,Cuidado del cabello,""
7509552903423,ACO ELVIVE WENDY COLORVIVE X 200 ML,ELVIVE,Perfumería,Cuidado del cabello,""
7790740001797,ACO ESEN NUTRI INTEN,PLUSB,Perfumería,Cuidado del cabello,""
7790740001896,ACO ESENCIA BRILLO PERFEC,PLUSBELLE,Perfumería,Cuidado del cabello,""
7509552890464,ACO FRUCTIS HYDRA LISS X 200 ML,FRUCTIS,Perfumería,Cuidado del cabello,""
7500435147583,ACO H&S COCONUT X 300 ML,HEAD & SHOULDERS,Perfumería,Cuidado del cabello,""
7791293046433,ACO HIALURO/VIT A,SEDAL,Perfumería,Cuidado del cabello,""
7791293050355,ACO HIDRATACION,DOVE,Perfumería,Cuidado del cabello,""
7791293050126,ACO LISO BOTOX,TRESE,Perfumería,Cuidado del cabello,""
7791293047515,ACO NUTRICION,DOVE,Perfumería,Cuidado del cabello,""
7500435191494,ACO PANTENE COLAGENO X 510 ML,PANTENE,Perfumería,Cuidado del cabello,""
7500435241106,ACO PANTENE KERATINA,PANTE,Perfumería,Cuidado del cabello,""
7500435230070,ACO PANTENE PROV MIRACLES HIDRATA X 200 ML,PANTENE,Perfumería,Cuidado del cabello,""
7500435230117,ACO PANTENE PROV MIRACLES HIDRATA X 400 ML,PANTENE,Perfumería,Cuidado del cabello,""
7500435235372,ACO PANTENE PROV MIRACLES LISO INFINITO X 200 ML,PANTENE,Perfumería,Cuidado del cabello,""
7500435244428,ACO PANTENE PROV MIRACLES LISO INFINITO X 700 ML,PANTENE,Perfumería,Cuidado del cabello,""
7500435244435,ACO PANTENE PROV MIRACLES REVITALIZACION X 700 ML,PANTENE,Perfumería,Cuidado del cabello,""
7500435229852,ACO PANTENE PROVMIRACLES DETOX X 200 ML,PANTENE,Perfumería,Cuidado del cabello,""
7500435230001,ACO PANTENE PROVMIRACLES EQUILIBRIO X 200 ML,PANTENE,Perfumería,Cuidado del cabello,""
7791905022930,ACO POLYANA CERAMIDAS,POLYANA,Perfumería,Cuidado del cabello,""
7791293049755,ACO PREBIOTIC+BIOTIN,SEDAL,Perfumería,Cuidado del cabello,""
7791293047508,ACO RECONSTRUCCION,DOVE,Perfumería,Cuidado del cabello,""
7509552920871,ACO REPARA LISO COCO,FRUCT,Perfumería,Cuidado del cabello,""
7790740000486,ACO RESTAURA AMINOMA,PLUSB,Perfumería,Cuidado del cabello,""
7791293045856,ACO SEDAL CERAMIDAS X 190 ML,SEDAL,Perfumería,Cuidado del cabello,""
7798140256656,ACO TIO NACHO RENO ACLARANTE X 415 ML,TIO NACHO,Perfumería,Cuidado del cabello,""
7798140256755,ACO TIO NACHO RENO ENGROSADOR X 200 ML,TIO NACHO,Perfumería,Cuidado del cabello,""
7798140256731,ACO TIO NACHO RENO ENGROSADOR X 415 ML,TIO NACHO,Perfumería,Cuidado del cabello,""
7798140256779,ACO TIO NACHO RENO HERBOLARIA X 415 ML,TIO NACHO,Perfumería,Cuidado del cabello,""
7791293050300,ACO TRESEMME MATIZ ULTRAVIOLETA P 500 ML,TRESEMME,Perfumería,Cuidado del cabello,""
7790740000479,ACOND CONTROL FRIZZ PLUSBELLE ESENCIA X 970 CC,PLUSBELLE,Perfumería,Cuidado del cabello,""
7791293047041,ACOND DOVE RITUAL DE REPARACION X 200ML,DOVE,Perfumería,Cuidado del cabello,""
7790740000325,ACOND FRESCURA,PLUSB,Perfumería,Cuidado del cabello,""
7791293047577,ACOND RECONSTRUCCION COMPLETA DOVE X 750 CC,DOVE,Perfumería,Cuidado del cabello,""
22400341071,ACOND.VO5 X444ML KIWI LIMA,"",Perfumería,Cuidado del cabello,""
7791293045986,ACONDICIONADOR CERAMIDAS SEDAL X 650 CC,SEDAL,Perfumería,Cuidado del cabello,""
7509552902976,"ACONDICIONADOR COLOR VIVE PROTECTOR, ELVIVE, 750 cm3",ELVIVE,Perfumería,Cuidado del cabello,""
7791293050225,ACONDICIONADOR ONDAS BOHO TRESEMME X 880 CC,TRESEMME,Perfumería,Cuidado del cabello,""
7791293045887,ACONDICIONADOR RESTAURACION SEDAL X 190 CC,SEDAL,Perfumería,Cuidado del cabello,""
7791274196287,ALGABO GEL EF HUMEDO,ALGABO,Perfumería,Cuidado del cabello,""
7791274196331,ALGABO GEL FUER 500,ALGABO,Perfumería,Cuidado del cabello,""
7791274196430,ALGABO GEL HUM 150GR,ALGABO,Perfumería,Cuidado del cabello,""
7799120006445,ALIADA SH ALOE,ALIADA,Perfumería,Cuidado del cabello,""
7798180961428,ALTAMODA AC DESAMARI,ALTAMODA,Perfumería,Cuidado del cabello,""
7899884226223,AM COLOR SIN AM 1,ALTAMODA,Perfumería,Cuidado del cabello,""
7899884226308,AM COLOR SIN AM 5 64,ALTAMODA,Perfumería,Cuidado del cabello,""
7899884223802,AM MS MICELAR GLOWUP,ALTAMODA,Perfumería,Cuidado del cabello,""
7798180961237,AM OXIDANTE 10V 90ML,ALTAMODA,Perfumería,Cuidado del cabello,""
7798180961244,AM OXIDANTE 20V 90ML,ALTAMODA,Perfumería,Cuidado del cabello,""
7790375269760,BAGOVIT MASCA NUTRICION PROFUNDA 300ML,BAGOVIT,Perfumería,Cuidado del cabello,""
7790375269777,BAGOVIT MASCA REPARACION INTENSA 300ML,BAGOVIT,Perfumería,Cuidado del cabello,""
7790375270643,BAGOVIT TRAT VEGETAL,BAGOVIT,Perfumería,Cuidado del cabello,""
7899884223581,BALSAMO ALTA MODA DETOX PURIFY X 300 ML,ALTA MODA E,Perfumería,Cuidado del cabello,""
7791001009743,BALSAMO BIFERDIL 100% VEGANOS X 200ML,BIFERDIL,Perfumería,Cuidado del cabello,""
7791001008975,BALSAMO BIFERDIL BIO COLOR 0 AMONIACO X 400 GR,BIFERDIL,Perfumería,Cuidado del cabello,""
7791001004007,BALSAMO BIFERDIL C/MANZANILLA X 400 ML,BIFERDIL,Perfumería,Cuidado del cabello,""
7791001013610,BALSAMO BIFERDIL OLEO DE ARGAN MINITALLA X 100 ML,Biferdil,Perfumería,Cuidado del cabello,""
7792640003079,CAPILATIS CERA MODEL,CAPILATIS,Perfumería,Cuidado del cabello,""
7792640008364,CAPILATIS COLORAC RU,CAPILATIS,Perfumería,Cuidado del cabello,""
7792640008159,CAPILATIS COLORACION,CAPILATIS,Perfumería,Cuidado del cabello,""
7792640000399,CAPILATIS ORTIGA LO,CAPILATIS,Perfumería,Cuidado del cabello,""
8023277149670,CEP GAMA GLAMOUR PINK ARG,GAMA,Perfumería,Cuidado del cabello,""
7793970550707,CEPILLO Y PEINE,BABELITO,Perfumería,Cuidado del cabello,""
7509552948189,COLOR PERM 1 NEGRO EXCELLENCE X 1 UNI,EXCELLENCE,Perfumería,Cuidado del cabello,""
3614225108716,COLOR PERM 28 NEGRO AZULADO KOLESTON X 1 UNI,KOLESTON,Perfumería,Cuidado del cabello,""
7509552899184,COLOR PERM 4U CAST UNIV S AMON EXCELLENCE X1UNI,EXCELLENCE,Perfumería,Cuidado del cabello,""
7509552948011,COLOR PERM 6.3 RUBIO OSCURO DOR EXCELLENCE X 1 UNI,EXCELLENCE,Perfumería,Cuidado del cabello,""
7793008012801,"COLORACION CHOCOL. DOR KERAT. T6.73, ISSUE, 1 cu",ISSUE,Perfumería,Cuidado del cabello,""
7509552948028,"COLORACION CHOCOLATE T6.34, EXCELLENCE, 1 cu",EXCELLENCE,Perfumería,Cuidado del cabello,""
7509552923988,COLORACION N°53 NUEZ CLASICO NUTRISSE CJA 1 UNI,NUTRISSE,Perfumería,Cuidado del cabello,""
7509552923650,COLORACION N°60U RUBIO OSCURO PROFUNDO NUTRISSE CJA 1 UNI,NUTRISSE,Perfumería,Cuidado del cabello,""
7793008012764,"COLORACION RUBIO C.C KERAT. T9.1, ISSUE, 1 cu",ISSUE,Perfumería,Cuidado del cabello,""
7509552948073,"COLORACION RUBIO CENIZA PROF T7.11, EXCELLENCE, 1 cu",EXCELLENCE,Perfumería,Cuidado del cabello,""
7898587770699,"COLORACION RUBIO CENIZA T7.1, COR INTENSA, 1 cu",COR INTENSA,Perfumería,Cuidado del cabello,""
7509552806229,"COLORACION RUBIO MUY CLARO T9.0, COR INTENSA, 1 cu",COR INTENSA,Perfumería,Cuidado del cabello,""
7509552844764,"COLORACION RUBIO OSCURO CENIZO T6.1, COR INTENSA, 1 cu",COR INTENSA,Perfumería,Cuidado del cabello,""
7509552899191,"COLORACION S/AM CASTAÑO CLARO T5U, EXCELLENCE, 1 cu",EXCELLENCE,Perfumería,Cuidado del cabello,""
7899026462724,COR INTENSA 11 1,COR INTENSA,Perfumería,Cuidado del cabello,""
7898587770651,COR INTENSA 5 3,COR INTENSA,Perfumería,Cuidado del cabello,""
7509552902389,CREM TRAT HIALU HIDR,ELVIV,Perfumería,Cuidado del cabello,""
7509552928853,CREMA TRAT GLYC GLOS,ELVIV,Perfumería,Cuidado del cabello,""
7791973022795,Col KEY COLOR master CJA-1-un.,KEY COLOR,Perfumería,Cuidado del cabello,""
7791973022641,Col Key Color Master CJA-1-un.,KEY COLOR,Perfumería,Cuidado del cabello,""
7791973022863,Col Key Color Master CJA-1-un.,KEY COLOR,Perfumería,Cuidado del cabello,""
7791001001778,DESENREDANTE BIFERDIL KIDS X 250 ML,BIFERDIL,Perfumería,Cuidado del cabello,""
7506306253070,DOVE SERUM CONCENTRA,DOVE,Perfumería,Cuidado del cabello,""
7794207000118,DR UZE MAX PEINE,DR UZE,Perfumería,Cuidado del cabello,""
7791102054222,ELASTICOS NEGROS COOP,COOPERATIVA,Perfumería,Cuidado del cabello,""
7509552836592,ELV DREAM LONG CPP 2,ELVIVE,Perfumería,Cuidado del cabello,""
7509552948196,EXCELLENCE 123 R U C,EXCELLENCE,Perfumería,Cuidado del cabello,""
7509552948233,EXCELLENCE 8 CHOCO PURO,EXCELLENCE,Perfumería,Cuidado del cabello,""
7509552844474,EXCELLENCE RUBIO CEN,EXCELLENCE,Perfumería,Cuidado del cabello,""
7793008019077,FIJADOR ANTIFRIZZ NEW ROBY SPRAY X 180 CC,ROBY,Perfumería,Cuidado del cabello,""
7793008019022,FIJADOR EXTRA FUERTE ROBY AER 390 ML,ROBY,Perfumería,Cuidado del cabello,""
7793008019039,FIJADOR FUERTE NEW ROBY SPRAY X 390 CC,ROBY,Perfumería,Cuidado del cabello,""
7791293050645,"FIJADOR GEL EXTRA C/HIALURONICO, LORD CHESELINE, 280 gr",LORD CHESELINE,Perfumería,Cuidado del cabello,""
7791274196454,"FIJADOR GEL FIJACION FUERTE, ALGABO, 150 gr",ALGABO,Perfumería,Cuidado del cabello,""
7793008019084,"FIJADOR MOUSSE CAPILAR, ROBY, 190 cm3",ROBY,Perfumería,Cuidado del cabello,""
7791274196294,GEL FIJADOR BRILLO+CONTROL ALGABO POTE X 325 GRS,ALGABO,Perfumería,Cuidado del cabello,""
7791274189326,GEL FIJADOR EFECTO HUMEDO ALGABO X 200 GRM,ALGABO,Perfumería,Cuidado del cabello,""
7791274190490,GEL FIJADOR SILVER ALGABO X 150GRM,ALGABO,Perfumería,Cuidado del cabello,""
7798417954018,HEBILLA DAMA 35 A 40,OM,Perfumería,Cuidado del cabello,""
7791102047828,HEBILLAS COOP INVISIBLES,COOPERATIVA,Perfumería,Cuidado del cabello,""
7500435253086,HERBAL ESS CP ROSA M,HERBAL ESSENCES,Perfumería,Cuidado del cabello,""
7500435212557,HERBAL ESS MASC HYDR,HERBAL ESSENCES,Perfumería,Cuidado del cabello,""
7500435171212,HERBAL ESS OLEO ARGA,HERBAL ESSENCES,Perfumería,Cuidado del cabello,""
0190679000026,HERBAL ESS SH GRAPEF,HERBAL ESSENCES,Perfumería,Cuidado del cabello,""
0190679000095,HERBAL ESS SH ROSEMA,HERBAL ESSENCES,Perfumería,Cuidado del cabello,""
7500435166249,HS SH OLD SPICE 650,HEAD AND SHOULDERS,Perfumería,Cuidado del cabello,""
7899884203934,IL SALONE BALS BRILL,IL SALONE,Perfumería,Cuidado del cabello,""
7453003501709,INFAN TEC CEPILLO PEINE UNICO SURTID,INFAN TEC,Perfumería,Cuidado del cabello,""
7793008018216,ISSUE ECO EX KER 5 6,ISSUE KIT KERATINA,Perfumería,Cuidado del cabello,""
7793008005667,ISSUE KERATIN N°7 3,ISSUE,Perfumería,Cuidado del cabello,""
7793008005551,ISSUE KERATIN N°8,ISSUE,Perfumería,Cuidado del cabello,""
7793008005568,ISSUE KERATIN N°9,ISSUE,Perfumería,Cuidado del cabello,""
7793008019251,ISSUE KIT S AMONI PL,ISSUE,Perfumería,Cuidado del cabello,""
7793008019183,ISSUE KIT S AMONI RU,ISSUE,Perfumería,Cuidado del cabello,""
7793008017196,ISSUE POLVO DECOLO M,ISSUE,Perfumería,Cuidado del cabello,""
7793008010487,ISSUE SALOON LEAVEIN,ISSUE,Perfumería,Cuidado del cabello,""
7793008016397,ISSUE SALOON SHAMPOO,ISSUE,Perfumería,Cuidado del cabello,""
7793008018728,ISSUE ULT BRI RUB,ISSUE,Perfumería,Cuidado del cabello,""
7501080111448,JUST FOR MEN BAR Y B,JUST FOR MEN,Perfumería,Cuidado del cabello,""
7501080111455,JUST FOR MEN BAR Y B,JUST FOR MEN,Perfumería,Cuidado del cabello,""
7791080112006,JUST FOR MEN C CLARO,JUST FOR MEN,Perfumería,Cuidado del cabello,""
7791080112037,JUST FOR MEN NEGRO,JUST FOR MEN,Perfumería,Cuidado del cabello,""
7509552948110,KIT EXCELLENCE CREME T:8.11RUB CL/CENIZ.INT.L'ORÉAL CJA 1 UNI,LOREAL,Perfumería,Cuidado del cabello,""
7793008019831,KIT LEAU VIVE N10 1 RUB C,LEAU VIVE,Perfumería,Cuidado del cabello,""
7793008019794,KIT LEAU VIVE N9 RUBIO CC,LEAU VIVE,Perfumería,Cuidado del cabello,""
7793008019916,KIT LEAU VIVE N°7 3 RUB D,LEAU VIVE,Perfumería,Cuidado del cabello,""
3614225108853,KOLESTON KIT CHOCOLA,KOLESTON,Perfumería,Cuidado del cabello,""
7896001025325,LANOSSI ELAST CAPUC,LANOSSI,Perfumería,Cuidado del cabello,""
7896001025332,LANOSSI ELAST LILA,LANOSSI,Perfumería,Cuidado del cabello,""
7896001025318,LANOSSI ELAST NEGRO,LANOSSI,Perfumería,Cuidado del cabello,""
7896001025233,LANOSSI PEINE,LANOSSI,Perfumería,Cuidado del cabello,""
7896001025196,LANOSSI PEINE COLA,LANOSSI,Perfumería,Cuidado del cabello,""
7509552917413,LOREAL MAGIC RETOUCH,LOREAL,Perfumería,Cuidado del cabello,""
7891150097131,MASC BOND INTEN REPA,DOVE,Perfumería,Cuidado del cabello,""
7891150101647,MASC CABE TOQUE SEDA,SEDAL,Perfumería,Cuidado del cabello,""
7791293049793,MASC CABELLO C/COLAG,SEDAL,Perfumería,Cuidado del cabello,""
7891150099920,MASC TRAT LUMINOS UV,SEDAL,Perfumería,Cuidado del cabello,""
7791293050485,MASC TRATAMI HIDRATA,TRESE,Perfumería,Cuidado del cabello,""
7791293050881,MASCARA HIDRATACION,DOVE,Perfumería,Cuidado del cabello,""
7791293048642,MASCARA NUTRICION,DOVE,Perfumería,Cuidado del cabello,""
7791293048659,MASCARA P/CABELLO,DOVE,Perfumería,Cuidado del cabello,""
7791293050492,MASCARA REAPARACION,TRESE,Perfumería,Cuidado del cabello,""
7791293048635,MASCARA RECONSTRUCCI,DOVE,Perfumería,Cuidado del cabello,""
7792640001822,MASCARILLA CAPILAR HAIR KERATINA CAPILATISX170CC,CAPILATIS,Perfumería,Cuidado del cabello,""
7891150099463,MASCARILLA REVIT CAPILAR CERAMIDAS SEDAL X 300 GRM,SEDAL,Perfumería,Cuidado del cabello,""
7798237960206,MOON CEPILLO CARTERA,MOON,Perfumería,Cuidado del cabello,""
7509552923773,NUTRISSE ARANDANO 28,NUTRISSE,Perfumería,Cuidado del cabello,""
0022796900142,OGX AOM EXTRA STRE HAIR MASK 100 ML,OGX,Perfumería,Cuidado del cabello,""
7509552874204,OLEO NUTRI EXT,ELVIV,Perfumería,Cuidado del cabello,""
7500435242677,OLEO PARA CABELLO,PANTE,Perfumería,Cuidado del cabello,""
7891150103504,OLEO UV REPAIR,DOVE,Perfumería,Cuidado del cabello,""
7798008962361,OTOWIL CIELO AMARILLO,OTOWIL,Perfumería,Cuidado del cabello,""
7798008961630,OTOWIL COLORA RUBIO MUY CLARO CENIZA 9 1,OTOWIL,Perfumería,Cuidado del cabello,""
7500435247900,PANTENE TONICO 52ML,PANTENE,Perfumería,Cuidado del cabello,""
7791102047712,PEINE COOP FAMILIAR,COOPERATIVA,Perfumería,Cuidado del cabello,""
7797222007100,PEINE DE BOLSILLO TAO PLASTICO BSA 1 UNI,TAO,Perfumería,Cuidado del cabello,""
7797222007230,PEINE GRANDE ACRILICO TAO BSA 1 UNI,TAO,Perfumería,Cuidado del cabello,""
7797222007285,PEINE TAO FAMILIAR TIPO ACRILICO BSA 1 UNI,TAO,Perfumería,Cuidado del cabello,""
7790740001841,PLUSBE ESENCI SH COL,PLUSBELLE ESENCIA,Perfumería,Cuidado del cabello,""
7791293049694,"PROTECTOR TERMICO ANTIFRIZZ SPRAY, TRESEMME, 120 cm3",TRESEMME,Perfumería,Cuidado del cabello,""
7791293047782,SEDAL SH CARBON Y PE,SEDAL,Perfumería,Cuidado del cabello,""
7791293043418,SEDAL SH CR BALANCE,SEDAL,Perfumería,Cuidado del cabello,""
7509552979558,SERUM DREAM LISO,ELVIV,Perfumería,Cuidado del cabello,""
7891150099906,SERUM LUMINOUS UV,SEDAL,Perfumería,Cuidado del cabello,""
7509552964387,SH DREAM LISSO,ELVIVE,Perfumería,Cuidado del cabello,""
7509552902518,SH KERATINA REP TOT5,ELVIVE,Perfumería,Cuidado del cabello,""
7791819000604,SH P PRECIO CERAMIDAS,PRIMER PRECIO,Perfumería,Cuidado del cabello,""
7791819000581,SH PRIMER PRECIO MANZANA,PRIMER PRECIO,Perfumería,Cuidado del cabello,""
7791293047171,SH REGENERACION EXTR,DOVE,Perfumería,Cuidado del cabello,""
7509552920857,SH REPAIR LISO COCO,FRUCT,Perfumería,Cuidado del cabello,""
7791293052236,SH SEDAL MEGA CRECIMIENTO,SEDAL,Perfumería,Cuidado del cabello,""
7792640007701,SH TRATANTE ORTIGAS,CAPIL,Perfumería,Cuidado del cabello,""
7899884223628,SHA ALTA MODA HYDRA SAVE X 300 ML,ALTA MODA E,Perfumería,Cuidado del cabello,""
7791001003611,SHA BIFERDIL ALGAS X 400 ML,BIFERDIL,Perfumería,Cuidado del cabello,""
7791001004359,SHA BIFERDIL ALTA PUREZA LIBRE DE SULFATOS X 255 ML,BIFERDIL,Perfumería,Cuidado del cabello,""
7791001010732,SHA BIFERDIL ANTI AMARILLO X 295 ML,BIFERDIL,Perfumería,Cuidado del cabello,""
7791001011517,SHA BIFERDIL P+T P/CAIDA C/BIOTINA Y VIT B6 X 300 ML,BIFERDIL,Perfumería,Cuidado del cabello,""
7791001005820,SHA BIFERDIL ULTRA BRILLO X 255 ML,BIFERDIL,Perfumería,Cuidado del cabello,""
7792640004694,SHA CAPILATIS ACIDO GLICOLICO X 350 ML,CAPILATIS,Perfumería,Cuidado del cabello,""
7792640003383,SHA CAPILATIS ANTI CASPA,CAPILATIS,Perfumería,Cuidado del cabello,""
7792640003352,SHA CAPILATIS CON ORTIGA JARILLA Y CAFEINA X 260ML,CAPILATIS,Perfumería,Cuidado del cabello,""
7792640004564,SHA CAPILATIS CONTROL GRASO X 420 ML,CAPILATIS,Perfumería,Cuidado del cabello,""
7792640004557,SHA CAPILATIS LIMP PROF PH NEUTRO X 420ML,CAPILATIS,Perfumería,Cuidado del cabello,""
7792640001945,SHA CAPILATIS NATURA OIL  X 420 ML,CAPILATIS,Perfumería,Cuidado del cabello,""
7501056344092,SHA CLEAR CAIDA CONTROL X 400ML,CLEAR,Perfumería,Cuidado del cabello,""
7891150104822,SHA DOVE UV REPAIR X 200 ML,DOVE,Perfumería,Cuidado del cabello,""
7790033338203,SHA ELVIVE GLYCOLIC CRISTAL  X 200 ML,ELVIVE,Perfumería,Cuidado del cabello,""
7509552902334,SHA ELVIVE HIDRA HIALURONICO X 750 ML,ELVIVE,Perfumería,Cuidado del cabello,""
7509552902501,SHA ELVIVE RT5 + KERATIN 2 EN 1 X 400 ML,ELVIVE,Perfumería,Cuidado del cabello,""
7509552903461,SHA ELVIVE WENDY COLORVIVE X 400 ML,ELVIVE,Perfumería,Cuidado del cabello,""
7790740001780,SHA ESEN NUTRI INTEN,PLUSB,Perfumería,Cuidado del cabello,""
7509552874136,SHA FRUCTIS HAIR FOOD COCO X 300 ML,FRUCTIS,Perfumería,Cuidado del cabello,""
7500435019491,SHA H&S 3EN1 X 375 ML,HEAD & SHOULDERS,Perfumería,Cuidado del cabello,""
7500435019545,SHA H&S W OLD SPICE X 375 ML,HEAD & SHOULDERS,Perfumería,Cuidado del cabello,""
7891150025929,SHA HUMEC ENRIQUECID,DOVE,Perfumería,Cuidado del cabello,""
7500435241069,SHA PANTENE KERATINA X 200 ML,PANTENE,Perfumería,Cuidado del cabello,""
7798151504463,SHA PRIMONT SIGNATURE CON TRUFA NEGRA X 300 ML,PRIMONT,Perfumería,Cuidado del cabello,""
7798140256649,SHA TIO NACHO RENO ACLARANTE X 415 ML,TIO NACHO,Perfumería,Cuidado del cabello,""
7798140256724,SHA TIO NACHO RENO ENGROSADOR X 415 ML,TIO NACHO,Perfumería,Cuidado del cabello,""
7798140256762,SHA TIO NACHO RENO HERBOLARIA X 415 ML,TIO NACHO,Perfumería,Cuidado del cabello,""
7791293050256,SHA TRESEMME DETOX CAPILAR P 500 ML,TRESEMME,Perfumería,Cuidado del cabello,""
7791293050072,SHA TRESEMME LISO EFECTO BOTOX 250 ML,TRESEMME,Perfumería,Cuidado del cabello,""
7798140256168,SHA TRIATOP REPARACION X 165 ML,TRIATOP,Perfumería,Cuidado del cabello,""
7500435249355,SHAMPOO ANTI RESEQUE,H&S,Perfumería,Cuidado del cabello,""
7792640008104,SHAMPOO C/ALOE VERA,CAPIL,Perfumería,Cuidado del cabello,""
7792640006704,SHAMPOO C/PALO AMARG,CAPIL,Perfumería,Cuidado del cabello,""
7791293050058,SHAMPOO CAUTERIZACION REPARADORA TRESEMME X 880 CC,TRESEMME,Perfumería,Cuidado del cabello,""
7791293045733,SHAMPOO CERAMIDAS,SEDAL,Perfumería,Cuidado del cabello,""
7500435191418,SHAMPOO COLAGENO,PANTE,Perfumería,Cuidado del cabello,""
7500435231268,"SHAMPOO CONTROL CASPA ANTI-COMEZON, HEAD SHOULDERS, 650 cm3",HEAD SHOULDERS,Perfumería,Cuidado del cabello,""
7791274192326,"SHAMPOO EXTRA SUAVE, ALGABO, 444 cm3",ALGABO,Perfumería,Cuidado del cabello,""
7509552902112,SHAMPOO HIDRA HIALUR,ELVIVE,Perfumería,Cuidado del cabello,""
7791293050324,SHAMPOO HIDRATACION,DOVE,Perfumería,Cuidado del cabello,""
7790010002950,SHAMPOO JOHNSON KIDS GOTAS DE BRILLO X 200 ML,Johnson Baby,Perfumería,Cuidado del cabello,""
7791293049977,SHAMPOO KERATINA ANTIFRIZZ TRESEMME X 880 CC,TRESEMME,Perfumería,Cuidado del cabello,""
7791293045757,SHAMPOO LISO PERFECT,SEDAL,Perfumería,Cuidado del cabello,""
7500435019880,SHAMPOO MANZANA FRES,HEAD&,Perfumería,Cuidado del cabello,""
7791293047164,SHAMPOO NUTRICION,DOVE,Perfumería,Cuidado del cabello,""
7791274201424,SHAMPOO PPATROL CHASE 3 EN 1 ALGABO X 300 CC,ALGABO,Perfumería,Cuidado del cabello,""
7791293047102,SHAMPOO RECONSTRUCCI,DOVE,Perfumería,Cuidado del cabello,""
7509552902532,SHAMPOO RT 5 KERATIN,ELVIV,Perfumería,Cuidado del cabello,""
7791442006639,SHOCK ALISANTE ARGAN,ESTER,Perfumería,Cuidado del cabello,""
7791442040251,SHOCK HAIR FOOD PIST,ESTER,Perfumería,Cuidado del cabello,""
7791442038562,SHOCK REJUVENECE ORO,ESTER,Perfumería,Cuidado del cabello,""
7791442039644,SHOCK VEGAN HAIR PAL,ESTER,Perfumería,Cuidado del cabello,""
7799120002027,SOUL CARE CEPILLO PA,SOUL CARE,Perfumería,Cuidado del cabello,""
7799120002386,SOUL CARE COLINES CH,SOUL CARE,Perfumería,Cuidado del cabello,""
7799120002416,SOUL CARE ELASTICO E,SOUL CARE,Perfumería,Cuidado del cabello,""
7799120002409,SOUL CARE ELASTICO G,SOUL CARE,Perfumería,Cuidado del cabello,""
7799120001938,SOUL CARE PEINE COLI,SOUL CARE,Perfumería,Cuidado del cabello,""
7799120001921,SOUL CARE PEINE MANG,SOUL CARE,Perfumería,Cuidado del cabello,""
7799120002034,SOUL CARE PEINE PARA PIOJOS,SOUL CARE,Perfumería,Cuidado del cabello,""
7799120001907,SOUL CARE PEINE RAST,SOUL CARE,Perfumería,Cuidado del cabello,""
7702031604143,SPRAY JOHNSON BABY GOTAS DE BRILLO X 200 ML,Johnson Baby,Perfumería,Cuidado del cabello,""
7790010003186,Shamp JOHNSON BABY original 750ml. BOT-750-ml.,JOHNSON BABY,Perfumería,Cuidado del cabello,""
7797222020048,TAO 2 PEINES,TAO,Perfumería,Cuidado del cabello,""
7791973022825,TINT KEY COLOR 8 1 R CL C,SILKEY,Perfumería,Cuidado del cabello,""
7791973024348,TINT KEY COLOR 9 21 RU CN,SILKEY,Perfumería,Cuidado del cabello,""
7509552923940,TINT PERM 67 CHOC IN,NUTRI,Perfumería,Cuidado del cabello,""
7509552923902,TINT PERM 70 ALMENDR,NUTRI,Perfumería,Cuidado del cabello,""
8480017806666,TINTURA 1 NEGR INTEN,BONTE,Perfumería,Cuidado del cabello,""
8480017806734,TINTURA 7.0 RUBIO,BONTE,Perfumería,Cuidado del cabello,""
0650240069376,TIO NACHO 2EN1 CASPA,TIO NACHO,Perfumería,Cuidado del cabello,""
7798140256915,TIO NACHO ACOND CELU,TIO NACHO,Perfumería,Cuidado del cabello,""
7798140256908,TIO NACHO SHA CELULA,TIO NACHO,Perfumería,Cuidado del cabello,""
7891150103122,TRAT DOVE LEAVE IN NUTR T,DOVE,Perfumería,Cuidado del cabello,""
7509552874013,TRAT HAIR FOOD AGUAC,FRUCT,Perfumería,Cuidado del cabello,""
7500435243674,TRATAM RESTAUR PRO V,PANTE,Perfumería,Cuidado del cabello,""
7793008017387,TRATAMIENTO CAPILAR BRILLO EXTREMO ISSUE X 150 GRS,ISSUE,Perfumería,Cuidado del cabello,""
7793008017462,TRATAMIENTO CAPILAR BRILLO EXTREMO ISSUE X 25 GRS,ISSUE,Perfumería,Cuidado del cabello,""
7793008017400,TRATAMIENTO CAPILAR CANAS FABULOSAS ISSUE X 150GRS,ISSUE,Perfumería,Cuidado del cabello,""
7792640001426,TRATAMIENTO CAPILAR CAPILATIS BRILLO EXTREMO POT 200 GRM,CAPILATIS,Perfumería,Cuidado del cabello,""
7793008017370,TRATAMIENTO CAPILAR EXTRA REPARACION ISSUE X150GRS,ISSUE,Perfumería,Cuidado del cabello,""
7793008017479,TRATAMIENTO CAPILAR PROTECCION COLOR ISSUE X 25GRS,ISSUE,Perfumería,Cuidado del cabello,""
7793008017486,TRATAMIENTO CAPILAR SHOCK NUTRICION ISSUE X 25 GRS,ISSUE,Perfumería,Cuidado del cabello,""
7509552851625,TRATAMIENTO NUTRICION INTENSA OLEO ELVIVE X300GRS,ELVIVE,Perfumería,Cuidado del cabello,""
7798368755825,TUITI ACCESORIO BROCHEJUMBO,TUITI,Perfumería,Cuidado del cabello,""
7798368755818,TUITI ACCESORIO CALADO,TUITI,Perfumería,Cuidado del cabello,""
7798368755863,TUITI ACCESORIO DIENTES FLOR,TUITI,Perfumería,Cuidado del cabello,""
7798368755849,TUITI ACCESORIO MARIPOSA CHICA,TUITI,Perfumería,Cuidado del cabello,""
7798368755832,TUITI ACCESORIO MONO,TUITI,Perfumería,Cuidado del cabello,""
7798368755924,TUITI ACCESORIO PIRANA MEDIANA,TUITI,Perfumería,Cuidado del cabello,""
7798368755962,TUITI COLITA GRANDE FINA SURTIDO COLOR,TUITI,Perfumería,Cuidado del cabello,""
7798368755986,TUITI COLITA GRANDE FINA SURTIDO ESCOLAR,TUITI,Perfumería,Cuidado del cabello,""
7798368755979,TUITI COLITA GRANDE FINA SURTIDO PASTEL,TUITI,Perfumería,Cuidado del cabello,""
7798368756037,TUITI COLITA MED SEMI RULO BLANCO NEGRO,TUITI,Perfumería,Cuidado del cabello,""
7798368756112,TUITI COLITA MINI BLANCO Y NEGRO,TUITI,Perfumería,Cuidado del cabello,""
7798368756105,TUITI COLITA MINI SURTIDO ESCOLAR,TUITI,Perfumería,Cuidado del cabello,""
3337875673914,VICHY DERCOS MASCARA KERA SOLUTIONS,VICHY,Perfumería,Cuidado del cabello,""
0040005400542,VINCHA CONJURO,HG HOME,Perfumería,Cuidado del cabello,""
0778988250327,VINCHA OREJ SURT,GABBY DOLLHOUSE,Perfumería,Cuidado del cabello,""
0778988364369,VINCHA OREJAS LYS,GABBY DOLLHOUSE,Perfumería,Cuidado del cabello,""
7798368755900,X TUITI ACCESORIO CORAZON,TUITI,Perfumería,Cuidado del cabello,""
7791293047591,acond DOVE regen extrema 750ml BOT-750-ml.,DOVE,Perfumería,Cuidado del cabello,""
7791293047478,acond DOVE ritual cresc equinacea 400ml BOT-400-ml.,DOVE,Perfumería,Cuidado del cabello,""
7790740001810,acond PLUSBELLE esen nut coco 700 ml BOT-710-ml.,PLUSBELLE,Perfumería,Cuidado del cabello,""
7791293050362,acondicionador DOVE largos fort 400ml BOT-400-ml.,DOVE,Perfumería,Cuidado del cabello,""
7794218106786,acondicionador ST TROPEZ ceramidas 930ml BOT-0.93-lt.,ST TROPEZ,Perfumería,Cuidado del cabello,""
7793008012634,col ISSUE kit protec keratina N°6 BLI-1-un.,ISSUE,Perfumería,Cuidado del cabello,""
7793008031413,col ISSUE kit protec keratina N°6.73 CJA-1-un.,ISSUE,Perfumería,Cuidado del cabello,""
7793008030485,col ISSUE kit protec keratina N°7 CJA-1-un.,ISSUE,Perfumería,Cuidado del cabello,""
7791973022689,col Key Color Master CJA-1-un.,KEY COLOR,Perfumería,Cuidado del cabello,""
7509552923964,color NUTRISSE perm tono57 caramelo CJA-1-un.,NUTRISSE,Perfumería,Cuidado del cabello,""
7793008019763,coloracion LEAU VIVE numero 6 EST-1-un.,LEAU VIVE,Perfumería,Cuidado del cabello,""
7793008019824,coloracion LEAU VIVE numero 8.1 EST-1-un.,L'EAU VIVE,Perfumería,Cuidado del cabello,""
7509552935615,crema para peinar ELVIVE oleo rizo BOT-250-ml.,ELVIVE,Perfumería,Cuidado del cabello,""
7793008019053,fijador ROBY extra fuerte 180ml SPR-180-ml.,ROBY,Perfumería,Cuidado del cabello,""
7793008019060,fijador ROBY fuerte 180ml SPR-180-ml.,ROBY,Perfumería,Cuidado del cabello,""
7793008018971,gel ROBY normal con aloe 150gr PMO-150-gr.,ROBY,Perfumería,Cuidado del cabello,""
7791274189340,gel capilar ALGABO ext brillo pomo 200gr PMO-200-gr.,ALGABO,Perfumería,Cuidado del cabello,""
7791274189333,gel capilar ALGABO ext fuerte pomo 200gr PMO-200-gr.,ALGABO,Perfumería,Cuidado del cabello,""
7791293049021,masc trat DOVE ritual creciminto 300g POT-300-gr.,DOVE,Perfumería,Cuidado del cabello,""
7791293049014,masc trat DOVE ritual reparacion300g POT-300-gr.,DOVE,Perfumería,Cuidado del cabello,""
7509552816099,mascarilla ELVIVE color vive 300gr POT-300-gr.,ELVIVE,Perfumería,Cuidado del cabello,""
7509552876437,mascarilla ELVIVE hialuronico 300g BOT-300-gr.,ELVIVE,Perfumería,Cuidado del cabello,""
7509552902464,mascarilla ELVIVE rep total ext 300ml BOT-300-ml.,ELVIVE,Perfumería,Cuidado del cabello,""
7793008019091,protect térmico ROBY 190ml SPR-190-ml.,ROBY,Perfumería,Cuidado del cabello,""
7500435162586,shamp HEAD & SHOULDERS antifall 650 ml BOT-650-cc.,HEAD & SHOULDERS,Perfumería,Cuidado del cabello,""
7793008017943,shamp color ISSUE express casta 25ml CJA-25-ml.,ISSUE,Perfumería,Cuidado del cabello,""
7791293045658,shampoo SEDAL ceramidas 190ml BOT-190-ml.,SEDAL,Perfumería,Cuidado del cabello,""
7500435243681,tratam PANTENE prov pearls hidr 270mlx2 BOT-1-ml.,PANTENE,Perfumería,Cuidado del cabello,""
7791293051574,ABD DEO OCEANRUSH 12,REXON,Perfumería,Desodorantes y afeitado,""
4006000196084,AERO FRESH AGUA COCO,NIVEA,Perfumería,Desodorantes y afeitado,""
0650240050091,AFEIT 300 MANGO+CART,GROOM,Perfumería,Desodorantes y afeitado,""
0070330717565,AFEIT BIC COMFORT3 SEN CT,BIC,Perfumería,Desodorantes y afeitado,""
8720689012850,AFEIT PHILIPS QP1424,PHILIPS,Perfumería,Desodorantes y afeitado,""
8720689013949,AFEIT PHILIPS QP2824,PHILIPS,Perfumería,Desodorantes y afeitado,""
8480017307620,AFEITA HOMBRE 2 HOJA,BONTE,Perfumería,Desodorantes y afeitado,""
7500435225366,AFEITA MACH3 CARBONO,GILLE,Perfumería,Desodorantes y afeitado,""
7702018874750,AFEITA PRESTOBARBA 3,GILLE,Perfumería,Desodorantes y afeitado,""
7702018072217,AFEITA UPGRAD SENSIT,VENUS,Perfumería,Desodorantes y afeitado,""
0070330736559,AFEITADORA BIC FLEX,BIC,Perfumería,Desodorantes y afeitado,""
8412300813006,AFTER SHAVE BALSAMO REGENERADOR NIVEA X 100 CC,NIVEA,Perfumería,Desodorantes y afeitado,""
7791600037451,AFTER SHAVE KEVIN,KEVIN,Perfumería,Desodorantes y afeitado,""
7791274191930,AFTER SHAVE LOCION MEN ALGABO X 120CC,ALGABO,Perfumería,Desodorantes y afeitado,""
8715200813061,AFTER SHAVE SENSITIVE FOR MEN NIVEA X 100 CC.,NIVEA,Perfumería,Desodorantes y afeitado,""
7791274198052,ALGABO CONTROL polvo desod. rep. celeste DOY-200-gr.,ALGABO,Perfumería,Desodorantes y afeitado,""
7891150100503,ANTITRA REXONA CL INVISIB,REXONA,Perfumería,Desodorantes y afeitado,""
7500435143189,ANTITRAN BARRA POWDE,SECRE,Perfumería,Desodorantes y afeitado,""
0000075082741,"ANTITRANSP. BARRA INVISIBLE CARE, DOVE, 53 gr",DOVE,Perfumería,Desodorantes y afeitado,""
0000078926523,"ANTITRANSP. ROLL ON ACTIVE EMO, REXONA, 50 cm3",REXONA,Perfumería,Desodorantes y afeitado,""
7791293025889,ANTITRANSPIRANTE AERO DARK TEMPTATION AXE X 152 CC,AXE,Perfumería,Desodorantes y afeitado,""
0079400301161,ANTITRANSPIRANTE CLINICAL DRY WOMEN REXONA X 48GRS,REXONA,Perfumería,Desodorantes y afeitado,""
0079400052926,ANTITRANSPIRANTE FEMEN CREMA CLINICAL REXONA X 48G,REXONA,Perfumería,Desodorantes y afeitado,""
0000078925519,ANTITRANSPIRANTE ROLLON EXTRA FRESH DOVE MEN X50CC,DOVE,Perfumería,Desodorantes y afeitado,""
0033200197928,AYH DEO FEM ESENTIAL,ARM Y HAMMER,Perfumería,Desodorantes y afeitado,""
7506460101088,BANDA DEPILATORIA  AXILAS Y BIKINI VEET PIEL SENS,VEET,Perfumería,Desodorantes y afeitado,""
7799054022795,BANDAS DEPILATORIAS ENJOY CUERPO PIEL NORMAL X 12U,ENJOY,Perfumería,Desodorantes y afeitado,""
7506460101279,BANDAS DEPILATORIAS PIEL SENSIBLE VEET X 12 UNI,VEET,Perfumería,Desodorantes y afeitado,""
7798422001653,BENSIMON BLUE N EXT,BENSIMON,Perfumería,Desodorantes y afeitado,""
0070330717534,BIC COMFORT3 NORM X1,BIC,Perfumería,Desodorantes y afeitado,""
7501843507365,BIC SOLEIL ESCAPE X2,BIC,Perfumería,Desodorantes y afeitado,""
0070330731806,BIC SOLEIL X1,BIC,Perfumería,Desodorantes y afeitado,""
7791293043791,BODYSPRAY MARINE,AXE,Perfumería,Desodorantes y afeitado,""
7798175714732,BOOS FOREVER W DEO,BOOS,Perfumería,Desodorantes y afeitado,""
7798332024315,BOOS NEC SIGNA PRIVE,BOOS,Perfumería,Desodorantes y afeitado,""
7798332024162,BOOS SIGNATURE PRIVE,BOOS,Perfumería,Desodorantes y afeitado,""
3219650813008,Bálsamo after shave NIVEA PVC-100-ml.,NIVEA,Perfumería,Desodorantes y afeitado,""
7500435169486,"CARTUCHO AFEITAR MACH3, GILLETTE, 4 cu",GILLETTE,Perfumería,Desodorantes y afeitado,""
7506339315905,CARTUCHO SENSITI X2,VENUS,Perfumería,Desodorantes y afeitado,""
7791580005051,CERA DEP E DIAM VEG LIGHT 200 GR   LATA,EMAL DIAMAN,Perfumería,Desodorantes y afeitado,""
7791580003040,CERA DEP E DIAMAN MIEL 200 LATA,EMAL DIAMAN,Perfumería,Desodorantes y afeitado,""
7791580011045,CERA DEP E DIAMAN ROSA MOS 350  LATA,EMAL DIAMAN,Perfumería,Desodorantes y afeitado,""
7791580005136,"CERA DEPILATORIA MIEL LATA, DEPILFEM, 180 gr",DEPILFEM,Perfumería,Desodorantes y afeitado,""
7804923025262,"CERA DEPILATORIA VEGETAL PERLAS REP, MILLEFIORI, 100 gr",MILLEFIORI,Perfumería,Desodorantes y afeitado,""
7794728001229,CERA DEPIMIEL EN PERLAS VEGETAL X 200 GR,DEPIMIEL,Perfumería,Desodorantes y afeitado,""
7798094421018,CERA ENJOY CACER MIEL  200GR,ENJOY,Perfumería,Desodorantes y afeitado,""
7798094421001,CERA ENJOY CACER VEGETAL 200GR,ENJOY,Perfumería,Desodorantes y afeitado,""
7798094421025,CERA ENJOY MICRO VEGET 180GR,ENJOY,Perfumería,Desodorantes y afeitado,""
8002990292139,CR DEPI PIEL SENSIBL,VEET,Perfumería,Desodorantes y afeitado,""
7501058769541,CRE DEPIL P/DUCHA VEET P. SENS X 150 ML,VEET,Perfumería,Desodorantes y afeitado,""
7805010002135,CRE DEPILATORIA VEET AXILA Y BIKINI PIEL SENSIBLE X 100 ML,VEET,Perfumería,Desodorantes y afeitado,""
7500435173223,CREM AFEITAR SHAVE,GILLE,Perfumería,Desodorantes y afeitado,""
7791580001046,CREMA DEP E DIAMAN ALOE 130GR,EMAL DIAMAN,Perfumería,Desodorantes y afeitado,""
7798339190433,CREMA DEPILATORIA CORPORAL VEET MAN X 200 CC,VEET,Perfumería,Desodorantes y afeitado,""
7506460101057,CREMA DEPILATORIA FACIAL VEET KIT 2 X 50CC,VEET,Perfumería,Desodorantes y afeitado,""
7791293049540,DEO ACTIV EMOT WOMEN,REXON,Perfumería,Desodorantes y afeitado,""
7791293049588,DEO ACTIV EMOT WOMEN,REXONA,Perfumería,Desodorantes y afeitado,""
7506306249981,DEO AER BLUE LAVENDE,AXE,Perfumería,Desodorantes y afeitado,""
7506306249998,DEO AER GREEN GERANI,AXE,Perfumería,Desodorantes y afeitado,""
4005900122186,DEO AER PROT & CARE,NIVEA,Perfumería,Desodorantes y afeitado,""
7791293049496,DEO AER SENSITIV MEN,REXON,Perfumería,Desodorantes y afeitado,""
7791293049571,DEO AEROS FUTB WOMEN,REXONA,Perfumería,Desodorantes y afeitado,""
7791293049472,DEO AEROS FUTBOL MEN,REXONA,Perfumería,Desodorantes y afeitado,""
7791293049557,DEO AEROS NUTR WOMEN,REXONA,Perfumería,Desodorantes y afeitado,""
7791293039640,DEO AEROS VERY PINK,IMPUL,Perfumería,Desodorantes y afeitado,""
7791293049632,DEO ANTIT COTTON DRY,REXON,Perfumería,Desodorantes y afeitado,""
7500435129367,DEO ANTITRANS EN GEL,SECRE,Perfumería,Desodorantes y afeitado,""
7791293020297,DEO AP APOLLO,AXE,Perfumería,Desodorantes y afeitado,""
7791293049564,DEO BAMBO/ALOE WOMEN,REXON,Perfumería,Desodorantes y afeitado,""
7791293049533,DEO COTTON DRY WOMEN,REXON,Perfumería,Desodorantes y afeitado,""
7791274202049,DEO FEM BLOOM AURA,POLO,Perfumería,Desodorantes y afeitado,""
7791600596576,DEO KEVIN ABSOLUTE,KEVIN,Perfumería,Desodorantes y afeitado,""
7791274202025,DEO MASC OCEAN WOOD,POLO,Perfumería,Desodorantes y afeitado,""
7791293046815,DEO PATRICHS GRAN PRIX,PATRICHS,Perfumería,Desodorantes y afeitado,""
0000078923454,DEO ROLL REXONA V8,REXONA,Perfumería,Desodorantes y afeitado,""
4005808257553,DEO ROLL-ON DRY MEN,NIVEA,Perfumería,Desodorantes y afeitado,""
7791600024345,DEOS CIEL CRYSTAL 186 ML,CIEL,Perfumería,Desodorantes y afeitado,""
7791600295356,DEOS CIEL MAGIC 186 ML,CIEL,Perfumería,Desodorantes y afeitado,""
7794728041270,DEPIMANIA CERA LATA,DEPIMANIA,Perfumería,Desodorantes y afeitado,""
7794728002011,DEPIMANIA CERA POTE,DEPIMANIA,Perfumería,Desodorantes y afeitado,""
7794728001526,DEPIMIEL BANDA CORPO,DEPIMIEL,Perfumería,Desodorantes y afeitado,""
7793742008306,DERMAGLOS CRE AFTERSHAVE HIDR 100GR,DERMAGLOS,Perfumería,Desodorantes y afeitado,""
7798092840613,DERMOVAGISIL DEO INTIMO DURAZNO 75 ML,DERMO VAGISIL,Perfumería,Desodorantes y afeitado,""
7791293012087,DES ANTITRANSPIRANTE DOVE MEN AER COMFORT PROTECTION X 150 ML,DOVE MEN,Perfumería,Desodorantes y afeitado,""
7791293032498,DES ANTITRANSPIRANTE REXONA AER BAMBOO X 150 ML,REXONA,Perfumería,Desodorantes y afeitado,""
7791293032481,DES ANTITRANSPIRANTE REXONA AER INVISIBLE X 150 ML,REXONA,Perfumería,Desodorantes y afeitado,""
7791293022635,DES ANTITRANSPIRANTE REXONA MEN AER INVISIBLE X 150 ML,REXONA,Perfumería,Desodorantes y afeitado,""
7791293043845,DES AXE GOLD VANILLA X 97 GR,AXE,Perfumería,Desodorantes y afeitado,""
7798175718471,DES BOOS INTENSE NIGHT 150ML,BOOS,Perfumería,Desodorantes y afeitado,""
7798175718037,DES BOOS INTENSE X 168ML   MEN,BOOS,Perfumería,Desodorantes y afeitado,""
7798175714749,DES BOOS MIDNIGHT X 127 ML,BOOS,Perfumería,Desodorantes y afeitado,""
7798332020263,DES BOOS RAINBOW X 127 ML,BOOS,Perfumería,Desodorantes y afeitado,""
7794640171246,DES HINDS INTRAHIDRATANTE X60G,HINDS,Perfumería,Desodorantes y afeitado,""
7791600022358,DES KEVIN 0% ALCOHOL X 163 ML,KEVIN,Perfumería,Desodorantes y afeitado,""
7798322502687,DES KEVINGSTON 1989 GREY 160 ML,KEVINGSTON,Perfumería,Desodorantes y afeitado,""
7798322503431,DES KEVINGSTON AZUL 20 X 160 ML,KEVINGSTON,Perfumería,Desodorantes y afeitado,""
4005808257584,DES NIVEA ROLL ON DRY UNISEX 72HS X 50 ML,NIVEA,Perfumería,Desodorantes y afeitado,""
7791293049717,DES PATRICHS ACQUA X 230 ML,PATRICHS,Perfumería,Desodorantes y afeitado,""
7791293046792,DES PATRICHS AVIATOR X 97G,PATRICHS,Perfumería,Desodorantes y afeitado,""
7791600059248,DES PAULA LUZ X 123 ML,PAULA,Perfumería,Desodorantes y afeitado,""
7791293049649,DES REXONA MEN AP XTRACOOL X 250 ML,REXONA,Perfumería,Desodorantes y afeitado,""
7798175718860,DES TASCANI DISTINTO 150ML,TASCANI,Perfumería,Desodorantes y afeitado,""
7791293049458,DESO AERO PROTEC MEN,REXONA,Perfumería,Desodorantes y afeitado,""
7791969029807,DESO SPRAY SENS PROT,NIVEA,Perfumería,Desodorantes y afeitado,""
7791293028781,DESO. BLACK BZRP,AXE,Perfumería,Desodorantes y afeitado,""
7791293033273,DESOD AER SENSITIVE,DOVE,Perfumería,Desodorantes y afeitado,""
7791293049502,DESOD AEROS MEN,REXONA,Perfumería,Desodorantes y afeitado,""
7791293048017,DESOD MEN CARE FRESH,DOVE,Perfumería,Desodorantes y afeitado,""
7791293048475,DESODOR AERO PEPINO,DOVE,Perfumería,Desodorantes y afeitado,""
7791600173357,DESODORANTE AERO MASC PACO X 150 CC,PACO,Perfumería,Desodorantes y afeitado,""
7791905024385,DESODORANTE AERO MEN SPORT DUFOUR X 155 CC,DUFOUR,Perfumería,Desodorantes y afeitado,""
7791600619251,"DESODORANTE AEROSOL LOVE, CIEL, 123 cm3",CIEL,Perfumería,Desodorantes y afeitado,""
7798422003695,DESODORANTE BENSIMON BOLD BODY SPRAY X 165 ML,BENSIMON,Perfumería,Desodorantes y afeitado,""
7791600061784,DESODORANTE CARO CUORE AEROSOL X 123 ML,CARO CUORE,Perfumería,Desodorantes y afeitado,""
7791274000546,DESODORANTE DE PIES ALGABO AEROSOL X 153 CC,ALGABO,Perfumería,Desodorantes y afeitado,""
0079400509093,DESODORANTE DOVE VITAMIN CARE LAVENDER & CHAMOMILE X 74 GR,DOVE,Perfumería,Desodorantes y afeitado,""
7794490630511,DESODORANTE ETIQUET MEN ORIGINAL X 60 GR,ETIQUET,Perfumería,Desodorantes y afeitado,""
7791293051550,DESODORANTE FEM ALL BODY FRESC CITRIC REXONAX150CC,REXONA,Perfumería,Desodorantes y afeitado,""
6290360597973,DESODORANTE LATTAFA BADEE AL OUD SUBLIME X 200 ML,LATTAFA,Perfumería,Desodorantes y afeitado,""
6290360591872,DESODORANTE LATTAFA YARA MOI X 200 ML,LATTAFA,Perfumería,Desodorantes y afeitado,""
7791293051581,DESODORANTE MEN ALL BODY ACTIVE REXONA X 150 CC,REXONA,Perfumería,Desodorantes y afeitado,""
7791293051635,DESODORANTE MEN ALL BODY SHEA CEDAR DOVE X 150 CC,DOVE,Perfumería,Desodorantes y afeitado,""
7500435247603,DESODORANTE OLD SPICE ANTITRANSPIRANTE DRAGON BLAST X 50 GR,OLD SPICE,Perfumería,Desodorantes y afeitado,""
7500435247627,DESODORANTE OLD SPICE DRAGON BLAST X 50 GR,OLD SPICE,Perfumería,Desodorantes y afeitado,""
7791293051772,DESODORANTE PATRICHS GOLD LABEL X 230 ML,PATRICHS,Perfumería,Desodorantes y afeitado,""
7500435129411,DESODORANTE SECRET ANTITRANSPIRANTE CLINICAL FRESH RESPONSE X 45 GR,SECRET,Perfumería,Desodorantes y afeitado,""
7500435144636,DESODORANTE SECRET ANTITRANSPIRANTE CLINICAL PH BALANCED X 45 GR,SECRET,Perfumería,Desodorantes y afeitado,""
7791293048468,DOVE DEO AER AP ORIG,DOVE,Perfumería,Desodorantes y afeitado,""
7791600024239,Desodorante Femenino CIEL CRISTAL AER-123-cc.,CIEL,Perfumería,Desodorantes y afeitado,""
7791600037239,Desodorante masculino KEVIN AER-150-ml.,KEVIN,Perfumería,Desodorantes y afeitado,""
8412300816106,Desodorante masculino NIVEA Dry ROL-50-ml.,NIVEA,Perfumería,Desodorantes y afeitado,""
8412300816113,Desodorante unisex NIVEA Dry ROL-50-ml.,NIVEA,Perfumería,Desodorantes y afeitado,""
7791600192044,EAU DE TOILETTE COLBERT X 60 CC,COLBERT,Perfumería,Desodorantes y afeitado,""
8412300817028,"ESPUMA AFEITAR HIDRATANTE, NIVEA, 200 cm3",NIVEA,Perfumería,Desodorantes y afeitado,""
7702018053469,"ESPUMA DE AFEITAR MENTHOL, GILLETTE, 175 gr",GILLETTE,Perfumería,Desodorantes y afeitado,""
7500435219655,ESPUMA DE AFEITAR SENSITIVE GILLETTE X 322 CC,GILLETTE,Perfumería,Desodorantes y afeitado,""
4005808229123,GEL DE AFEITAR SENS. N. FOR MEN NIVEA X 200 CC,NIVEA,Perfumería,Desodorantes y afeitado,""
7506309864839,GILLETTE DEO AP COOL,GILLETTE,Perfumería,Desodorantes y afeitado,""
7702018382323,GILLETTE MAQ PRO BAS,GILLETTE,Perfumería,Desodorantes y afeitado,""
7791600841959,GINO BOGANI TOUT NOIR M DEO 123 ML,GINO BOGANI,Perfumería,Desodorantes y afeitado,""
0650240050961,GROOMEN 500 CON CART,GROOMEN,Perfumería,Desodorantes y afeitado,""
4891228303617,INTUITION REP 2UN,SCHICK,Perfumería,Desodorantes y afeitado,""
7791600401252,LAS PEPAS HERA DEO,LAS PEPAS,Perfumería,Desodorantes y afeitado,""
7791600400781,LAS PEPAS NINFA DEO,LAS PEPAS,Perfumería,Desodorantes y afeitado,""
7500435110013,MACH3 REPUESTO 8CT,MACH 3,Perfumería,Desodorantes y afeitado,""
0070330734395,MAQ AFEIT COMF ACTIO,BIC,Perfumería,Desodorantes y afeitado,""
0070330745889,MAQ AFEIT FLEX 2POUC,BIC,Perfumería,Desodorantes y afeitado,""
7702018001071,MAQ AFEIT MACH3 REGU,GILLE,Perfumería,Desodorantes y afeitado,""
7500435169646,MAQ AFEIT PRESTO BAR,GILLE,Perfumería,Desodorantes y afeitado,""
0070330731769,MAQ AFEIT SOLEIL,BIC,Perfumería,Desodorantes y afeitado,""
7500435219334,MAQ AFEITAR CARBONO,MACH3,Perfumería,Desodorantes y afeitado,""
7501843502926,MAQ DE AFEITAR SENSITIVE SOLEIL CLIC BIC X 5 UNI,BIC,Perfumería,Desodorantes y afeitado,""
7500435203975,MAQ DESECH INTIMA X2,VENUS,Perfumería,Desodorantes y afeitado,""
7500435148627,MAQ VENUS SNAP RAZOR X 1 UNIDAD,VENUS,Perfumería,Desodorantes y afeitado,""
7506339337525,"MAQ. AFEITAR DESC. SENSECARE PB3, GILLETTE, 2 cu",GILLETTE,Perfumería,Desodorantes y afeitado,""
7506339337532,"MAQ. AFEITAR DESC. SENSECARE PB3, GILLETTE, 4 cu",GILLETTE,Perfumería,Desodorantes y afeitado,""
7501843507112,MAQ.AF.BIC FLEX3 HYBRID X5,sin marca,Perfumería,Desodorantes y afeitado,""
7702018330126,MAQ.DE AFEITAR GILLETTE PROGLIDE STYLER CJA 1 UNI,GILLETTE,Perfumería,Desodorantes y afeitado,""
7501014501390,MAQUI DEPILAR LAVAND,BIC,Perfumería,Desodorantes y afeitado,""
7702018874729,MAQUINA AFEIT 3FILOS,PREST,Perfumería,Desodorantes y afeitado,""
7500435178587,"MAQUINA AFEIT. DESC. CUERPO, GILLETTE, 4 cu",GILLETTE,Perfumería,Desodorantes y afeitado,""
7799054048474,MAQUINA AFEITAR DESCARTABLE 2 FILOS MUJER X 5 U ENJOY,ENJOY,Perfumería,Desodorantes y afeitado,""
7799054034217,MAQUINA AFEITAR DESCARTABLE 3 FILOS MUJER 3 U ENJOY,ENJOY,Perfumería,Desodorantes y afeitado,""
7799054079775,MAQUINA AFEITAR DESCARTABLE 3 FILOS MUJER X 4 UN- ENJOY,ENJOY,Perfumería,Desodorantes y afeitado,""
7799054068311,MAQUINA AFEITAR DESCARTABLE 3 FILOS MUJER X 5 UN ENJOY,ENJOY,Perfumería,Desodorantes y afeitado,""
7799054060995,MAQUINA AFEITAR ENJOY 3 FILOS X 4 UN,ENJOY,Perfumería,Desodorantes y afeitado,""
7501843503350,MAQUINA AFEITAR FLEX,BIC,Perfumería,Desodorantes y afeitado,""
0070330732339,"MAQUINA AFEITAR LADY X 4+1, BIC, 5 cu",BIC,Perfumería,Desodorantes y afeitado,""
7799054009567,MAQUINA DE AFEITAR BLISS 4 FILOS - ENJOY,ENJOY,Perfumería,Desodorantes y afeitado,""
0070330370005,MAQUINA DE AFEITAR COMFORT 3 HYBRID BIC X 6 UNI,BIC,Perfumería,Desodorantes y afeitado,""
0070330728547,MAQUINA DESECH COMFORT 2 WOMEN BIC 5X4 UNI,BIC,Perfumería,Desodorantes y afeitado,""
7702018072439,MAQUINA DESECH SIMPLY3 VENUS GILLETTE X 1 UNI,SIMPLY VENUS,Perfumería,Desodorantes y afeitado,""
7506339315486,MAQUINA SENSITIVE,VENUS,Perfumería,Desodorantes y afeitado,""
7804923025248,MILLEFIORI CERA MICR,MILLEFIORI,Perfumería,Desodorantes y afeitado,""
7804923025255,MILLEFIORI CERA PERL,MILLEFIORI,Perfumería,Desodorantes y afeitado,""
7804923025286,MILLEFIORI TARRO VEG,MILLEFIORI,Perfumería,Desodorantes y afeitado,""
0070330736580,Máquina de afeitar BIC Flex 3 x 2un. PCK-2-un.,BIC,Perfumería,Desodorantes y afeitado,""
7790740500696,PLUSBELLE DEO ANT JA,PLUSBELLE,Perfumería,Desodorantes y afeitado,""
0000077976468,PLUSBELLE DEO ROLL,PLUSBELLE,Perfumería,Desodorantes y afeitado,""
7790015104109,"POLVO PEDICO EFFICIENT ORIGINAL, REXONA, 200 gr",REXONA,Perfumería,Desodorantes y afeitado,""
7791274200038,POLVO PEDICO ULTRA ATIBAC ALGABO FOOT X 100 GRS,ALGABO,Perfumería,Desodorantes y afeitado,""
7506339337549,PRESTOBARBA3 MAQ SEN,PRESTOBARBA 3,Perfumería,Desodorantes y afeitado,""
7791600049355,PRUNE I AERO 123 ML DES,PRUNE,Perfumería,Desodorantes y afeitado,""
7791600203139,PRUNE MOI AERO W DEO 123 ML,PRUNE,Perfumería,Desodorantes y afeitado,""
7500435204040,REP VENUS INTIMA SKINCARE X 2 UN,VENUS,Perfumería,Desodorantes y afeitado,""
7791293038261,REXONA M CLINICAL DEO AER CLEAN X 55ML,REXONA,Perfumería,Desodorantes y afeitado,""
7501791657686,SOUL CARE MAQUINA MA,SOUL CARE,Perfumería,Desodorantes y afeitado,""
7501791657693,SOUL CARE MAQUINA MA,SOUL CARE,Perfumería,Desodorantes y afeitado,""
7798332023189,TASCANI ACTITUD DEO,TASCANI,Perfumería,Desodorantes y afeitado,""
7501843502919,afeitadora BIC sensitive 5u BLI-5-un.,BIC,Perfumería,Desodorantes y afeitado,""
7791274200878,crema de afeitar ALGABO 177g PMO-0.175-Kg,ALGABO,Perfumería,Desodorantes y afeitado,""
0079400110695,desod REXONA clinical clean scent 48gr BAR-48-gr.,REXONA,Perfumería,Desodorantes y afeitado,""
0000078935068,desodorante DOVE roll on granada 50ml ROL-50-ml.,DOVE,Perfumería,Desodorantes y afeitado,""
0779160071457,desodorante masculino CHESTER Ice AER-150-ml.,CHESTER,Perfumería,Desodorantes y afeitado,""
7791600571641,desodorante masculino COLBERT Pino AER-250-ml.,COLBERT,Perfumería,Desodorantes y afeitado,""
7500435219662,espuma de afeitar GILLETTE mentol 312gr AER-310-cc.,GILLETTE,Perfumería,Desodorantes y afeitado,""
4005808817405,gel de afeitar NIVEA sensitive x 200ml AER-200-ml.,NIVEA,Perfumería,Desodorantes y afeitado,""
7500435185240,maquina GILLETTE mach3 aloe sens x1u BLI-1-un.,GILLETTE,Perfumería,Desodorantes y afeitado,""
7500435198110,maquina GILLETTE mach3 ext lubri x1u BLI-1-un.,GILLETTE,Perfumería,Desodorantes y afeitado,""
7506339398052,maquina GILLETTE mach3 sensitive 1up BLI-1-un.,PRESTOBARBA,Perfumería,Desodorantes y afeitado,""
0070330722279,máquina de afeitar BIC comfort 3 BLI-4-un.,BIC,Perfumería,Desodorantes y afeitado,""
7506339398151,repuesto GILLETTE mach3 sensitive 2CT CJA-2-un.,GILLETTE,Perfumería,Desodorantes y afeitado,""
7798344320597,2LIFE CEPILLO DENTAL,2LIFE,Perfumería,Higiene bucal,""
7794640171703,ADHES P PROT DENT CREM MENTA ULTRA COREGA X 40 GRS,COREGA,Perfumería,Higiene bucal,""
7794640171765,"ADHESIVO P/PROTESIS CREMA MENTA, COREGA, 70 gr",COREGA,Perfumería,Higiene bucal,""
7794640171758,"ADHESIVO P/PROTESIS CREMA S/SABOR, COREGA, 70 gr",COREGA,Perfumería,Higiene bucal,""
7798034747383,B TAC CEP EVOL CAPUC,BUCAL TAC,Perfumería,Higiene bucal,""
7798034744146,B TAC CEP SUAVE 4 HI,BUCAL TAC,Perfumería,Higiene bucal,""
7798158483549,B TAC CEPILL GATURRO,BUCAL TAC,Perfumería,Higiene bucal,""
7798158482474,B TAC CERA ORT SIN S,BUCAL TAC,Perfumería,Higiene bucal,""
7798034746362,B TAC PROTEC KIDS,BUCAL TAC,Perfumería,Higiene bucal,""
7798158489589,BUCAL TAC HILO CER M,BUCAL TAC,Perfumería,Higiene bucal,""
7798158489596,BUCAL TAC HILO SIN C,BUCAL TAC,Perfumería,Higiene bucal,""
7798364400330,CEP DENT BAMBU SUAVE,MERAK,Perfumería,Higiene bucal,""
7591083011098,CEP DENT BARBIE-VILL,COLGA,Perfumería,Higiene bucal,""
0070942003117,CEP DENT CLASIC SUAV,GUM,Perfumería,Higiene bucal,""
7891024116319,CEP DENT SUAVE 360°,COLGA,Perfumería,Higiene bucal,""
0099176369226,CEP DENT TRIPL ACCIO,COLGA,Perfumería,Higiene bucal,""
7503036426705,CEP DENTAL 3D CAP MIKE,COLL & GOOD,Perfumería,Higiene bucal,""
7702010630422,CEP.DENT.COLG EX.CLEA MED,COLGATE,Perfumería,Higiene bucal,""
7503036426439,CEPI DENT JURASSIC,COOL&,Perfumería,Higiene bucal,""
7501086453955,"CEPILLO DEN MEDIO 40 INDIC PLUS 2X1, ORAL-B, 2 cu",ORAL-B,Perfumería,Higiene bucal,""
7500435153393,CEPILLO DENTAL CLEAN INDICATOR ORAL B BLI 3 UNI,ORAL B,Perfumería,Higiene bucal,""
7791293050904,"CEPILLO DENTAL DEEP ACTION MEDIO, CLOSE UP, 1 cu",CLOSE UP,Perfumería,Higiene bucal,""
7503036426071,CEPILLO DENTAL ENCANTO,COLL & GOOD,Perfumería,Higiene bucal,""
7591083011081,"CEPILLO DENTAL INF. 0-2 AÑOS, COLGATE, 1 cu",COLGATE,Perfumería,Higiene bucal,""
7509546073453,CEPILLO DENTAL KIDS,COLGA,Perfumería,Higiene bucal,""
7753442000390,CEPILLO DENTAL MASTE,KOLYN,Perfumería,Higiene bucal,""
7794640171772,CEPILLO DENTAL MEDIO PARODONTAX X 1 UNI,PARODONTAX,Perfumería,Higiene bucal,""
7896015530181,"CEPILLO DENTAL MULTIPROTEC SOFT, SENSODYNE, 1 cu",SENSODYNE,Perfumería,Higiene bucal,""
7509546068558,CEPILLO DENTAL NINO 6+ SMILES MINIONS COLGATE X 2U,COLGATE,Perfumería,Higiene bucal,""
7500435113823,CEPILLO DENTAL PACK ANUAL ORAL B X 4 UNI,ORAL-B,Perfumería,Higiene bucal,""
7794640172373,"CEPILLO DENTAL PROTECCION COMP. X2, SENSODYNE, 2 cu",SENSODYNE,Perfumería,Higiene bucal,""
7509546693736,"CEPILLO DENTAL TOTL WHITENING SUA., COLGATE, 2 cu",COLGATE,Perfumería,Higiene bucal,""
0047701002834,CEPILLO INTERDENTAL EASY BRUSH DENTEK PAQ 16 UNI,DENTEK,Perfumería,Higiene bucal,""
0070942004114,CEPILLO SUAVE 411,GUM,Perfumería,Higiene bucal,""
7509546690315,CEPILLO WHITE CARBON,COLGA,Perfumería,Higiene bucal,""
7501086494262,"CEPILLOS DENTALES INDICATOR CLASI, ORAL-B, 1 cu",ORAL-B,Perfumería,Higiene bucal,""
7503030215886,CG CEP MONSTERS 3PK,COOL AND GOOD,Perfumería,Higiene bucal,""
7503036426712,CG CEPILLO STITCH 3D,COOL AND GOOD,Perfumería,Higiene bucal,""
7503036426415,CG CEPILLO SW 2PK24,COOL AND GOOD,Perfumería,Higiene bucal,""
8058664075218,CHICCO CH CEPILL DIENT 3 6A X1 UN AZUL,CHICCO,Perfumería,Higiene bucal,""
7509546065465,COLGATE CEP DENT 360,COLGATE,Perfumería,Higiene bucal,""
7509546056111,COLGATE CREMA DEN TR,COLGATE,Perfumería,Higiene bucal,""
7509546686325,COLGATE ENJ BUCAL PL,COLGATE,Perfumería,Higiene bucal,""
7509546686424,COLGATE PLAX ICE 250,COLGATE,Perfumería,Higiene bucal,""
7509546679525,COLGATE PLAX ODOR CO,COLGATE,Perfumería,Higiene bucal,""
7509546687049,COLGATE SENS PRO ALI,COLGATE,Perfumería,Higiene bucal,""
7509546688336,COLGATE T12 BLANQ 90,COLGATE,Perfumería,Higiene bucal,""
7509546688404,COLGATE T12 ORIG 140,COLGATE,Perfumería,Higiene bucal,""
7794640173493,COREGA CONNECT 40 GR,COREGA,Perfumería,Higiene bucal,""
7794640173509,COREGA CONNECT 70 GR,COREGA,Perfumería,Higiene bucal,""
7794640171444,COREGA TABS WHITENING,COREGA,Perfumería,Higiene bucal,""
7891024124628,CR DENT COLG SENS PRO BLA,COLGATE,Perfumería,Higiene bucal,""
7794640171741,CREM ADHESI PROTESIS,COREG,Perfumería,Higiene bucal,""
7891024134610,CREM DENT ANTICAVITY,COLGA,Perfumería,Higiene bucal,""
7891024134702,CREM DENT ANTICAVITY,COLGA,Perfumería,Higiene bucal,""
7896015520045,CREM DENT EXFRESH BL,SENSODYNE,Perfumería,Higiene bucal,""
7896015591106,CREM DENT LIMP PROFU,SENSODYNE,Perfumería,Higiene bucal,""
7509546653396,CREM DENT PRO ALIVIO,COLGA,Perfumería,Higiene bucal,""
7798142351205,CREM DENT SAB BUBBLE,GUM,Perfumería,Higiene bucal,""
7891024134429,CREM DENT SENS WHITE,COLGA,Perfumería,Higiene bucal,""
7509546686042,CREM DENT TOT 12 CAR,COLGA,Perfumería,Higiene bucal,""
7891024131909,CREM DENT TRIP ACCIO,COLGA,Perfumería,Higiene bucal,""
7509546686509,CREM DENT TRIP BENEF,COLGA,Perfumería,Higiene bucal,""
7509546686523,CREM DENT TRIP BENEF,COLGA,Perfumería,Higiene bucal,""
7793100111891,CREM DENT ULTR BLANC,COLGATE,Perfumería,Higiene bucal,""
3014260279165,"CREMA DENT.INFA.CARS PRINCE. MICKEY, ORAL-B, 100 gr",ORAL B,Perfumería,Higiene bucal,""
7500435153164,CREMA DENTAL 100% ESMALTE ORAL B X 70GRM,ORAL B,Perfumería,Higiene bucal,""
7793100120275,CREMA DENTAL AMARILL,KOLYN,Perfumería,Higiene bucal,""
7798142350222,CREMA DENTAL BLANQUE,GUM,Perfumería,Higiene bucal,""
7891024123027,CREMA DENTAL BLANQUE,COLGA,Perfumería,Higiene bucal,""
7509546651057,CREMA DENTAL CHARCOAL LUMINOUS WHITE COLGATE X90GR,COLGATE LUMINOUS,Perfumería,Higiene bucal,""
5054563204387,"CREMA DENTAL CLINICAL WHITE, SENSODYNE, 100 gr",SENSODYNE,Perfumería,Higiene bucal,""
5054563054975,CREMA DENTAL COMPLE EXTRA FRESH PARODONTAX X 126GR,PARODONTAX,Perfumería,Higiene bucal,""
7896015527457,CREMA DENTAL CON FLUOR PARODONTAX X 90 GRM,PARODONTAX,Perfumería,Higiene bucal,""
7509546668055,CREMA DENTAL GUMS COLGATE TOTAL 12 X 90 GRS,COLGATE,Perfumería,Higiene bucal,""
7509546702599,CREMA DENTAL HARRY POTTER,COLGATE,Perfumería,Higiene bucal,""
7509546667577,CREMA DENTAL LOVER CAFE COLGATE LUMINOUS X70GR,COLGATE,Perfumería,Higiene bucal,""
7509546700434,"CREMA DENTAL LW COLOR CORRECT, COLGATE, 70 gr",COLGATE,Perfumería,Higiene bucal,""
7794640172731,CREMA DENTAL MAX SELLADO S SABOR ULT COREGA X70GRS,COREGA,Perfumería,Higiene bucal,""
7798142350468,CREMA DENTAL NINOS A,GUM,Perfumería,Higiene bucal,""
7896009419324,CREMA DENTAL ORIGINA,SENSO,Perfumería,Higiene bucal,""
7794640173585,"CREMA DENTAL PRO ESMALTE KIDS BERRY, SENSODYNE, 90 gr",SENSODYNE,Perfumería,Higiene bucal,""
7896009498978,"CREMA DENTAL PROTECCION COMPLETA, SENSODYNE, 140 gr",SENSODYNE,Perfumería,Higiene bucal,""
7794640171550,CREMA DENTAL RAPIDO ALIVIO SENSODYNE X 100 GRS,SENSODYNE,Perfumería,Higiene bucal,""
7896009498572,CREMA DENTAL SENSIBLE Y ESMALTE SENSODYNE 100GRS,SENSODYNE,Perfumería,Higiene bucal,""
7896015519223,CREMA DENTAL SENSODYNE BLANQUE ADOR EXTRA FRESH POM 50 GRM,SENSODYNE,Perfumería,Higiene bucal,""
7509546056098,CREMA DENTAL TR ACCI,COLGA,Perfumería,Higiene bucal,""
7509546061689,Cepillo dental COLGATE Slim Soft. BLI-2-un.,COLGATE,Perfumería,Higiene bucal,""
7500435127417,Cepillo dental ORAL-B Mickey y minnie BLI-2-un.,ORAL-B,Perfumería,Higiene bucal,""
7509546690285,Crem dental COLGATE sens ali 110g TBO-110-gr.,COLGATE,Perfumería,Higiene bucal,""
7794640170720,Crema dental SENSODYNE CJA-100-gr.,SENSODYNE,Perfumería,Higiene bucal,""
7794640170133,Crema dental SENSODYNE PMO-100-gr.,SENSODYNE,Perfumería,Higiene bucal,""
7798097320158,DENTIFIX CRE ADH 20G,DENTIFIX,Perfumería,Higiene bucal,""
7798097328000,DENTIFIX CREMA ADHESIVA MENTA X 40 GR,GRIMBERG,Perfumería,Higiene bucal,""
7798097320066,DENTIFIX CREMA ADHESIVA NEUTRO X 40 GR,GRIMBERG,Perfumería,Higiene bucal,""
7798097326679,DENTIFIX TAB LIM 12U,DENTIFIX,Perfumería,Higiene bucal,""
7792175008174,DENTILAC MENTA 20 GR,DENTILAC,Perfumería,Higiene bucal,""
7792175007702,DENTILAC ORIGINAL 20GR,DENTILAC,Perfumería,Higiene bucal,""
7792175001762,DENTILAC ORIGINAL 60 GR,DENTILAC,Perfumería,Higiene bucal,""
7891024020180,ELMEX CEP ANTICARIES,COLGATE ELMEX,Perfumería,Higiene bucal,""
7891024020173,ELMEX CEP SENSITIVE,COLGATE ELMEX,Perfumería,Higiene bucal,""
8718951193611,ELMEX ENJ ANTICARIES,COLGATE ELMEX,Perfumería,Higiene bucal,""
8718951193642,ELMEX ENJ SENSITIVE,COLGATE ELMEX,Perfumería,Higiene bucal,""
7509546686622,ENJ BUCAL CARBON ACT,COLGA,Perfumería,Higiene bucal,""
7891010255237,ENJ BUCAL COOL MINT,LISTE,Perfumería,Higiene bucal,""
7891024131183,ENJ BUCAL FRESH MINT,COLGATE,Perfumería,Higiene bucal,""
7891024025406,ENJ BUCAL HIELO INFI,COLGA,Perfumería,Higiene bucal,""
7891024136409,ENJ BUCAL PLAX FRE M,COLGA,Perfumería,Higiene bucal,""
7891024030806,ENJ BUCAL PLAX KIDS,COLGA,Perfumería,Higiene bucal,""
7891024130940,ENJ BUCAL PLAX SOFT MINT,COLGATE,Perfumería,Higiene bucal,""
7891010257521,ENJ BUCAL SANDIA SUA,LISTE,Perfumería,Higiene bucal,""
7891024028834,ENJ BUCAL TOT12 MINT,COLGA,Perfumería,Higiene bucal,""
7798142356675,ENJUAGE ANTIBAC MENT,GUM,Perfumería,Higiene bucal,""
7891024027998,ENJUAGUE BUCAL ANTI SARRO COLGATE TOTAL X 500 CC,COLGATE TOTAL 12,Perfumería,Higiene bucal,""
7891010255244,ENJUAGUE BUCAL COOL MINT LISTERINE X 250 CC,LISTERINE,Perfumería,Higiene bucal,""
7891010255350,ENJUAGUE BUCAL FRESC,LISTE,Perfumería,Higiene bucal,""
7509546679617,ENJUAGUE BUCAL FRESH MINT PLAX COLGATE X 750 CC,COLGATE,Perfumería,Higiene bucal,""
7891010255312,ENJUAGUE BUCAL FRESHBURST LISTERINE X 500 CC,LISTERINE,Perfumería,Higiene bucal,""
7891024027363,ENJUAGUE BUCAL ICE INFINITY PLAX COLGATE X 60 CC,COLGATE,Perfumería,Higiene bucal,""
7891024039625,ENJUAGUE BUCAL INFINITY PLAX COLGATE X 180 CC,COLGATE,Perfumería,Higiene bucal,""
7891024179420,"ENJUAGUE BUCAL LUMINOUS WHITE, COLGATE, 250 cm3",COLGATE,Perfumería,Higiene bucal,""
7791274200854,ENJUAGUE BUCAL MENTA FRESCA ALGABO X 500CC,ALGABO,Perfumería,Higiene bucal,""
7791274200847,"ENJUAGUE BUCAL S/ALCOHOL, ALGABO, 250 cm3",ALGABO,Perfumería,Higiene bucal,""
7891010257538,ENJUAGUE BUCAL SANDIA LISTERINE X 500 CC,LISTERINE,Perfumería,Higiene bucal,""
7891024130957,"ENJUAGUE BUCAL SOFT MINT, COLGATE, 500 cm3",COLGATE,Perfumería,Higiene bucal,""
7793100141201,Enjuague Bucal COLGATE Plax F Mint 250ml BOT-250-ml.,COLGATE,Perfumería,Higiene bucal,""
7793100141393,Enjuague Bucal COLGATE Plax KidMin 250ml BOT-250-ml.,COLGATE,Perfumería,Higiene bucal,""
7509546666990,Enjuague b COLGATE Total Encias 500ml BOT-500-ml.,COLGATE,Perfumería,Higiene bucal,""
7891024028018,Enjuague b COLGATE clean Mint 500ml PVC-500-ml.,COLGATE,Perfumería,Higiene bucal,""
7792175090063,FLOURDENT CLASSIC AD,FLUORDENT,Perfumería,Higiene bucal,""
7792175090018,FLOURODENT HILO FLOS,FLUORDENT,Perfumería,Higiene bucal,""
7792175090001,FLUORDENT CEP MULICO,FLUORDENT,Perfumería,Higiene bucal,""
7792175001885,FLUORDENT PX PASTA X 120 G,FLUORDENT,Perfumería,Higiene bucal,""
7792175010634,FLUORODENT BABY GEL,FLUORDENT,Perfumería,Higiene bucal,""
7798032936765,FLUOROGEL JUNIOR 60G,FLUOROGEL,Perfumería,Higiene bucal,""
7794066000625,FLUOROGEL SENS 60 GR,FLUOROGEL,Perfumería,Higiene bucal,""
0070942002141,G.U.M® Sonic Power Deep Clean Tecnología BLI-1-un.,GUM,Perfumería,Higiene bucal,""
8906038786416,GEL DENTAL MENTA CARB S FLUOR SUDANTA SRISRI X100G,SRI SRI,Perfumería,Higiene bucal,""
0070942007771,GUM CEP B ESPONJA X2,GUM,Perfumería,Higiene bucal,""
0070942003315,GUM CEP P PATROL LUZ,GUM,Perfumería,Higiene bucal,""
0070942004091,GUM CEPILLO CLASSIC,GUM,Perfumería,Higiene bucal,""
0070942005487,GUM CEPILLO MEDIANO,GUM,Perfumería,Higiene bucal,""
7798142357283,GUM CEPILLO TRAVEL,GUM,Perfumería,Higiene bucal,""
0070942507233,GUM CERA ORTODONCIA,GUM,Perfumería,Higiene bucal,""
7798142350567,GUM CR SENSITIVE 90,GRATING,Perfumería,Higiene bucal,""
7798142356699,GUM ENJ BUC M FUERTE,GUM,Perfumería,Higiene bucal,""
7798142356705,GUM ENJ BUC M FUERTE,GUM,Perfumería,Higiene bucal,""
7798142356682,GUM ENJ BUC M SUAVE,GUM,Perfumería,Higiene bucal,""
0070942001953,GUM FLOSSER HILO DEN,GUM,Perfumería,Higiene bucal,""
0070942303460,GUM PROXABRUSH 0 8MM,GUM,Perfumería,Higiene bucal,""
0070942003247,GUM TECHNIQUE DEEP C,GUM,Perfumería,Higiene bucal,""
0070942304733,GUMFLOSSER MENTA 40,GUM,Perfumería,Higiene bucal,""
0070942306805,HILO DENT MANG-FLOSS,GUM,Perfumería,Higiene bucal,""
7891024183120,HILO DENTAL 50M,COLGATE,Perfumería,Higiene bucal,""
0070942302401,HILO DENTAL BUTLER GUM BLI 40 MTR,GUM,Perfumería,Higiene bucal,""
7509546671536,HILO DENTAL CARBON NATURAL EXTRACTS COLGATE X 1UNI,NATURAL EXTRACTS,Perfumería,Higiene bucal,""
0047701110805,HILO DENTAL CLEAN,DENTE,Perfumería,Higiene bucal,""
7891024183182,HILO DENTAL COLGATE TOTAL X 25 MTR,COLGATE,Perfumería,Higiene bucal,""
0047701001905,HILO DENTAL FLOSS PICK TRIPLE CLEAN DENTEK PAQ 150 UNI,DENTEK,Perfumería,Higiene bucal,""
7891024183083,HILO DENTAL FLU MENT,COLGA,Perfumería,Higiene bucal,""
7891024183014,Hilo dental COLGATE 2x1 BLI-2-un.,COLGATE,Perfumería,Higiene bucal,""
7891024183236,Hilo dental COLGATE Fluor e menta 25mt BLI-1-un.,COLGATE,Perfumería,Higiene bucal,""
7798142350321,Kit portable GUM Avangers PCK-2-un.,GUM,Perfumería,Higiene bucal,""
7891010255411,LIST AC FS SA 250ML,LISTERINE,Perfumería,Higiene bucal,""
7891010255282,LISTERINE ANTSAR FS,LISTERINE,Perfumería,Higiene bucal,""
7891010254469,LISTERINE COOLMINT ZERO 2,LISTERINE,Perfumería,Higiene bucal,""
7798364400101,MERAKI HILO DENTAL RECARGA,MERAKI SUSTENTABLE,Perfumería,Higiene bucal,""
7798364400095,MERAKI HILO DENTAL VIDRIO,MERAKI SUSTENTABLE,Perfumería,Higiene bucal,""
7501086453016,ORAL B ENJ BUCAL MEN,ORAL B,Perfumería,Higiene bucal,""
7500435129749,ORALB HILO DENT ESSE,ORAL B,Perfumería,Higiene bucal,""
7891024068007,ORTHOGARD CEP COMPAC,COLGATE ORTHOGARD,Perfumería,Higiene bucal,""
0070942304344,PALILL INTERDENT SOF,GUM,Perfumería,Higiene bucal,""
7891024132647,PAST DENT SENSI PRO,COLGA,Perfumería,Higiene bucal,""
7509546665979,PAST DENT TRIPLE EXT,KOLYN,Perfumería,Higiene bucal,""
7509546687292,PASTA DENTAL,ODOL,Perfumería,Higiene bucal,""
7891024034095,PASTA DENTAL KIDS,COLGA,Perfumería,Higiene bucal,""
7891024019610,PERIOGARD CEP EXTRAS,COLGATE PERIOGARD,Perfumería,Higiene bucal,""
7792175001090,PLAC OUT COLU 200 ML,PLAC OUT,Perfumería,Higiene bucal,""
0070942001595,Palillo interdental Soft Picks Advanced PCK-12-un.,GUM,Perfumería,Higiene bucal,""
0070942122863,Palillo interdental Soft PicksGUM X 40 u S/E-40-un.,GUM,Perfumería,Higiene bucal,""
0070942303286,Palillo interdental Soft PicksGUM X 40 u S/E-40-un.,GUM,Perfumería,Higiene bucal,""
7794640172472,SENSODYNE CRE DENT R,SENSODYNE,Perfumería,Higiene bucal,""
7794640171697,SENSODYNE MULTI CARE,SENSODYNE,Perfumería,Higiene bucal,""
7799120002973,SOUL CARE ENJUAGUE B,SOUL CARE,Perfumería,Higiene bucal,""
7799120002980,SOUL CARE ENJUAGUE B,SOUL CARE,Perfumería,Higiene bucal,""
8906038788403,SRI CEPILLO DIENTES NINOS CERDA SUAVE,SRI SRI TATTVA,Perfumería,Higiene bucal,""
8906038782043,SRI SRI SUDANTA PAST,SRI SRI TATTVA,Perfumería,Higiene bucal,""
8906038783224,SRI SRI TATTVA DENTAL AYURV SIN FLUOR,SRI SRI TATTVA,Perfumería,Higiene bucal,""
7794640171420,TABLETAS LIMPIADORAS DE PROTESIS COREGA TABSX30UNI,COREGA,Perfumería,Higiene bucal,""
7794640171710,ULTRA COREGA CREMA MENTA X 20 GR,COREGA,Perfumería,Higiene bucal,""
7794640171734,ULTRA COREGA CREMA SIN SABOR X 20 GR,COREGA,Perfumería,Higiene bucal,""
7804900000251,ULTRA COREGA MAX SEL,COREGA,Perfumería,Higiene bucal,""
7794640173233,ULTRACOREGA MAX 40G,COREGA,Perfumería,Higiene bucal,""
7794640173240,ULTRACOREGA MAX 70G,COREGA,Perfumería,Higiene bucal,""
7891024123188,c dent COLGATE max white lám blanc 102g PCK-80-gr.,COLGATE,Perfumería,Higiene bucal,""
7509546678733,cepillo dental COLGATE charcoal soft 2u BLI-2-un.,COLGATE,Perfumería,Higiene bucal,""
7509546673042,cepillo dental COLGATE zig zag 2u BLI-2-un.,COLGATE,Perfumería,Higiene bucal,""
0070942002110,cepillo dental GUM BLI-1-un.,GUM,Perfumería,Higiene bucal,""
7798142352110,cepillo dental GUM clas 211 twin pack 2u BLI-2-un.,GUM,Perfumería,Higiene bucal,""
7794640172984,cepillo dental SENSODYNE repar y prot x2 EST-1-un.,SENSODYNE,Perfumería,Higiene bucal,""
0070942914147,cepillo interdental GUM x 4u S/E-4-un.,GUM,Perfumería,Higiene bucal,""
7896009490651,crema adhesiva COREGA para protesis PMO-40-gr.,COREGA,Perfumería,Higiene bucal,""
0070942302678,crema dental GUM whitening 100g S/E-100-gr.,GUM,Perfumería,Higiene bucal,""
7891010255398,enj bucal LISTERINE cuid tot sinalc250ml BOT-250-ml.,LISTERINE,Perfumería,Higiene bucal,""
7891010255381,enj bucal LISTERINE cuid tot sinalc500ml BOT-500-ml.,LISTERINE,Perfumería,Higiene bucal,""
7891010255404,enjuag LISTERINE anticarsinalco500ml BOT-500-ml.,LISTERINE,Perfumería,Higiene bucal,""
7891010255268,enjuag bucal LISTERINE antisarro 250ml BOT-250-ml.,LISTERINE,Perfumería,Higiene bucal,""
7891010255251,enjuag bucal LISTERINE antisarro 500ml BOT-500-ml.,LISTERINE,Perfumería,Higiene bucal,""
7891010255374,enjuag bucal LISTERINE cuid total250ml BOT-250-ml.,LISTERINE,Perfumería,Higiene bucal,""
7891010255367,enjuag bucal LISTERINE cuid total500ml BOT-500-ml.,LISTERINE,Perfumería,Higiene bucal,""
7891010255329,enjuag bucal LISTERINE freshburst250ml BOT-250-ml.,LISTERINE,Perfumería,Higiene bucal,""
7891010255305,enjuag bucal LISTERINE proencias 250ml BOT-250-ml.,LISTERINE,Perfumería,Higiene bucal,""
7891010255299,enjuag busal LISTERINE proencias 500ml BOT-500-ml.,LISTERINE,Perfumería,Higiene bucal,""
7509546679532,enjuague COLGATE plax odor control 500ml BOT-500-ml.,COLGATE,Perfumería,Higiene bucal,""
7509546686615,enjuague COLGATE total carbon 500ml BOT-500-ml.,COLGATE,Perfumería,Higiene bucal,""
7891024131459,enjuague bucal COLGATE plax rojo 500ml BOT-500-ml.,COLGATE,Perfumería,Higiene bucal,""
7891010255275,enjuague bucal LISTERINE Antisarro500Ml BOT-500-ml.,LISTERINE,Perfumería,Higiene bucal,""
7891010255343,enjuague bucal LISTERINE cool mint 500ml BOT-500-ml.,LISTERINE,Perfumería,Higiene bucal,""
0070942303194,hilo dental GUM BLI-1-un.,GUM,Perfumería,Higiene bucal,""
7790940516602,APOSITO NONISEC INCONT LEVE X 20B,NONISEC,Perfumería,Incontinencia adulto,""
7790940516527,APOSITO NONISEC INCONT MODERADA X 20,NONISEC,Perfumería,Incontinencia adulto,""
7794626011252,"APOSITOS INCONTINENCIA, PLENITUD, 20 cu",PLENITUD,Perfumería,Incontinencia adulto,""
7790940518033,DOCELLA INCON MEDIUM,DONCELLA,Perfumería,Incontinencia adulto,""
7790940518040,DONCELLA INCON MAXI,DONCELLA,Perfumería,Incontinencia adulto,""
7790940518026,DONCELLA INCON MINI,DONCELLA,Perfumería,Incontinencia adulto,""
7790940516596,NONISEC APOSITO INCONT EXTREMA 20 UN,NONISEC,Perfumería,Incontinencia adulto,""
7790940516541,NONISEC APOSITO INCONT FUERTE 20 UN,NONISEC,Perfumería,Incontinencia adulto,""
7806500773443,PANAL ADULTO CLASICO PERFECT FIT COTIDIAN M X 8UNI,COTIDIAN,Perfumería,Incontinencia adulto,""
7790940410245,PANAL ADULTO G ULTRA ELASTIZADO NONISEC X 8 UNI,NONISEC,Perfumería,Incontinencia adulto,""
7790940000071,PANAL ADULTO GRANDE C GEL NONISEC X 10 UNI,NONISEC,Perfumería,Incontinencia adulto,""
7794626011160,PANAL ADULTOS G PLENITUD PROTECT X 8 UNI,PLENITUD,Perfumería,Incontinencia adulto,""
7794626011191,PANAL ADULTOS XG PLENITUD PROTECT X 16 UNI,PLENITUD,Perfumería,Incontinencia adulto,""
7794626011177,PANAL ADULTOS XG PLENITUD PROTECT X 8 UNI,PLENITUD,Perfumería,Incontinencia adulto,""
7790940410252,PANAL NONISEC ANATOMICO XG X 8,NONISEC,Perfumería,Incontinencia adulto,""
7896007552962,PAÑAL ADUL CLAS G/XG,PLENI,Perfumería,Incontinencia adulto,""
7896007552955,PAÑAL ADULTO CLASS M,PLENI,Perfumería,Incontinencia adulto,""
7794626015304,"PAÑAL ADULTOS G CLASSIC, PLENITUD, 8 cu",PLENITUD,Perfumería,Incontinencia adulto,""
7794626015311,"PAÑAL ADULTOS XG CLASSIC, PLENITUD, 8 cu",PLENITUD,Perfumería,Incontinencia adulto,""
7806500775355,"PAÑAL P/ADULTO G PLUS, COTIDIAN, 8 cu",COTIDIAN,Perfumería,Incontinencia adulto,""
7806500775362,"PAÑAL P/ADULTO M PLUS, COTIDIAN, 8 cu",COTIDIAN,Perfumería,Incontinencia adulto,""
7896770980061,"PAÑAL TENA PANTS NOCTURNO G, TENA, 7 cu",TENA,Perfumería,Incontinencia adulto,""
7896770980054,"PAÑAL TENA PANTS NOCTURNO P/M, TENA, 7 cu",TENA,Perfumería,Incontinencia adulto,""
7896007547203,PLENITUD ACTIVE PLUS P M 16UN ROPA INT,PLENITUD,Perfumería,Incontinencia adulto,""
7794626011122,PLENITUD CLASSIC G,PLENITUD,Perfumería,Incontinencia adulto,""
7794626011115,PLENITUD CLASSIC M,PLENITUD,Perfumería,Incontinencia adulto,""
7794626011238,PLENITUD CLASSIC XG,PLENITUD,Perfumería,Incontinencia adulto,""
7794626011481,PLENITUD ESENCIAL TOALLA LARGA 8 UN,PLENITUD,Perfumería,Incontinencia adulto,""
7896007550050,PLENITUD FEMME G XG 8UN ROPA INTERIOR,PLENITUD,Perfumería,Incontinencia adulto,""
7896007552740,PLENITUD FEMME U 24U,PLENITUD,Perfumería,Incontinencia adulto,""
7896007547210,PLENITUD PROT P G XG,PLENITUD,Perfumería,Incontinencia adulto,""
7794626011153,PLENITUD PROTECT M,PLENITUD,Perfumería,Incontinencia adulto,""
7790770602872,PROT TENA DISCREET NATURAL CARE S/A X 50 UN,TENA,Perfumería,Incontinencia adulto,""
7790770602865,PROTEC DIARIO S/ALAS,TENA,Perfumería,Incontinencia adulto,""
7794626010842,PROTEC LEVE ANTIBACT,PLENI,Perfumería,Incontinencia adulto,""
7794626011498,PROTECT ESENCI ADULT,PLENI,Perfumería,Incontinencia adulto,""
7790250043461,"PROTECTOR INCONT.LARGO LADY, COTIDIAN, 14 cu",COTIDIAN,Perfumería,Incontinencia adulto,""
7702026174149,"ROPA INT. INCONT. M PANTS CLAS. MOD, TENA, 8 cu",TENA,Perfumería,Incontinencia adulto,""
7759185007825,"ROPA INTERIOR PANTS ULTRAPROT. G/XG, COTIDIAN, 8 cu",COTIDIAN,Perfumería,Incontinencia adulto,""
7759185007832,"ROPA INTERIOR PANTS ULTRAPROT. P/M, COTIDIAN, 8 cu",COTIDIAN,Perfumería,Incontinencia adulto,""
7896007550043,ROPA INTERIOR PLENITUD FEMME PANT P M X8,PLENITUD,Perfumería,Incontinencia adulto,""
7896007547173,ROPA INTERIOR TALLE G XG PLENITUD X 8 UNI,PLENITUD,Perfumería,Incontinencia adulto,""
7896007547128,ROPA INTERIOR TALLE P PM PLENITUD X 8 UNI,PLENITUD,Perfumería,Incontinencia adulto,""
7702026180881,TENA PANTS ULTRA MEDIUM 8UN,TENA,Perfumería,Incontinencia adulto,""
7790770600960,TENA PROT L S ALAS,TENA,Perfumería,Incontinencia adulto,""
7702026147921,TENA TOAL NOCT 30 UN,TENA,Perfumería,Incontinencia adulto,""
7790250043454,TF SUPER COTIDIAN LADY,COTIDIAN,Perfumería,Incontinencia adulto,""
7702026147914,TH TENA DISCREET MAXI NIGHT X 10 UN,TENA,Perfumería,Incontinencia adulto,""
7702026150631,TH TENA DISCREET MEDIUM X 10 UNID,TENA,Perfumería,Incontinencia adulto,""
7794626013447,TOALL FEM INCONTINEN,LINA,Perfumería,Incontinencia adulto,""
7794626014758,TOALLA ESENCIAL PLUS,PLENI,Perfumería,Incontinencia adulto,""
7790770602940,TOALLA FEMENINA NAT CARE TENA DISCREET X 16 UNI,TENA,Perfumería,Incontinencia adulto,""
7702026150617,TOALLA INCONTINENCIA MUJER LEVE TENA MAXI 10U,TENA,Perfumería,Incontinencia adulto,""
7806500963493,"TOALLA P/INCONTINENCIA MAXI LADY, COTIDIAN, 8 cu",COTIDIAN,Perfumería,Incontinencia adulto,""
7794626011504,"TOALLA P/INCONTINENCIA NOCTURNA, PLENITUD FEMME, 20 cu",PLENITUD,Perfumería,Incontinencia adulto,""
7806500963509,"TOALLA P/INCONTINENCIA SUPER LADY, COTIDIAN, 8 cu",COTIDIAN,Perfumería,Incontinencia adulto,""
7794626010880,TOALLA PLENITUD FEMME NORMAL PLUS C/A X16 U,PLENITUD,Perfumería,Incontinencia adulto,""
7790770602933,TOALLA TENA DISCREET NATURAL CARE C/A X 8 UN,TENA,Perfumería,Incontinencia adulto,""
7790940516565,TOALLAS HUMEDAS ADULTOS ALOE VERA NONISEC X 60 UNI,NONISEC,Perfumería,Incontinencia adulto,""
7790773008404,TOALLITAS HUMEDAS HIGIENE ADULTO QSOFT X 40 UNI,Q-SOFT,Perfumería,Incontinencia adulto,""
7896007552757,TOALLITAS ULTRA FEMM,PLENI,Perfumería,Incontinencia adulto,""
7702026174156,pañal TENA pants clasico L PCK-8-un.,TENA,Perfumería,Incontinencia adulto,""
7790770600977,protec diario TENA largo sin alas CJA-15-un.,TENA,Perfumería,Incontinencia adulto,""
7790010002943,ACEITE PURO,JOHNS,Perfumería,Jabones y cremas de piel,""
7509552875416,"AGUA MICELAR ANTI ACNE, GARNIER, 400 cm3",GARNIER,Perfumería,Jabones y cremas de piel,""
7793742007415,AGUA MICELAR FACIAL DERMAGLOS X 200 CC,DERMAGLOS,Perfumería,Jabones y cremas de piel,""
4006000067919,"AGUA MICELAR REGENERADORA, NIVEA, 400 cm3",NIVEA,Perfumería,Jabones y cremas de piel,""
3600542326414,"AGUA MICELAR ROSAS, GARNIER, 400 cm3",GARNIER,Perfumería,Jabones y cremas de piel,""
0650240051623,AGUA MICELAR SUAVIZANTE TEATRICAL X 600 CC,TEATRICAL,Perfumería,Jabones y cremas de piel,""
7509552455557,"AGUA MICELAR TODO EN 1, GARNIER, 400 cm3",GARNIER,Perfumería,Jabones y cremas de piel,""
7791274196546,ALGABO BABY FECULA,ALGABO,Perfumería,Jabones y cremas de piel,""
7791274003578,ALGABO NATURAL FECUL,ALGABO,Perfumería,Jabones y cremas de piel,""
7791274009532,ALGABO TALCO PEDICO,ALGABO,Perfumería,Jabones y cremas de piel,""
3600541358485,Agua Micelar GARNIER Rosa BOT-400-ml.,GARNIER,Perfumería,Jabones y cremas de piel,""
7790375245054,BAGOVIT A CLASSIC 200 GR CREMA,BAGOVIT,Perfumería,Jabones y cremas de piel,""
7790375268787,BAGOVIT A CREMA CLASSIC 50 GR,BAGOVIT,Perfumería,Jabones y cremas de piel,""
7790375268954,BAGOVIT A EFECTO LUMINOSO 200 ML EMUL,BAGOVIT,Perfumería,Jabones y cremas de piel,""
7790375267766,BAGOVIT GEL POST SOL,BAGOVIT,Perfumería,Jabones y cremas de piel,""
7790375268886,BAGOVIT SOL BEBES,BAGOVIT,Perfumería,Jabones y cremas de piel,""
7790010003193,BANO LIQUIDO JOHNSON BABY GLICERINA X 200 ML,Johnson Baby,Perfumería,Jabones y cremas de piel,""
0019100264120,BIORE EXFOLIADOR QUA,BIORE,Perfumería,Jabones y cremas de piel,""
7791274201905,BODY CREAM PLOT TWIST,GO TO BE,Perfumería,Jabones y cremas de piel,""
7794440008063,CALYPSO ESPONJA EXFOLIANTE CORPORAL 1UN,CALYPSO,Perfumería,Jabones y cremas de piel,""
7794440008025,CALYPSO ESPONJA RELAX DIARIO 1UN,CALYPSO,Perfumería,Jabones y cremas de piel,""
7794440008018,CALYPSO FACIAL DESMAQUILLANTE FACIAL X2,CALYPSO,Perfumería,Jabones y cremas de piel,""
3337875597272,CERAVE CREMA CONTORNO DE OJOS REPARADORA,CERAVE,Perfumería,Jabones y cremas de piel,""
3337875597180,CERAVE LIMPIADOR HIDRATANTE 236 ML,CERAVE,Perfumería,Jabones y cremas de piel,""
3337875597395,CERAVE LOCION HIDRATANTE 473ML,CERAVE,Perfumería,Jabones y cremas de piel,""
7799120005820,CHECK TAL ORIG 100G,CHECK,Perfumería,Jabones y cremas de piel,""
7798420160611,CICATRICURE NUTRI,CICATRICURE,Perfumería,Jabones y cremas de piel,""
7791274201219,COCOA BEACH KIDS F50,COCOA BEACH,Perfumería,Jabones y cremas de piel,""
7791274200625,COCOA BEACH SPRAY IN,COCOA BEACH,Perfumería,Jabones y cremas de piel,""
4005808315093,CR COR PIEL EXT SECA,NIVEA,Perfumería,Jabones y cremas de piel,""
7791293033020,CREM CORP EXOTI NATU,STIVE,Perfumería,Jabones y cremas de piel,""
7798140259978,"CREMA ANTIARRUGAS ACLARANTE AGE, CICATRICURE, 50 gr",CICATRICURE,Perfumería,Jabones y cremas de piel,""
4005808319695,CREMA BODY MILK NUTR,NIVEA,Perfumería,Jabones y cremas de piel,""
8480017322982,CREMA CORP HUM CHIA,BONTE,Perfumería,Jabones y cremas de piel,""
7791293033006,CREMA CORPORAL AVENA,STIVE,Perfumería,Jabones y cremas de piel,""
7798140254416,CREMA CORPORAL CICATRICURE FIRMEZA POT-400-ml.,CICATRICURE,Perfumería,Jabones y cremas de piel,""
4005900399946,CREMA CORPORAL COCO,NIVEA,Perfumería,Jabones y cremas de piel,""
7791293033037,CREMA CORPORAL EXOTIC NATURALS ST.IVES X 532 CC,ST. IVES,Perfumería,Jabones y cremas de piel,""
7793008018766,"CREMA CORPORAL HIDRAT. EXT. P.SECA, VILLENEUVE, 400 gr",VILLENEUVE,Perfumería,Jabones y cremas de piel,""
7794640173127,CREMA CORPORAL HIDRATA EXTREMA HINDS X 250 CC,HINDS,Perfumería,Jabones y cremas de piel,""
7794640173196,CREMA CORPORAL HIDRATACION BIO HINDS X 350 CC,HINDS,Perfumería,Jabones y cremas de piel,""
7791293033068,CREMA CORPORAL PIEL RENOVADA ST.IVES X 350 CC,ST. IVES,Perfumería,Jabones y cremas de piel,""
7790299003709,"CREMA CORPORAL REPARADORA, FERRINI, 300 cm3",FERRINI,Perfumería,Jabones y cremas de piel,""
0859581006730,CREMA DE BELLEZA PIEL NORMAL DOVE X 150 CM3,DOVE,Perfumería,Jabones y cremas de piel,""
7793742004018,CREMA DE CALENDULA BUSHI BUSHI CJA 50 GRM,BUSHI,Perfumería,Jabones y cremas de piel,""
0650240077531,CREMA FACIAL EFECTO PIEL,TEATRICAL,Perfumería,Jabones y cremas de piel,""
7891010255220,CREMA HIDRATANTE JOHNSON BABY RECIEN NACIDO X 200 ML,Johnson Baby,Perfumería,Jabones y cremas de piel,""
7501056324889,"CREMA LIMPIEZA """"C"""", PONDS, 100 gr",PONDS,Perfumería,Jabones y cremas de piel,""
4005900717238,CREMA MANOS ANTIARRU,NIVEA,Perfumería,Jabones y cremas de piel,""
0859581006549,CREMA NUTRITIVA PIEL SECA DOVE X 75 CM3,DOVE,Perfumería,Jabones y cremas de piel,""
7798140251309,CREMA P PIERNAS REAFIRMANTE GOICOECHEA X 400 CC,GOICOECHEA,Perfumería,Jabones y cremas de piel,""
7798140251583,CREMA P PIERNAS ULTRANUTRITIVA GOICOECHEA X 400 CC,GOICOECHEA,Perfumería,Jabones y cremas de piel,""
4005800137556,CREME LATA,NIVEA,Perfumería,Jabones y cremas de piel,""
0000042300083,Crema NIVEA Cuidado Facial Nutritivo POT-100-ml.,NIVEA,Perfumería,Jabones y cremas de piel,""
7798140254409,Cremacorporal Cicatricure Intensiva Rep POT-400-ml.,CICATRICURE,Perfumería,Jabones y cremas de piel,""
7793742003264,DERMA SOLAR F65 CR,DERMAGLOS,Perfumería,Jabones y cremas de piel,""
7793742005046,DERMAGLOS FACIAL TONICO HIDRATANTE 200ML,DERMAGLOS,Perfumería,Jabones y cremas de piel,""
7793742008313,DERMAGLOS HOMBRES LIMPIEZA GL 100 GR,DERMAGLOS,Perfumería,Jabones y cremas de piel,""
7793742108587,DERMAGLOS ULTRA ESTRUCTURA DIA 50 GR,DERMAGLOS,Perfumería,Jabones y cremas de piel,""
7793742208508,DERMAGLOS ULTRA HIDRA CONT GL 15 GR,DERMAGLOS,Perfumería,Jabones y cremas de piel,""
7793742003707,DERMAGLÓS SOLAR FPS 80 RA CREMA POM 90 GR,DERMAGLOS,Perfumería,Jabones y cremas de piel,""
7506306253162,DOVE BALS AV TALON,DOVE,Perfumería,Jabones y cremas de piel,""
7506306252974,DOVE SER CORPORAL,DOVE,Perfumería,Jabones y cremas de piel,""
7506306252820,DOVE SERUM CORP FIRM,DOVE,Perfumería,Jabones y cremas de piel,""
7506306252882,DOVE SERUM CORP FIRM,DOVE,Perfumería,Jabones y cremas de piel,""
7506306252868,DOVE SERUM CORP SECA,DOVE,Perfumería,Jabones y cremas de piel,""
7793742003738,Dermaglos Emulsion Solar AER-170-ml.,DERMAGLOS,Perfumería,Jabones y cremas de piel,""
0000042211051,Desmaquillante NIVEA Bifásico de ojos PVC-125-ml.,NIVEA,Perfumería,Jabones y cremas de piel,""
7794640173141,"EMULSION CORPORAL ANTI AGE LIFT, HINDS, 125 cm3",HINDS,Perfumería,Jabones y cremas de piel,""
7793742002922,EMULSION FACIAL HIDRA P NORMAL F20 DERMAGLOS X70CC,DERMAGLOS,Perfumería,Jabones y cremas de piel,""
7790047000509,EMYNENT PROT SOL 10,EMYNENT,Perfumería,Jabones y cremas de piel,""
7791102047569,ESPONJA COOP EXF,COOPERATIVA,Perfumería,Jabones y cremas de piel,""
4005900994776,EUCERIN SUN HYDRO FLUID FPS 50,EUCERIN,Perfumería,Jabones y cremas de piel,""
7797811099493,EWE ACEITE ALME 30ML,EWE,Perfumería,Jabones y cremas de piel,""
7702031244622,FECULA BEBE BED TIME JOHNSONS X 200GRS,JOHNSONS BABY,Perfumería,Jabones y cremas de piel,""
7702031244592,FECULA JOHNSON BABY ORIGINAL ROSA X 200 GR,Johnson Baby,Perfumería,Jabones y cremas de piel,""
7509552934526,GARNIER FACIAL F50,GARNIER,Perfumería,Jabones y cremas de piel,""
0070501872956,GEL DE LIMP. FACIAL NEUTROGENA FORMULA SUAVE BOM 354 ML,NEUTROGENA,Perfumería,Jabones y cremas de piel,""
4005900938534,"GEL EXFOLIANTE FACIAL PURIF. ALOE, NIVEA, 75 cm3",NIVEA,Perfumería,Jabones y cremas de piel,""
7793742007583,"GEL LIMP. FACIAL PIEL MIXTA/GRASA, DERMAGLOS, 150 gr",DERMAGLOS,Perfumería,Jabones y cremas de piel,""
0075486091286,HAW TROPIC FACIAL,HAWAIIAN,Perfumería,Jabones y cremas de piel,""
0075486091736,HAW TROPIC OZONO LOC,HAWAIIAN,Perfumería,Jabones y cremas de piel,""
7798008966475,IWOO BRUMA BOOSTER P,IWOO,Perfumería,Jabones y cremas de piel,""
7798008966482,IWOO SERUM DROPS,IWOO,Perfumería,Jabones y cremas de piel,""
7791102045862,JAB COOPERATIVA MARINA,COOPERATIVA,Perfumería,Jabones y cremas de piel,""
7791293048819,JAB LIQ ORQUIDEA NEG,LUX,Perfumería,Jabones y cremas de piel,""
7790990004098,JAB PLUSBELLE FLORES ROSA,PLUSBELLE,Perfumería,Jabones y cremas de piel,""
7791293050836,JAB ROSAS FRANCESAS,LUX,Perfumería,Jabones y cremas de piel,""
8480017303714,JAB TOC ANTIBACTERIA,BONTE,Perfumería,Jabones y cremas de piel,""
7791293050935,JAB TOC COTTON FRESH,REXONA,Perfumería,Jabones y cremas de piel,""
4006000050188,JAB TOC CREM CARE 3U,NIVEA,Perfumería,Jabones y cremas de piel,""
8480017303691,JAB TOC FLOR BLANCA,BONTE,Perfumería,Jabones y cremas de piel,""
7791293046914,JAB TOC FRESH  X3UD,REXON,Perfumería,Jabones y cremas de piel,""
7791293046884,JAB TOC FRESH ANTIBA,REXON,Perfumería,Jabones y cremas de piel,""
4006000050201,JAB TOC GLICERINA 3U,NIVEA,Perfumería,Jabones y cremas de piel,""
7891150046481,JAB TOC ORIGIN 3X90G,DOVE,Perfumería,Jabones y cremas de piel,""
7891024034767,JABON BARRA ALOE&OLI,PALMOLIVE,Perfumería,Jabones y cremas de piel,""
7891024034781,JABON BARRA KARITE,PALMO,Perfumería,Jabones y cremas de piel,""
7791293047812,JABON DE TOCADOR GLICERINA LIMON Y FLORES LUX X90G,LUX,Perfumería,Jabones y cremas de piel,""
7891010099725,"JABON FACIAL LIMPIEZA PROFUNDA, NEUTROGENA, 80 gr",NEUTROGENA,Perfumería,Jabones y cremas de piel,""
7791520004144,JABON GLICERINA VERITAS EXPLOSION CITRICA PAQ 120 GRM,VERITAS,Perfumería,Jabones y cremas de piel,""
7798092840385,JABON INT/ODOR BLOCK,DERMV,Perfumería,Jabones y cremas de piel,""
7798339190259,JABON LIQ ANTIBAC REPUESTO ORIGINAL ESPADOL X220CC,ESPADOL,Perfumería,Jabones y cremas de piel,""
7891150029309,"JABON LIQ. CUERPO NUTRICION BOT., DOVE, 250 cm3",DOVE,Perfumería,Jabones y cremas de piel,""
7891150063105,"JABON LIQ. CUERPO NUTRICION P. BOT, DOVE, 250 cm3",DOVE,Perfumería,Jabones y cremas de piel,""
7791293041841,"JABON LIQ. MANOS ANTIB. ALOE DP, REXONA, 220 cm3",REXONA,Perfumería,Jabones y cremas de piel,""
7891150103597,"JABON LIQ. MANOS DAMA NOCHE DISP., LUX, 220 cm3",LUX,Perfumería,Jabones y cremas de piel,""
7793008018865,"JABON LIQ. MANOS HID&SUAVIZA DISP., VILLENEUVE, 240 cm3",VILLENEUVE,Perfumería,Jabones y cremas de piel,""
7791293049441,"JABON LIQ. MANOS JAZMIN&ALM DP, SUAVE, 220 cm3",SUAVE,Perfumería,Jabones y cremas de piel,""
7791293041865,JABON LIQUIDO ANTIBAC ORIGINAL REXONA DP X 220 CC,REXONA,Perfumería,Jabones y cremas de piel,""
7791274196010,JABON LIQUIDO CITRUS SPLASH ALGABO DP X 300 CC,ALGABO,Perfumería,Jabones y cremas de piel,""
7791274196003,JABON LIQUIDO FLORAL RAIN ALGABO DP X 300 CC,ALGABO,Perfumería,Jabones y cremas de piel,""
7798092840507,JABON LIQUIDO INTIMO ODOR BLOCK DERMOVAGISILX355CC,DERMOVAGISIL,Perfumería,Jabones y cremas de piel,""
7791274200892,JABON LIQUIDO KIDS 10,BATH TOYS,Perfumería,Jabones y cremas de piel,""
7791293051208,JABON ORIGINAL,DOVE,Perfumería,Jabones y cremas de piel,""
7791293049182,JABON TOC GLICERINA F ROJOS REXONA X 90 GRS,REXONA,Perfumería,Jabones y cremas de piel,""
7791293046891,JABON TOCADOR ANTIBACT ORIGINAL REXONA 3 X 90 GRS,REXONA,Perfumería,Jabones y cremas de piel,""
7509546692593,JABON TOCADOR CHARCOAL PROTEX X 125 GRM,PROTEX,Perfumería,Jabones y cremas de piel,""
7790990000830,"JABON TOCADOR FRESCURA VITA GLIC, PLUSBELLE, 120 gr",PLUSBELLE,Perfumería,Jabones y cremas de piel,""
7791293049168,JABON TOCADOR GLICERINA CITRUS REXONA X 90 GRS,REXONA,Perfumería,Jabones y cremas de piel,""
7891024042274,JABON TOCADOR NATURAL KARITE PALMOLIVE 6 X 85 GRM,PALMOLIVE,Perfumería,Jabones y cremas de piel,""
7791293050959,"JABON TOCADOR NUTRITIVE ORCHID X3, REXONA, 360 gr",REXONA,Perfumería,Jabones y cremas de piel,""
7891150095700,"JABON TOCADOR PIEL SENSIBLE X3, DOVE, 270 gr",DOVE,Perfumería,Jabones y cremas de piel,""
7790990001974,JABÓN D/TOCADOR PUREZA CREM.LIMOL PAQ X3 UNI 270 GRM,LIMOL,Perfumería,Jabones y cremas de piel,""
7790990004081,JABÓN TOCADOR NUTRICIÓN VITA GLIC PLUSBELLE 3X 120 GRM,PLUSBELLE,Perfumería,Jabones y cremas de piel,""
4005900620569,JabÃ³n NIVEA avena BAR 3 x 125 grs BAR-125-gr.,NIVEA,Perfumería,Jabones y cremas de piel,""
7891024024249,Jabón PROTEX limpieza Profunda 3x90g BSA-3-un.,PROTEX,Perfumería,Jabones y cremas de piel,""
7790299003723,LAB FERRINI CORPORAL,FERRINI,Perfumería,Jabones y cremas de piel,""
7798024570199,LAURIA CRE PIES 70GR,LAURIA,Perfumería,Jabones y cremas de piel,""
7798024570205,LAURIA EXF PIES 40GR,LAURIA,Perfumería,Jabones y cremas de piel,""
0070501050651,"LOCION FACIAL DEMAQ. OJOS LIB. ACE., NEUTROGENA, 162 cm3",NEUTROGENA,Perfumería,Jabones y cremas de piel,""
7509552843705,LOREAL AGUA MICE HIA,LOREAL,Perfumería,Jabones y cremas de piel,""
7509552911992,LOREAL HT5 ANTI ARRU,LOREAL,Perfumería,Jabones y cremas de piel,""
7899706181815,LOREAL UV DEFENDER,LOREAL,Perfumería,Jabones y cremas de piel,""
7899706181877,LOREAL UV DEFENDER,LOREAL,Perfumería,Jabones y cremas de piel,""
7899706197762,LOREAL UV DEFENDER,LOREAL,Perfumería,Jabones y cremas de piel,""
3337872413025,LRP EFFACLAR MAT 40 ML,LA ROCHE POSAY,Perfumería,Jabones y cremas de piel,""
3337875549615,LRP LIPIKAR LECHE SIN PERFUME 400 ML,LA ROCHE POSAY,Perfumería,Jabones y cremas de piel,""
3337875537308,LRP LIPIKAR SYNDET AP LIQUIDE 200 ML,LA ROCHE POSAY,Perfumería,Jabones y cremas de piel,""
8480017318572,MANTECA DE CACAO,BONTE,Perfumería,Jabones y cremas de piel,""
7794207085238,MIDERMUS SOL,MIDERMUS,Perfumería,Jabones y cremas de piel,""
7794207000385,MIDERMUS SOL FPS 30,MIDERMUS,Perfumería,Jabones y cremas de piel,""
7794207000835,MIDERMUS SOL FPS50 N,MIDERMUS,Perfumería,Jabones y cremas de piel,""
4006000017396,NIVEA LUMINOUS 3EN1,NIVEA,Perfumería,Jabones y cremas de piel,""
4005900806154,NIVEA ROSE CREMA,NIVEA,Perfumería,Jabones y cremas de piel,""
7891010251031,NTG HYDRO BOOST AGUA,NEUTROGENA,Perfumería,Jabones y cremas de piel,""
7891010253936,NTRG SUAVIZ CORP 400,NEUTROGENA,Perfumería,Jabones y cremas de piel,""
8480017125965,OLEO CALCAREO,BABYS,Perfumería,Jabones y cremas de piel,""
7791554020738,OLEO CALCAREO BENARE X 930 CC,BENARE,Perfumería,Jabones y cremas de piel,""
7799054048382,OLEO CALCAREO FARMACITY BEBE CUIDADO DIARIO AVENA X 500ML,FARMACITY BEBE,Perfumería,Jabones y cremas de piel,""
7798269140171,OLEO CALCAREO SIN FRAGANCIA CANDY BABY X 1 LT,CANDY BABY,Perfumería,Jabones y cremas de piel,""
7792175011341,PERPIEL AGUA MICELAR,PERPIEL,Perfumería,Jabones y cremas de piel,""
7792175010481,PERPIEL ANTIAGE EFECTO REJUVENECEDOR,PERPIEL,Perfumería,Jabones y cremas de piel,""
7792175010795,PERPIEL AQUA GEL FAC,PERPIEL,Perfumería,Jabones y cremas de piel,""
7792175009775,PERPIEL EMULSION CORP ABS INMED C FRAGAN,PERPIEL,Perfumería,Jabones y cremas de piel,""
7792175010221,PERPIEL JABON DE LIMPIEZA FACIAL 200ML,PERPIEL,Perfumería,Jabones y cremas de piel,""
7791520009682,POLVO DESODORANTE VERITAS MUJER POM 120 GRM,VERITAS,Perfumería,Jabones y cremas de piel,""
7791293051963,"POLVO PEDICO EFFICIENT ORIGINAL, REXONA, 100 gr",REXONA,Perfumería,Jabones y cremas de piel,""
7791905004691,POLVO PEDICO EN AEROSOL AKTIOL X 115 GRS,AKTIOL,Perfumería,Jabones y cremas de piel,""
7791274004117,POST SOLAR GEL ALOE VERA ALGABO X 250 GRS,COCOA BEACH,Perfumería,Jabones y cremas de piel,""
7793742004520,PROT SOLAR FACIAL TN CLARO F50 DERMAGLOS X 50 GRS,DERMAGLOS,Perfumería,Jabones y cremas de piel,""
4006000165493,PROT SOLAR HIDRAT INVISIBLE NIVEA SUN FP50 X150CC,NIVEA,Perfumería,Jabones y cremas de piel,""
7891010257064,"PROT. SOLAR FACIAL FPS50 OIL CONT., NEUTROGENA, 40 cm3",NEUTROGENA,Perfumería,Jabones y cremas de piel,""
7891010256449,"PROT. SOLAR FACIAL SUN F. FPS50, NEUTROGENA, 40 cm3",NEUTROGENA,Perfumería,Jabones y cremas de piel,""
7793008020349,"PROT. SOLAR FACIAL T. CLARO FPS50, VILLENEUVE, 50 cm3",VILLENEUVE,Perfumería,Jabones y cremas de piel,""
7793742004902,PROT.SOLAR FPS 50 SPORT DERMAGLOS CJA 100 ML,DERMAGLOS,Perfumería,Jabones y cremas de piel,""
7793008017950,PROTECT.SOLAR HUM.PROT.FPS 30 VILLENEUVE POM 120 ML,VILLENEUVE,Perfumería,Jabones y cremas de piel,""
7702003008504,PROTECTOR BRONZE FPS 30 NIVEA SUN X 200 CC,NIVEA,Perfumería,Jabones y cremas de piel,""
7793742024610,PROTECTOR SOLAR EMULSION F40 DERMAGLOS X 380CC,DERMAGLOS,Perfumería,Jabones y cremas de piel,""
7791274002830,PROTECTOR SOLAR F30 COCOA BEACH X 130 CC,COCOA BEACH,Perfumería,Jabones y cremas de piel,""
7793742004735,PROTECTOR SOLAR F30 DERMAGLOS X 200 CC,DERMAGLOS,Perfumería,Jabones y cremas de piel,""
7793742004728,PROTECTOR SOLAR F40 DERMAGLOS X 200 CC,DERMAGLOS,Perfumería,Jabones y cremas de piel,""
7793742004711,PROTECTOR SOLAR F50,DERMA,Perfumería,Jabones y cremas de piel,""
7793008017981,PROTECTOR SOLAR FPS 50 VILLENEUVE X 120 CC,VILLENEUVE,Perfumería,Jabones y cremas de piel,""
4006000016726,PROTECTOR SOLAR FPS 70 NIVEA X 200 CC,NIVEA,Perfumería,Jabones y cremas de piel,""
4006000016719,PROTECTOR SOLAR HIDR,NIVEA,Perfumería,Jabones y cremas de piel,""
7790773008435,Q SOFT TOA DES MICEL,Q SOFT,Perfumería,Jabones y cremas de piel,""
7790773008466,Q SOFT TOALLITA DESM,Q SOFT,Perfumería,Jabones y cremas de piel,""
7796045102627,RAYITO F FPS50 100GR,RAYITO DE SOL,Perfumería,Jabones y cremas de piel,""
7796045000985,RAYITO GEL POST SOL,RAYITO DE SOL,Perfumería,Jabones y cremas de piel,""
7796045102856,RAYITO K FPS50 30GR,RAYITO DE SOL,Perfumería,Jabones y cremas de piel,""
7796045102603,RAYITO PROT FACIAL,RAYITO DE SOL,Perfumería,Jabones y cremas de piel,""
7798270243946,SOUL CARE JAB LIQ FR,SOUL CARE,Perfumería,Jabones y cremas de piel,""
7799120000399,SOUL CARE POLVO PEDI,SOUL CARE,Perfumería,Jabones y cremas de piel,""
4005900806161,SPRAY ROSE CARE MIST,NIVEA,Perfumería,Jabones y cremas de piel,""
7509552849493,SÉRUM ILUMINADOR VIT C GARNIER CJA 30 ML,GARNIER,Perfumería,Jabones y cremas de piel,""
7791274198113,TALCO CORPORAL DESODORANTE CLASICO ALGABO X 120GRM,ALGABO,Perfumería,Jabones y cremas de piel,""
7791274198120,TALCO CORPORAL DESODORANTE SUAVE ALGABO X 120GRM,ALGABO,Perfumería,Jabones y cremas de piel,""
7791274196461,TALCO CORPORAL PERFUMADO FLORAL ALGABO X 200 GRS,ALGABO,Perfumería,Jabones y cremas de piel,""
7791520009675,TALCO DESODORANTE VERITAS CLASICO BOT 120 GRM,VERITAS,Perfumería,Jabones y cremas de piel,""
7791293044491,TALCO EFFICIENT ORIG,REXON,Perfumería,Jabones y cremas de piel,""
7791274198045,TALCO EN POLV CONTR ALGAB,ALGABO,Perfumería,Jabones y cremas de piel,""
7791274187742,TALCO FOOT,ALGAB,Perfumería,Jabones y cremas de piel,""
7791293044477,TALCO ORIGINAL,REXON,Perfumería,Jabones y cremas de piel,""
0650240063435,TEATRICAL ACLARADOR,TEATRICAL,Perfumería,Jabones y cremas de piel,""
7791274197710,TOALLAS DESMAQUILLANTES DE ALGODON ALGABO X 25 UNI,ALGABO,Perfumería,Jabones y cremas de piel,""
4005900985804,"TOALLITAS DESMAQUILLA.ROSE CARE, NIVEA, 25 cu",NIVEA,Perfumería,Jabones y cremas de piel,""
7791274198564,TOALLITAS MICELARES WIPES ALGABO X 25 UNI,ALGABO,Perfumería,Jabones y cremas de piel,""
0859581006877,VASELINE LAB CACAO,VASELINE,Perfumería,Jabones y cremas de piel,""
7791520009743,VERITAS TALCO HOMBRE,VERITAS,Perfumería,Jabones y cremas de piel,""
3337875774161,VICHY NEOVADIOL PERI MENOPAUSIA DAY PS,VICHY,Perfumería,Jabones y cremas de piel,""
7793008018100,VN ACEITE SOL FPS10,VILLENEUVE,Perfumería,Jabones y cremas de piel,""
7793008018087,VN AEROSOL FPS 30,VILLENEUVE,Perfumería,Jabones y cremas de piel,""
7793008018094,VN AEROSOL FPS 50,VILLENEUVE,Perfumería,Jabones y cremas de piel,""
7793008020370,VN AGUA MICEL 200ML,VILLENEUVE,Perfumería,Jabones y cremas de piel,""
7793008018070,VN DRY FEEL FPS 50,VILLENEUVE,Perfumería,Jabones y cremas de piel,""
7793008018049,VN EMUL SPRAY FPS 30,VILLENEUVE,Perfumería,Jabones y cremas de piel,""
7790299004171,ZONO BARRA F50,ZONO,Perfumería,Jabones y cremas de piel,""
7790299004164,ZONO KIDS F50,ZONO,Perfumería,Jabones y cremas de piel,""
7790299003600,ZONO LAB CACAO,ZONO,Perfumería,Jabones y cremas de piel,""
7790299003884,ZONO SPORT F50,ZONO,Perfumería,Jabones y cremas de piel,""
4006000005515,balsamo NIVEA protect fps30 BLI-5-gr.,NIVEA,Perfumería,Jabones y cremas de piel,""
4006000005492,"balsamo NIVEA rose 4,8g BLI-5-gr.",NIVEA,Perfumería,Jabones y cremas de piel,""
4005808944385,bloqueador solar NIVEA sun 150ml fac 60 PMO-154-ml.,NIVEA,Perfumería,Jabones y cremas de piel,""
7794640173110,crema HINDS rosa beauty piel seca 350g BOT-350-ml.,HINDS,Perfumería,Jabones y cremas de piel,""
4005808890590,crema NIVEA Soft hidratante POT-100-gr.,NIVEA,Perfumería,Jabones y cremas de piel,""
4006000040356,crema NIVEA hidr express piel norm 250ml BOT-250-ml.,NIVEA,Perfumería,Jabones y cremas de piel,""
4005800326134,crema corp NIVEA q10 collag 6en1 250ml BOT-250-ml.,NIVEA,Perfumería,Jabones y cremas de piel,""
7793742002915,crema de día DERMAGLOS Facial Hidratante PMO-70-gr.,DERMAGLOS,Perfumería,Jabones y cremas de piel,""
7793742007897,crema de día DERMAGLOS Facial hidratante CJA-50-gr.,DERMAGLOS,Perfumería,Jabones y cremas de piel,""
4005808547777,crema de noche NIVEA Visage regeneradora POT-50-ml.,NIVEA,Perfumería,Jabones y cremas de piel,""
7891010255725,crema facial NEUTROGENA hydro boost 50g FCO-50-gr.,NEUTROGENA,Perfumería,Jabones y cremas de piel,""
7891010882990,crema para ojos NEUTROGENA PMO-15-gr.,NEUTROGENA,Perfumería,Jabones y cremas de piel,""
7793742007392,cremacorp DERMAGLOS hidr+abs 300ml PMO-300-ml.,DERMAGLOS,Perfumería,Jabones y cremas de piel,""
7791293049199,jab de glic REXONA citrus 3x90g PAS-270-gr.,REXONA,Perfumería,Jabones y cremas de piel,""
7791293048048,jabon de tocador LUX glic lem flor 3x90g PET-270-gr.,LUX,Perfumería,Jabones y cremas de piel,""
7791293050775,jabon liquid LUX glic manzan rfl 220ml PET-220-ml.,LUX,Perfumería,Jabones y cremas de piel,""
7791293046112,jabon liquido DOVE nutric profunda 250ml BOT-250-ml.,DOVE,Perfumería,Jabones y cremas de piel,""
7891150090682,jabon liquido LUX botan orq negra x250ml BOT-250-ml.,LUX,Perfumería,Jabones y cremas de piel,""
7891150090675,jabon liquido LUX rs francesa x250ml BOT-250-ml.,LUX,Perfumería,Jabones y cremas de piel,""
7791274193392,jabón líquido ALGABO Green tea c/dosific PVC-300-ml.,ALGABO,Perfumería,Jabones y cremas de piel,""
4005900773845,leche y ton mic ROSE CARE 2en1 200ml BOT-200-ml.,NIVEA,Perfumería,Jabones y cremas de piel,""
7793742004650,protecor sol DERMAGLOS bebes fps65 120gr PMO-120-gr.,DERMAGLOS,Perfumería,Jabones y cremas de piel,""
7793742003790,protector sol DERMAGLOS niños f50 180ml BOT-180-ml.,DERMAGLOS,Perfumería,Jabones y cremas de piel,""
7791274198069,talco ALGABO control suave x180g BOT-180-gr.,ALGABO,Perfumería,Jabones y cremas de piel,""
7791293044484,talco pies REXONA fresh 48hs 100g BOT-100-gr.,EFFICIENT,Perfumería,Jabones y cremas de piel,""
7791293044507,talco pies REXONA fresh 48hs 200g BOT-200-gr.,EFFICIENT,Perfumería,Jabones y cremas de piel,""
0309976790015,COLORSTAY DELINEADOR OJOS RETRAC BLACK,REVLON,Perfumería,Maquillaje,""
7797222006745,ESPONJA MAQUILLAJE TAO BSA 2 UNI,TAO,Perfumería,Maquillaje,""
4005800268731,EUCERIN CRE AQUA REP LABIOS SOS 10ML,EUCERIN,Perfumería,Maquillaje,""
7798347371114,JUL MAQ UNICORNIO CH,JULIANA,Perfumería,Maquillaje,""
7790391466020,MAQUILLAJE INFANTIL,DERPOL,Perfumería,Maquillaje,""
7790391466051,MAQUILLAJE INFANTIL,DERPOL,Perfumería,Maquillaje,""
7790391466075,MAQUILLAJE INFANTIL,DERPOL,Perfumería,Maquillaje,""
0041554433449,MYB BASE FIT ME FDN CLASSIC IV 120 30ML,MAYBELLINE,Perfumería,Maquillaje,""
0041554433425,MYB BASE FIT ME FDN NATURAL IV 112 30 ML,MAYBELLINE,Perfumería,Maquillaje,""
0041554433494,MYB BASE FIT ME FDN PURE BEIGE 235 30ML,MAYBELLINE,Perfumería,Maquillaje,""
0041554433500,MYB BASE FIT ME FDN SUN BEIGE 310 30ML,MAYBELLINE,Perfumería,Maquillaje,""
6902395830580,MYB BASE FITMEF 09,MAYBELLINE,Perfumería,Maquillaje,""
6902395856610,MYB BASE FITMEF 2 5,MAYBELLINE,Perfumería,Maquillaje,""
0041554565614,MYB BASE SUPERSTAY FDT 127 30ML,MAYBELLINE,Perfumería,Maquillaje,""
0041554541472,MYB BASE SUPERSTAY FDT GOLDEN 30 ML,MAYBELLINE,Perfumería,Maquillaje,""
0041554541489,MYB BASE SUPERSTAY FDT HONEY 320 30 ML,MAYBELLINE,Perfumería,Maquillaje,""
3600531647926,MYB CORR SS 10 FAIR,MAYBELLINE,Perfumería,Maquillaje,""
3600531647988,MYB CORR SS 25 MEDIU,MAYBELLINE,Perfumería,Maquillaje,""
0041554247701,MYB CORRECTOR FITME CONC FAIR,MAYBELLINE,Perfumería,Maquillaje,""
0041554247718,MYB CORRECTOR FITME CONC LIGHT,MAYBELLINE,Perfumería,Maquillaje,""
0041554267204,MYB CORRECTOR INSTANTAGE BRIGH 6 ML,MAYBELLINE,Perfumería,Maquillaje,""
0041554259247,MYB CORRECTOR INSTANTAGE FAIR 6 ML,MAYBELLINE,Perfumería,Maquillaje,""
0041554259261,MYB CORRECTOR INSTANTAGE MEDIUM 6 ML,MAYBELLINE,Perfumería,Maquillaje,""
0041554071023,MYB LAB L SS VIN CHE,MAYBELLINE,Perfumería,Maquillaje,""
0041554079302,MYB LAB L SS VIN PUN,MAYBELLINE,Perfumería,Maquillaje,""
0041554583885,MYB LAB LIF GLO SILK,MAYBELLINE,Perfumería,Maquillaje,""
0041554583878,MYB LABIAL LIP LIFTER GLOSS MOON,MAYBELLINE,Perfumería,Maquillaje,""
0041554583908,MYB LABIAL LIP LIFTER GLOSS REEF,MAYBELLINE,Perfumería,Maquillaje,""
0041554583922,MYB LABIAL LIP LIFTER GLOSS STONE,MAYBELLINE,Perfumería,Maquillaje,""
0041554543698,MYB LABIAL LIQ SUPER DRIVER 5 ML,MAYBELLINE,Perfumería,Maquillaje,""
0041554554533,MYB LABIAL LIQ SUPERSTAY CITY DANCER 5ML,MAYBELLINE,Perfumería,Maquillaje,""
0041554496901,MYB LABIAL LIQ SUPERSTAY DREAMER 5 ML,MAYBELLINE,Perfumería,Maquillaje,""
0041554590913,MYB LS SKY HIGH WTP VERY BLACK,MAYBELLINE,Perfumería,Maquillaje,""
0041554071863,MYB MASC SKYHI BLACK,MAYBELLINE,Perfumería,Maquillaje,""
0041554578485,MYB MASCARA FALSIES LASH LIFT WSH BLACK,MAYBELLINE,Perfumería,Maquillaje,""
7509552919417,MYB PAL SHADOW SALSA,MAYBELLINE,Perfumería,Maquillaje,""
0041554089127,MYB SS TEDDY TINT 20,MAYBELLINE,Perfumería,Maquillaje,""
0041554089103,MYB SS TEDDY TINT 30,MAYBELLINE,Perfumería,Maquillaje,""
0041554089080,MYB SS TEDDY TINT 40,MAYBELLINE,Perfumería,Maquillaje,""
0041554089066,MYB SS TEDDY TINT 50,MAYBELLINE,Perfumería,Maquillaje,""
0041554089059,MYB SS TEDDY TINT 55,MAYBELLINE,Perfumería,Maquillaje,""
6902395858539,MYB TT LINER PLAY DE,MAYBELLINE,Perfumería,Maquillaje,""
4006000005539,NIVEA P LABIAL VAIN,NIVEA,Perfumería,Maquillaje,""
7798214897303,PEPPA PIG LABIAL Y S,PEPPA PIG,Perfumería,Maquillaje,""
7790416018593,"QUITA ESMALTE HUMECTANTE, CUTEX, 200 cm3",CUTEX,Perfumería,Maquillaje,""
7790416066426,"QUITA ESMALTE HUMECTANTE, CUTEX, 50 cm3",CUTEX,Perfumería,Maquillaje,""
7791274005329,QUITAESMALTE C KERATINA ALGABO X 100 CC,ALGABO,Perfumería,Maquillaje,""
7791274005305,QUITAESMALTE C SILIC FORTALECEDOR ALGABO X 100 CC,ALGABO,Perfumería,Maquillaje,""
7790416018609,QUITAESMALTE FORTALEC CALCIO CUTEX BOT X200 CC,CUTEX,Perfumería,Maquillaje,""
7790416066532,QUITAESMALTE FORTALEC CALCIO VIT E CUTEX X100 CC,CUTEX,Perfumería,Maquillaje,""
7791274005275,QUITAESMALTE FORTALECEDOR ALGABO X 50CC,ALGABO,Perfumería,Maquillaje,""
0000077968531,QUITAESMALTE FORTALECEDOR UNIQUIT BOT 100 ML,UNIQUIT,Perfumería,Maquillaje,""
0000077968494,QUITAESMALTE FORTALECEDOR UNIQUIT BOT 50 ML,UNIQUIT,Perfumería,Maquillaje,""
7790416066624,QUITAESMALTE HIPOAL C GLICERINA CUTEX X 50 CC,CUTEX,Perfumería,Maquillaje,""
7790416066631,QUITAESMALTE HIPOALERG C GLICERINA CUTEX X 100 CC,CUTEX,Perfumería,Maquillaje,""
0000077968562,QUITAESMALTE HIPOALERGÉNICO UNIQUIT BOT 100 ML,UNIQUIT,Perfumería,Maquillaje,""
7790416066433,QUITAESMALTE HUMEC C ACEITE ALEMNDRA CUTEX X 100CC,CUTEX,Perfumería,Maquillaje,""
0000077968548,QUITAESMALTE HUMECTANTE UNIQUIT BOT 100 ML,UNIQUIT,Perfumería,Maquillaje,""
7790416012591,QUITAESMALTE REMOVEDOR EXPERTO CUTEX X 100 CC,CUTEX,Perfumería,Maquillaje,""
0309970211745,REV COLORS FT MA NWP,REVLON,Perfumería,Maquillaje,""
0309970213466,REV COLORST COR FWFC,REVLON,Perfumería,Maquillaje,""
0309970223731,REV ILLUM GEL SER BL,REVLON,Perfumería,Maquillaje,""
0309970254834,REV ILLUM HYDRAT,REVLON,Perfumería,Maquillaje,""
0309970215767,REV LAB COLORST LIMI,REVLON,Perfumería,Maquillaje,""
0309970215859,REV LAB COLORST LIMI,REVLON,Perfumería,Maquillaje,""
0309970215866,REV LAB COLORST LIMI,REVLON,Perfumería,Maquillaje,""
0309970174125,REV SUP LUST GLI GLO,REVLON,Perfumería,Maquillaje,""
0309970174163,REV SUP LUST GLI GLO,REVLON,Perfumería,Maquillaje,""
0309974378017,REVLON BALSAMO EXFOLIANTE LABIOS MINT,REVLON,Perfumería,Maquillaje,""
0309974700054,REVLON BASE COLORSTA,REVLON,Perfumería,Maquillaje,""
0309975822106,REVLON COLORSTAY LINEADOR LABIOS PINK,REVLON,Perfumería,Maquillaje,""
0309970039028,REVLON COLORSTAY PALETA SOMBRAS ENIGMNA,REVLON,Perfumería,Maquillaje,""
0309970039011,REVLON COLORSTAY PALETA SOMBRAS MAVERICK,REVLON,Perfumería,Maquillaje,""
0309970086633,REVLON COLORSTAY PALETA SOMBRAS ROCKER,REVLON,Perfumería,Maquillaje,""
0309970166120,REVLON CORRECT COLORSTAY AWAKEN MED DEEP,REVLON,Perfumería,Maquillaje,""
0309974209014,REVLON DELIN COLORST,REVLON,Perfumería,Maquillaje,""
0309970136420,REVLON ESM ULTRA HD DRIVEN,REVLON,Perfumería,Maquillaje,""
0309970136239,REVLON ESM ULTRA HD EARLY BIRD,REVLON,Perfumería,Maquillaje,""
0309970187040,REVLON LAB COLORSTAY,REVLON,Perfumería,Maquillaje,""
0309970187132,REVLON LAB COLORSTAY,REVLON,Perfumería,Maquillaje,""
0309970187217,REVLON LAB COLORSTAY,REVLON,Perfumería,Maquillaje,""
0309970126483,REVLON SO FIERCE MASC BLACKEST BLACK WP,REVLON,Perfumería,Maquillaje,""
5012874022441,RIMMEL HIDE THE BLEMISH 001 IVORY CORREC,RIMMEL,Perfumería,Maquillaje,""
5012874032945,RIMMEL HIDE THE BLEMISH 002 SAND CORRECT,RIMMEL,Perfumería,Maquillaje,""
5012874125456,RIMMEL HIDE THE BLEMISH 103 SOFT CORRECT,RIMMEL,Perfumería,Maquillaje,""
5012874125463,RIMMEL HIDE THE BLEMISH 105 GOLD B CORRE,RIMMEL,Perfumería,Maquillaje,""
3614226917157,RIMMEL LASTING RADIANCE 010 CORRECT,RIMMEL,Perfumería,Maquillaje,""
3614226917188,RIMMEL LASTING RADIANCE 040 CORRECT,RIMMEL,Perfumería,Maquillaje,""
3614228690645,RIMMEL SCANDA LASH VOL BOOST PRIMER MASC,RIMMEL,Perfumería,Maquillaje,""
3616302476725,RIMMEL WONDER FULL BROW GEL CEJ,RIMMEL,Perfumería,Maquillaje,""
3616302737925,RML LABIAL LIQ P 740,RIMMEL,Perfumería,Maquillaje,""
3616301524526,RML POLVO HIGHLIGHTE,RIMMEL,Perfumería,Maquillaje,""
7450077090900,SET DE MAQUILLAJE CA,SEBIGUS,Perfumería,Maquillaje,""
7450077093499,SET DE MAQUILLAJE MI,SEBIGUS,Perfumería,Maquillaje,""
7450077088327,SET DE MAQUILLAJE RO,SIN MARCA,Perfumería,Maquillaje,""
7450077063614,SET DE MAQUILLAJE SO,SEBIGUS,Perfumería,Maquillaje,""
7453105018235,SET MAQ CORAZON CAJA,TINY,Perfumería,Maquillaje,""
7450077051499,SET MAQ DONA BLI,TINY,Perfumería,Maquillaje,""
7453105018211,SET MAQ MUFFIN BLI,TINY,Perfumería,Maquillaje,""
7450077099255,SET MAQ UNAS BLI,TINY,Perfumería,Maquillaje,""
7453077241907,SET MAQUILLAJE BLIST,TINY,Perfumería,Maquillaje,""
7453105002326,SET MAQUILLAJE BLIST,TINY,Perfumería,Maquillaje,""
0309970066215,SKINLIGHTS POLVO BRONCEADOR CANNES TAN,REVLON,Perfumería,Maquillaje,""
7509552847253,V BASE M NAT ARENA,VOGUE,Perfumería,Maquillaje,""
7509552847284,V BASE M NAT NATURAL,VOGUE,Perfumería,Maquillaje,""
7509552847260,V BASE M NAT TRIGO,VOGUE,Perfumería,Maquillaje,""
7509552875652,V BASE POLV MIEL,VOGUE,Perfumería,Maquillaje,""
7509552787054,V LAB LIQ COL ALEGRI,VOGUE,Perfumería,Maquillaje,""
7509552928938,V LAB LIQ RES EXPRES,VOGUE,Perfumería,Maquillaje,""
7702433292665,V POLV COMP MAT ACEI,VOGUE,Perfumería,Maquillaje,""
0859581006846,VASELINE LAB ORIGINA,VASELINE,Perfumería,Maquillaje,""
0859581006853,VASELINE LAB ROSY,VASELINE,Perfumería,Maquillaje,""
7509552828467,VOGUE BASE AVELLANA,VOGUE,Perfumería,Maquillaje,""
7509552840315,VOGUE CORRECTOR LIQ LD CANELA,VOGUE,Perfumería,Maquillaje,""
7509552840650,VOGUE LABIAL LIQ RESIST NATURAL,VOGUE,Perfumería,Maquillaje,""
7509552840605,VOGUE LABIAL LIQ RESIST PODEROSA,VOGUE,Perfumería,Maquillaje,""
7509552844382,VOGUE LABIAL RESIST TONO INVENCIBLE,VOGUE,Perfumería,Maquillaje,""
7702433290838,VOGUE POLVO COMPACTO DE ARROZ VAINILLA,VOGUE,Perfumería,Maquillaje,""
7790416018616,quitaesmalte CUTEX hipoalergenico 200ml PVC-200-ml.,CUTEX,Perfumería,Maquillaje,""
7790416066525,quitaesmalte para uñas CUTEX PVC-50-ml.,CUTEX,Perfumería,Maquillaje,""
7500435178884,ALWAYS MXIMA PROT NO,ALWAYS,Perfumería,Protección femenina,""
7790940000019,APOSITOS POST PARTO C CINTA CENTRAL DONCELLAX10UNI,DONCELLA,Perfumería,Protección femenina,""
7790770602094,CALIPSO T ANATOMIC 8,CALIPSO,Perfumería,Protección femenina,""
7790010002240,CAREFREE TODOS LOS D,CAREFREE,Perfumería,Protección femenina,""
7799054034231,COPA MENSTRUAL ENJOY TALLE 2,ENJOY,Perfumería,Protección femenina,""
7796285286002,COPA MENSTRUAL EVA COPA TALLE 3,EVACOPA,Perfumería,Protección femenina,""
0662425026791,INTIMA TAMPONES FEME,INTIMA,Perfumería,Protección femenina,""
0662425026821,INTIMA TAMPONES FEME,INTIMA,Perfumería,Protección femenina,""
0662425026845,INTIMA TAMPONES FEME,INTIMA,Perfumería,Protección femenina,""
7794626010811,KOTEX TH FEM NORMAL X 8 UNID,KOTEX,Perfumería,Protección femenina,""
7790250031390,LADYSOFT TH NOCTU XL,LADYSOFT,Perfumería,Protección femenina,""
7790250097426,LADYSOFT TOALL HIG C,LADYSOFT,Perfumería,Protección femenina,""
7797774120111,LB TANGA LESS,LIGHT BLUE,Perfumería,Protección femenina,""
7797774120128,LB TANGA LESS,LIGHT BLUE,Perfumería,Protección femenina,""
7798420160017,LOMECAN V JAB 200ML,LOMECAN V,Perfumería,Protección femenina,""
7790770602919,NOSOTRAS PD NOR X160,NOSOTRAS,Perfumería,Protección femenina,""
7702026191269,NOSOTRAS PROTECTORES MAMARIOS 12UN,NOSOTRAS,Perfumería,Protección femenina,""
7790010002905,PROT DIA CAREFREE PROTECCION COMPACT X 20,CAREFREE,Perfumería,Protección femenina,""
7790010002790,PROT DIA CAREFREE PROTECCION LARGOS X 20,CAREFREE,Perfumería,Protección femenina,""
7790010002813,PROT DIA CAREFREE TODOSLOSDIAS COMPACT X 20,CAREFREE,Perfumería,Protección femenina,""
7790010002820,PROT DIA CAREFREE TODOSLOSDIAS X 20,CAREFREE,Perfumería,Protección femenina,""
7798187659090,PROT DIARIO ENJOY ANATOMICO X 40 UNIDADES,ENJOY,Perfumería,Protección femenina,""
7790770602018,PROT NOSOTRAS RESPIRABLES CON CALENDULA X 50 UNID,NOSOTRAS,Perfumería,Protección femenina,""
7790010002899,PROTEC DIARIO COMPAC,CAREFREE,Perfumería,Protección femenina,""
7790250097495,PROTEC FEM DIAR CLAS,LADYSOFT,Perfumería,Protección femenina,""
7790010002806,PROTEC FEM DIAR LARG,CAREFREE,Perfumería,Protección femenina,""
7790770601998,PROTEC FEM DIAR NORM,NOSOT,Perfumería,Protección femenina,""
7790010002868,PROTEC FEM DIARIOS,CAREFREE,Perfumería,Protección femenina,""
7790940235442,PROTEC P PRECIO POCKET,PRIMER PRECIO,Perfumería,Protección femenina,""
7798302948184,PROTECTOR DIARIO ENJOY ANATOMICO X 60 UN,ENJOY,Perfumería,Protección femenina,""
7794626015229,PROTECTOR DIARIO ESENCIAL KOTEX X 100 UNI,KOTEX,Perfumería,Protección femenina,""
7794626015076,PROTECTOR DIARIO LINA X 60 UNI,LINA,Perfumería,Protección femenina,""
7500435233040,PROTECTOR FEM ALWAYS C/PERF ANATOMICO X 40 UNID,ALWAYS,Perfumería,Protección femenina,""
7500435233033,PROTECTOR FEM ALWAYS RESPIRABLE ANATOMICO X 40 UNID,ALWAYS,Perfumería,Protección femenina,""
7500435233026,PROTECTOR FEM ALWAYS RESPIRABLE ANATOMICO X 80 UNID,ALWAYS,Perfumería,Protección femenina,""
7793620003553,PROTECTOR KOTEX CUIDADO DIARIO X 60 U,KOTEX,Perfumería,Protección femenina,""
7790010002875,PROTECTORES DIARIOS CAREFREE PROTECCION ORIGINAL X 20,CAREFREE,Perfumería,Protección femenina,""
7790010002837,PROTECTORES DIARIOS CAREFREE TODOS LOS DIAS X 60,CAREFREE,Perfumería,Protección femenina,""
7790940515063,PROTECTORES MAMARIOS C GEL DONCELLA X 24 UNI,DONCELLA,Perfumería,Protección femenina,""
7790770602988,PROTECTORES NOSOTRAS LARGOS MULTIFLUIDOS X 50 UNIDADES,NOSOTRAS,Perfumería,Protección femenina,""
7790770601974,PROTECTORES NOSOTRAS NORMAL C/CALE X 20 UN,NOSOTRAS,Perfumería,Protección femenina,""
7790010002844,PROTECTORES TODOS LOS DIAS CAREFREE X 100 UNI,CAREFREE,Perfumería,Protección femenina,""
7790940235077,Protectores diarios DONCELLA BSA-20-un.,DONCELLA,Perfumería,Protección femenina,""
7793620003126,Protectores diarios KOTEX BSA-100-un.,KOTEX,Perfumería,Protección femenina,""
7790010570763,SIEMPRE LIBRE ADAPT,SIEMPRE LIBRE,Perfumería,Protección femenina,""
7798270242307,SOUL CARE TAMPON SUP,SOUL CARE,Perfumería,Protección femenina,""
7799120001051,SOUL CARE TAMPON SUP,SOUL CARE,Perfumería,Protección femenina,""
7799054034644,TAMPON ENJOY MEDIO BIO X 8 U,ENJOY,Perfumería,Protección femenina,""
7799054034668,TAMPON ENJOY MEDIO BIO X16U,ENJOY,Perfumería,Protección femenina,""
7799054034675,TAMPON ENJOY SUPER BIO X16U,ENJOY,Perfumería,Protección femenina,""
7702026194727,TAMPON NOSOTRAS SUPER X 16 UN,NOSOTRAS,Perfumería,Protección femenina,""
0662425027170,TAMPON P PCIO SUPER,PRIMER PRECIO,Perfumería,Protección femenina,""
7702026194697,TAMPON SUPER,NOSOT,Perfumería,Protección femenina,""
7702425543966,TAMPONES KOTEX MEDIO X 20 UN,KOTEX,Perfumería,Protección femenina,""
7794626011597,TAMPONES KOTEX MINI X 12 UN,KOTEX,Perfumería,Protección femenina,""
7702425808041,TAMPONES MEDIO,KOTEX,Perfumería,Protección femenina,""
7891010254773,TAMPONES MEDIO,O.B.,Perfumería,Protección femenina,""
7891010254797,TAMPONES MEDIO OB X 16 UNI,O.B.,Perfumería,Protección femenina,""
7891010254780,TAMPONES SUPER,OB,Perfumería,Protección femenina,""
7790010002752,TH S LIBRE ADAPT ULTRAFINA  X 8,SIEMPRE LIBRE,Perfumería,Protección femenina,""
7790010002684,TH S LIBRE ESPECIAL ADAPT SECA X16,SIEMPRE LIBRE,Perfumería,Protección femenina,""
7790770602360,TOA NOS INVI CUR X 8,sin marca,Perfumería,Protección femenina,""
7790940235398,TOA POCKET P PCIO TANGA,PRIMER PRECIO,Perfumería,Protección femenina,""
7790770602292,TOALL FEM BUEN NOCHE,NOSOTRAS,Perfumería,Protección femenina,""
7790010002769,TOALL FEM ESP ULTRAF,SIEMPRE LIBRE,Perfumería,Protección femenina,""
7790010002660,TOALL FEM ESPECIAL,SIEMPRE LIBRE,Perfumería,Protección femenina,""
7790010002653,TOALL FEM ESPECIALES,SIEMPRE LIBRE,Perfumería,Protección femenina,""
7500435229531,TOALL FEM EXTR SUAVE,ALWAY,Perfumería,Protección femenina,""
8480017299611,TOALL FEM NOCT ALAS,BONTE,Perfumería,Protección femenina,""
7790010002776,TOALL FEM TANGA,SIEMPRE LIBRE,Perfumería,Protección femenina,""
7790770601851,TOALL FEME BUEN NOCH,NOSOTRAS,Perfumería,Protección femenina,""
7791102045107,TOALLA COOPE C/ALAS,COOPERATIVA,Perfumería,Protección femenina,""
7790770602339,TOALLA FEM CLASICA C CALENDULA NOSOTRAS X 30 UNI,NOSOTRAS,Perfumería,Protección femenina,""
7790250097662,TOALLA FEMENIN TELA SECA C ALAS LADYSOFT X8UNI,LADYSOFT,Perfumería,Protección femenina,""
7790250097594,TOALLA FEMENINA DELGADA SUAVE LADYSOFT X 16 UNI,LADYSOFT,Perfumería,Protección femenina,""
7809604031709,TOALLA FEMENINA KOTEX NOCTURNA LARGA X 20 UN,KOTEX,Perfumería,Protección femenina,""
7794626013430,"TOALLA HIG. NOCTURNA C/ALAS, LINA, 8 cu",LINA,Perfumería,Protección femenina,""
7790250097631,"TOALLA HIG. NOCTURNA NORMAL C/ALAS, LADYSOFT, 16 cu",LADYSOFT,Perfumería,Protección femenina,""
7790250097556,"TOALLA HIG. UF. C/ALAS U.SECA, LADYSOFT, 8 cu",LADYSOFT,Perfumería,Protección femenina,""
7809604031631,TOALLA NOCTURNA LARG,KOTEX,Perfumería,Protección femenina,""
7702026151546,TOALLA NOCTURNA NOSOTRAS BUENAS NOCHES INVISIBLE TELA X 14 UN,NOSOTRAS,Perfumería,Protección femenina,""
7702026195823,TOALLA NOSOTRAS ULTRA INV,NOSOTRAS,Perfumería,Protección femenina,""
7799054009741,TOALLA SUPERSEC ULTRAFINA ENJOY C/ALAS X 8 UNID.,ENJOY,Perfumería,Protección femenina,""
7790010002677,TOALLAS FEMENINAS SIEMPRE LIBRE ADAPT PLUS NOCHE Y DIA SUAVE ALAS X 16,SIEMPRE LIBRE,Perfumería,Protección femenina,""
7790770602605,TOALLAS NOSOTRAS BUENAS NOCHES TELA CURVMA X 30 UN,NOSOTRAS,Perfumería,Protección femenina,""
7702026195878,TOALLAS NOSOTRAS X8 ULTRA INVISIBLE,NOSOTRAS,Perfumería,Protección femenina,""
7790770601899,TOALLIT FEMEN CLASIC,NOSOT,Perfumería,Protección femenina,""
7794626012822,TOALLITA FEMENINA,LINA,Perfumería,Protección femenina,""
7790250097655,TOALLITA SUAVE ALGOD,LADYS,Perfumería,Protección femenina,""
7790770602247,prot diario CALIPSO respirable 50U PAQ-50-un.,CALIPSO,Perfumería,Protección femenina,""
7790770602049,prot diario NOSOTRAS largos 80U PAQ-80-un.,NOSOTRAS,Perfumería,Protección femenina,""
7790940233011,protector diario DONCELLA duo forma 20u BSA-20-un.,DONCELLA,Perfumería,Protección femenina,""
7702026194703,tampon NOSOTRAS digital mini 8u PCK-8-un.,NOSOTRAS,Perfumería,Protección femenina,""
7790770602087,toalla CALIPSO normal 16U PAQ-16-un.,CALIPSO,Perfumería,Protección femenina,""
7790770602100,toalla CALIPSO sup anatomico 16u PAQ-16-un.,CALIPSO,Perfumería,Protección femenina,""
7790940216243,toalla femenina DONCELLA nocturna 8u BSA-8-un.,DONCELLA,Perfumería,Protección femenina,""
7794626014932,toalla femenina KOTEX esenc x8 BSA-8-un.,KOTEX,Perfumería,Protección femenina,""
7790010002622,toallas fem SIEMPRE LIBRE adapt plus 32U BSA-32-un.,SIEMPRE LIBRE,Perfumería,Protección femenina,""
7790010002691,toallas fem SIEMPRE LIBRE adplus alas BSA-8-un.,SIEMPRE LIBRE,Perfumería,Protección femenina,""
7790139101015,ALCOHOL 70 BIALCOHOL X 500ML,BIALCOHOL,Farmacia,Alcohol y antisépticos,""
7790139101022,ALCOHOL 70 BIALCOHOL x 1000ML,BIALCOHOL,Farmacia,Alcohol y antisépticos,""
7799054009505,ALCOHOL BORICADO FARMACITY X 100 ML,FARMACITY,Farmacia,Alcohol y antisépticos,""
7798024570564,ALCOHOL EN AEROSOL ASEPLUS X 240ML,ASEPLUS,Farmacia,Alcohol y antisépticos,""
7798094424187,ALCOHOL EN AEROSOL FARMACITY X260CC,FARMACITY,Farmacia,Alcohol y antisépticos,""
7798024570601,ALCOHOL EN GEL ASEPLUS X 500ML,ASEPLUS,Farmacia,Alcohol y antisépticos,""
7790139100964,ALCOHOL EN GEL BIALCOHOL C/GLICERINA X 250 ML,BIALCOHOL,Farmacia,Alcohol y antisépticos,""
7790139000493,ALCOHOL EN GEL BIALCOHOL X 500 ML,BIALCOHOL,Farmacia,Alcohol y antisépticos,""
7799054040447,ALCOHOL EN GEL FARMACITY KIDS CHICLE X 25 GR,FARMACITY KIDS,Farmacia,Alcohol y antisépticos,""
7799054040454,ALCOHOL EN GEL FARMACITY KIDS SANDIA X 25 GR,FARMACITY KIDS,Farmacia,Alcohol y antisépticos,""
7798094426273,ALCOHOL EN GEL FTY X 65ML ALOE,FARMACITY,Farmacia,Alcohol y antisépticos,""
7798094426280,ALCOHOL EN GEL FTY X 65ML CREMA HUMECTANTE,FARMACITY,Farmacia,Alcohol y antisépticos,""
7798245696517,ALCOHOL EN GEL FTY X 65ML NEUTRO,FARMACITY,Farmacia,Alcohol y antisépticos,""
7798094428710,ALCOHOL EN GEL FTY X 980ML ALOE BOMBA,FARMACITY,Farmacia,Alcohol y antisépticos,""
7792369337356,ALCOHOL EN GEL GEZZI POMO 100GR,Gezzi,Farmacia,Alcohol y antisépticos,""
7792369000250,ALCOHOL EN GEL GEZZI X 50GR,Gezzi,Farmacia,Alcohol y antisépticos,""
7790139000288,"ALCOHOL EN GEL NEUTRO, BIALCOHOL, 60 cm3",BIALCOHOL,Farmacia,Alcohol y antisépticos,""
7790139101053,ALCOHOL EN SPRAY 70 BIALCOHOL X 100 ML,BIALCOHOL,Farmacia,Alcohol y antisépticos,""
7798024570588,ALCOHOL EN SPRAY ASEPLUS X 200ML,ASEPLUS,Farmacia,Alcohol y antisépticos,""
7798024570557,ALCOHOL EN SPRAY ASEPLUS X 60ML,ASEPLUS,Farmacia,Alcohol y antisépticos,""
7790139100933,ALCOHOL EN SPRAY BIALCOHOL C/CLORHEXIDINA X 100ML,BIALCOHOL,Farmacia,Alcohol y antisépticos,""
7790139101046,ALCOHOL EN SPRAY BIALCOHOL X 500ML,BIALCOHOL,Farmacia,Alcohol y antisépticos,""
7799054036457,ALCOHOL EN SPRAY FARMACITY 70ML,FARMACITY,Farmacia,Alcohol y antisépticos,""
7792369337462,ALCOHOL EN SPRAY GEZZI 120ML,Gezzi,Farmacia,Alcohol y antisépticos,""
7792378113620,ALCOHOL ETIL 70° GLI,PUROC,Farmacia,Alcohol y antisépticos,""
7799054029329,ALCOHOL ETILICO 96 FARMACITY X 250 ML,FARMACITY,Farmacia,Alcohol y antisépticos,""
7790139100384,ALCOHOL ETILICO 96% ALCO PROTEC BOT 500 ML,ALCOPROTECT,Farmacia,Alcohol y antisépticos,""
7792378001682,ALCOHOL ETILICO 96ª,PUROCOL,Farmacia,Alcohol y antisépticos,""
7792378001699,ALCOHOL ETILICO 96º,PUROCOL,Farmacia,Alcohol y antisépticos,""
7790139003739,ALCOHOL ETILICO BIALCOHOL X 1000ML EXTRA NEUTRO,BIALCOHOL,Farmacia,Alcohol y antisépticos,""
7790139003616,ALCOHOL ETILICO BIALCOHOL X 250 ML,BIALCOHOL,Farmacia,Alcohol y antisépticos,""
7790139003630,ALCOHOL ETILICO BIALCOHOL X 500ML,BIALCOHOL,Farmacia,Alcohol y antisépticos,""
7790139000462,"ALCOHOL PURO, BIALCOHOL, 250 cm3",BIALCOHOL,Farmacia,Alcohol y antisépticos,""
7791274199288,ALGABO ALCOHOL EN SPRAY 125 ML,ALGABO,Farmacia,Alcohol y antisépticos,""
7791274199592,ALGABO ULTRA SANITIZANTE GEL EP 1LT,ALGABO,Farmacia,Alcohol y antisépticos,""
7790139000400,ALcohol etilico BIALCOHOL PET-1000-ml.,BIALCOHOL,Farmacia,Alcohol y antisépticos,""
7790139101121,Alcohol ALCOPROTECT  96° ALIMENTICIO BOT-1000-ml.,ALCOPROTECT,Farmacia,Alcohol y antisépticos,""
7790139100940,BIALCOHOL 70 SPRAY EMOLIENTE 100 ML,BIALCOHOL,Farmacia,Alcohol y antisépticos,""
7790139100858,BIALCOHOL GEL NEUTRO DOY PACK 250ML,BIALCOHOL,Farmacia,Alcohol y antisépticos,""
7790139100483,BIALCOHOL TOALLITAS HUMEDAS ANTIBAC 15U,BIALCOHOL,Farmacia,Alcohol y antisépticos,""
7798339190488,ESPADOL LIQUI SKINCA,ESPADOL DETTOL,Farmacia,Alcohol y antisépticos,""
7791199004544,LIFE QUALITY ALCOHOL SANIT AL 70 X250 ML,LIFE QUALITY,Farmacia,Alcohol y antisépticos,""
7791199004414,LIFE QUALITY ALCOHOL SANIT AL 70 X500 ML,LIFE QUALITY,Farmacia,Alcohol y antisépticos,""
7792378001668,MF ALCOHOL EN GEL,MF,Farmacia,Alcohol y antisépticos,""
7792378001644,MF ALCOHOL ETILI GEL,MF,Farmacia,Alcohol y antisépticos,""
7792378001729,MF ALCOHOL ETILICO 96 1LT,MF,Farmacia,Alcohol y antisépticos,""
7792378001712,MF ALCOHOL ETILICO 96 500 ML,MF,Farmacia,Alcohol y antisépticos,""
7792378001767,MF ALCOHOL GEL ALOE,MF,Farmacia,Alcohol y antisépticos,""
7792378113637,PUROCOL ALCOHOL ETILICO 70 1LT,PUROCOL,Farmacia,Alcohol y antisépticos,""
7799120003895,SOULCARE A ET X500ML,SOUL CARE,Farmacia,Alcohol y antisépticos,""
7798354467657,TOALLITAS ANTIBACTER,THYLO,Farmacia,Alcohol y antisépticos,""
7798302949051,TOALLITAS HUMEDAS PARA MANOS WAV POCKET 10U,WAV,Farmacia,Alcohol y antisépticos,""
7793008007012,agua oxigenada ISSUE BOT-120-ml.,ISSUE,Farmacia,Alcohol y antisépticos,""
7790139100728,alcohol BIALCOHOL 70° spray x100ml ATM-100-ml.,BIALCOHOL,Farmacia,Alcohol y antisépticos,""
7790139101435,alcohol al 70 BIALCOHOL 1L BOT-1000-ml.,BIALCOHOL,Farmacia,Alcohol y antisépticos,""
7790139100797,alcohol en gel BIALCOHOL emolient 250ML BOT-250-ml.,BIALCOHOL,Farmacia,Alcohol y antisépticos,""
7796551000127,alcohol etilico SAN IGINIO 70º 1000ml BOT-1000-ml.,SAN IGINIO,Farmacia,Alcohol y antisépticos,""
7796551000714,alcohol etilico SAN IGINIO 70º 1000ml BOT-1000-ml.,SAN IGINIO,Farmacia,Alcohol y antisépticos,""
7796551000066,alcohol etilico SAN IGINIO 96º 1000ml BOT-1000-ml.,SAN IGINIO,Farmacia,Alcohol y antisépticos,""
7796551000042,alcohol etilico SAN IGINIO 96º 500ml BOT-500-ml.,SAN IGINIO,Farmacia,Alcohol y antisépticos,""
7796551000059,alcohol etilico SAN IGINIO96º 250ml BOT-250-ml.,SAN IGINIO,Farmacia,Alcohol y antisépticos,""
7790139003807,alcohol fino BIALCOHOL x 500ml BOT-500-ml.,BIALCOHOL,Farmacia,Alcohol y antisépticos,""
7796733098751,APPER GEL FRIO CALOR,APPER,Farmacia,Aparatos y accesorios médicos,""
7796733000297,APPER GEL FRIO CALOR CHICO 10X17,APPER,Farmacia,Aparatos y accesorios médicos,""
7790808034255,ASPEN BALANZA MECANICA 120 KG,ASPEN,Farmacia,Aparatos y accesorios médicos,""
7790808036693,ASPEN TERMOMETRO DIGITAL FRENTE OIDO,ASPEN,Farmacia,Aparatos y accesorios médicos,""
4580193651389,CITIZEN TERMOMETRO DIGITAL ALARMA ALERTA,SILFAB,Farmacia,Aparatos y accesorios médicos,""
7791914552497,CORONET TENSIO DIG M,CORONET,Farmacia,Aparatos y accesorios médicos,""
7791914008741,CORONET TEST EMBARAZ,CORONET,Farmacia,Aparatos y accesorios médicos,""
7796285273941,EVATEST CLASSIC TEST EMBARAZO,EVATEST,Farmacia,Aparatos y accesorios médicos,""
7796285286828,EVATEST EASY PLUS TEST DE EMBARAZO,EVATEST,Farmacia,Aparatos y accesorios médicos,""
7796285284565,EVATEST SIMPLE,EVATEST,Farmacia,Aparatos y accesorios médicos,""
7791914551834,EXATHERM TERM CLINIC,EXATHERM,Farmacia,Aparatos y accesorios médicos,""
7791914009663,EXATHERM TERM DIGITA,EXATHERM,Farmacia,Aparatos y accesorios médicos,""
7798028884926,FIDES TENSIOMETR DIG,FIDES,Farmacia,Aparatos y accesorios médicos,""
7640164865195,HOMECHECK INFLAMACIO,HOMECHECK,Farmacia,Aparatos y accesorios médicos,""
7640164865188,HOMECHECK VITAMINA D,HOMECHECK,Farmacia,Aparatos y accesorios médicos,""
8004200214054,MAPA BOLSA AGUA CALIENTE CLASICA,MAPA,Farmacia,Aparatos y accesorios médicos,""
7794440014088,MAPA BOLSA AGUA CALIENTE FUNDA,MAPA,Farmacia,Aparatos y accesorios médicos,""
7794207000149,MATER TEST EMBARAZO,MATER TEST,Farmacia,Aparatos y accesorios médicos,""
0652217025804,MAVERICK NEBULIZADOR,MAVERICK,Farmacia,Aparatos y accesorios médicos,""
7798432060145,MAVERICK TEN DIG VOZ,MAVERICK,Farmacia,Aparatos y accesorios médicos,""
7798344320498,Mascara Protectora Facial 2Life BLI-1-un.,2LIFE,Farmacia,Aparatos y accesorios médicos,""
7798028882625,SILFAB AEROCAMARA PEDIATRICO,SILFAB,Farmacia,Aparatos y accesorios médicos,""
7798028884223,SILFAB ALMOHADILLA FUNDA DESMONT LARGE,SILFAB,Farmacia,Aparatos y accesorios médicos,""
7798028884179,SILFAB BALANZA PERSONAL DIGITAL,SILFAB,Farmacia,Aparatos y accesorios médicos,""
7798028880904,SILFAB KIT DE MANGUERAS Y MASCARA,SILFAB,Farmacia,Aparatos y accesorios médicos,""
7798028884797,SILFAB NEBU MINIMESH,SILFAB,Farmacia,Aparatos y accesorios médicos,""
7798028882687,SILFAB NEBULIZADOR A PISTON PIXEL PIPETA,SILFAB,Farmacia,Aparatos y accesorios médicos,""
7798028883769,SILFAB NEBULIZADOR ULTRASONICO NUOVO,SILFAB,Farmacia,Aparatos y accesorios médicos,""
7798028883783,SILFAB OXIMETRO DE PULSO,SILFAB,Farmacia,Aparatos y accesorios médicos,""
7799080007049,TAPABOCAS BLANCO,SIN MARCA,Farmacia,Aparatos y accesorios médicos,""
7799080007056,TAPABOCAS BLANCO,SIN MARCA,Farmacia,Aparatos y accesorios médicos,""
7798094541532,WELLBRACE COLLAR CERVICAL ESPUMA L,WELLBRACE,Farmacia,Aparatos y accesorios médicos,""
7798094541525,WELLBRACE COLLAR CERVICAL ESPUMA S,WELLBRACE,Farmacia,Aparatos y accesorios médicos,""
7805070400810,3M CINTA TRANSPORE 25X91,3M,Farmacia,Apósitos y vendas,""
7790064000124,ALGODON CLASICO,ESTRE,Farmacia,Apósitos y vendas,""
7798245693417,ALGODON CLASICO FTY 75 GR,FARMACITY,Farmacia,Apósitos y vendas,""
7791102046913,ALGODON COOPERATIVA,COOPERATIVA,Farmacia,Apósitos y vendas,""
7791102046920,ALGODON COOPERATIVA,COOPERATIVA,Farmacia,Apósitos y vendas,""
7790940000033,ALGODON DONCELLA SUPER X 100 GR,DONCELLA,Farmacia,Apósitos y vendas,""
7790940000040,ALGODON DONCELLA SUPER X 200 GR,DONCELLA,Farmacia,Apósitos y vendas,""
7790064001718,ALGODON ESTRELLA SUPER 200 G,ESTRELLA,Farmacia,Apósitos y vendas,""
7790064000261,ALGODON FAMILI CLASI,ESTRELLA,Farmacia,Apósitos y vendas,""
7798245695589,ALGODON FARMACITY COMUN 100GR,FARMACITY,Farmacia,Apósitos y vendas,""
7798245695596,ALGODON FARMACITY COMUN 200GR,FARMACITY,Farmacia,Apósitos y vendas,""
7798101910016,ALGODON HIDROF SUPER,EJEMP,Farmacia,Apósitos y vendas,""
7790940000026,ALGODON HIDROFILO CLASICO DONCELLA X 140 GRS,DONCELLA,Farmacia,Apósitos y vendas,""
7790064000230,ALGODON HIDROFILO PREMIUM ESTRELLA X 75 GRS,ESTRELLA,Farmacia,Apósitos y vendas,""
7790940123268,ALGODON P PRECIO,PRIMER PRECIO,Farmacia,Apósitos y vendas,""
7790940123275,ALGODON P PRECIO,PRIMER PRECIO,Farmacia,Apósitos y vendas,""
7790064001725,ALGODON SUPER ESTRELLA X 400 GRS,ESTRELLA,Farmacia,Apósitos y vendas,""
7799054004982,ALGODON SUPER FARMACITY 100GR,FARMACITY,Farmacia,Apósitos y vendas,""
7799054004999,ALGODON SUPER FARMACITY 200GR,FARMACITY,Farmacia,Apósitos y vendas,""
7799054039977,ALGODON SUPER PRECORTADO 75 GR FARMACITY,FARMACITY,Farmacia,Apósitos y vendas,""
7702003010743,APOSITOS DE TELA,CURIT,Farmacia,Apósitos y vendas,""
4005800338625,APOSITOS DE TELA FLEXIBLE CURITAS X 16 UNI,CURITAS,Farmacia,Apósitos y vendas,""
7501054550044,APOSITOS DISNEY MARVEL CURITAS X 20 UNI,CURITAS,Farmacia,Apósitos y vendas,""
7702003010736,APOSITOS TELA,CURIT,Farmacia,Apósitos y vendas,""
0051131223004,BANDITAS NEX CARE,NEXCARE,Farmacia,Apósitos y vendas,""
7501054550563,CURITAS APOSITOS TRANSPIEL SURTIDA 40UN,CURITAS,Farmacia,Apósitos y vendas,""
4006000107301,CURITAS AQ PROT KIDS,CURITAS,Farmacia,Apósitos y vendas,""
4005800353772,CURITAS AQUA PROT XL,CURITAS,Farmacia,Apósitos y vendas,""
7501054550631,CURITAS AQUA PROTECT XXL,CURITAS,Farmacia,Apósitos y vendas,""
4005800208690,CURITAS BE HAPPY 16 APOSITOS,CURITAS,Farmacia,Apósitos y vendas,""
4005900942791,CURITAS FLEXIBLE EXTRA LARGA 10,CURITAS,Farmacia,Apósitos y vendas,""
7501054542896,CURITAS FROZEN II,CURIT,Farmacia,Apósitos y vendas,""
7702003010798,CURITAS MANIA 20 APOSITOS,CURITAS,Farmacia,Apósitos y vendas,""
7501054550990,CURITAS MANIA UNICOR,CURITAS,Farmacia,Apósitos y vendas,""
7501054550648,CURITAS SENSITIVE 20 APOSITOS,CURITAS,Farmacia,Apósitos y vendas,""
7790940003065,DONCELLA ALGODON CLASICO 500GR,DONCELLA,Farmacia,Apósitos y vendas,""
7790940112996,DONCELLA ALGODON PREM PRECORTA 100GR,DONCELLA,Farmacia,Apósitos y vendas,""
7790064001664,ESTRELLA ALGODON 500,ESTRELLA,Farmacia,Apósitos y vendas,""
7790064001954,ESTRELLA ALGODON PRECORTADO 100GR,ESTRELLA,Farmacia,Apósitos y vendas,""
7790064000247,ESTRELLA PREMIUM 150 GR ALGODON,ESTRELLA,Farmacia,Apósitos y vendas,""
7805070361302,NEXCARE OPTIL AD 20U,NEXCARE,Farmacia,Apósitos y vendas,""
7805070361296,NEXCARE OPTIL PE 20U,NEXCARE,Farmacia,Apósitos y vendas,""
7792840953105,NEXCARE OPTILC AD 5U,NEXCARE,Farmacia,Apósitos y vendas,""
7792840953099,NEXCARE OPTILC PE 5U,NEXCARE,Farmacia,Apósitos y vendas,""
7805070400872,NEXCARE STERI STRIP,NEXCARE,Farmacia,Apósitos y vendas,""
7798128675356,PROFIT VENDA DEPORTIVA NEGRO,PROFIT,Farmacia,Apósitos y vendas,""
7798128674342,PROFIT VENDA ELASTICA AUTOADHEREN BEIGE,PROFIT,Farmacia,Apósitos y vendas,""
7790773090058,QSOFT APOS HIPOA 10U,Q SOFT,Farmacia,Apósitos y vendas,""
7798128670160,WELLBRACE VENDA ELASTICA ALGODON,WELLBRACE,Farmacia,Apósitos y vendas,""
7790940003089,algodón DONCELLA PAQ-300-gr.,DONCELLA,Farmacia,Apósitos y vendas,""
7790940003034,algodón DONCELLA PAQ-70-gr.,DONCELLA,Farmacia,Apósitos y vendas,""
7790064001701,algodón ESTRELLA Familiar super PAQ-100-gr.,ESTRELLA,Farmacia,Apósitos y vendas,""
7790064000131,algodón ESTRELLA PAQ-300-gr.,ESTRELLA,Farmacia,Apósitos y vendas,""
7702003010750,apositos CURITAS tela x10u CJA-10-un.,CURITAS,Farmacia,Apósitos y vendas,""
0015594010106,ASTROGLIDE GEL 113ML,ASTROGLIDE,Farmacia,Preservativos,""
7795371000423,FALIC EXITACION GEL,FALIC,Farmacia,Preservativos,""
7795371459245,FALIC GEL LUBRICA,FALIC,Farmacia,Preservativos,""
7791014003004,GEL INTIMO CLASICO TULIPAN X 30 GRS,TULIPAN,Farmacia,Preservativos,""
7791014003042,GEL TULIPAN L-ARGININA,TULIPAN,Farmacia,Preservativos,""
7798171947011,MAXX GEL LUBRICANTE LADO B 30GR,MAXX,Farmacia,Preservativos,""
7798171946816,MAXX PRESERVATIVO ESPERMICIDA X12,MAXX,Farmacia,Preservativos,""
7798171946496,MAXX PRESERVATIVO SUPER LUBRICADO X6,MAXX,Farmacia,Preservativos,""
7798171946823,MAXX PRESERVATIVO TACHAS X12,MAXX,Farmacia,Preservativos,""
7798171946366,MAXX PRESERVATIVO TACHAS X3,MAXX,Farmacia,Preservativos,""
7798171947141,MAXX PRESERVATIVO ULTRA FINO X12,MAXX,Farmacia,Preservativos,""
7798140258124,MULTI O HOTSEX 50 GR,MULTI O,Farmacia,Preservativos,""
7798171946328,PRESERV SUPER FINOS,MAXX,Farmacia,Preservativos,""
7798171948933,PRESERV. MAXX 3 en 1 X 3,Maxx,Farmacia,Preservativos,""
7798171948964,PRESERV. MAXX EUFORIA X 12,Maxx,Farmacia,Preservativos,""
7798171948957,PRESERV. MAXX EUFORIA X 3,Maxx,Farmacia,Preservativos,""
7798171946434,PRESERV. MAXX SUPER FINO X 12,Maxx,Farmacia,Preservativos,""
7798171946397,PRESERV. MAXX SUPER LUBRICADO X 12,Maxx,Farmacia,Preservativos,""
7798171946267,PRESERV. MAXX SUPER LUBRICADO X3,Maxx,Farmacia,Preservativos,""
7798171946410,PRESERV. MAXX TEXTURADO X 12,Maxx,Farmacia,Preservativos,""
7798171946281,PRESERV. MAXX TEXTURADO X3,Maxx,Farmacia,Preservativos,""
7791519700637,PRESERV. PRIME X 12 CON TACHAS,PRIME,Farmacia,Preservativos,""
7791519000102,PRESERV. PRIME X 12 ESPERM,PRIME,Farmacia,Preservativos,""
7791519700699,PRESERV. PRIME X 12 EXTRA LUBRICADO,PRIME,Farmacia,Preservativos,""
7791519702129,PRESERV. PRIME X 12 RETARDANTE,PRIME,Farmacia,Preservativos,""
7791519000072,PRESERV. PRIME X 12 SUPERFINO,PRIME,Farmacia,Preservativos,""
7791519000096,PRESERV. PRIME X 12 TEXTURADOS,PRIME,Farmacia,Preservativos,""
7791519701085,PRESERV. PRIME X 12 ULTRA FINO,PRIME,Farmacia,Preservativos,""
7791519701030,PRESERV. PRIME X 3 MEGA,PRIME,Farmacia,Preservativos,""
7791519702112,PRESERV. PRIME X 3 RETARDANTE,PRIME,Farmacia,Preservativos,""
7791519200045,PRESERV. PRIME X 3 SUPERFINO,PRIME,Farmacia,Preservativos,""
7791519200069,PRESERV. PRIME X 3 TEXTUR,PRIME,Farmacia,Preservativos,""
7791519701061,PRESERV. PRIME X 3 ULTRA FINO,PRIME,Farmacia,Preservativos,""
7791519701856,PRESERV. PRIME X 3 WARMING,PRIME,Farmacia,Preservativos,""
7791519704734,PRESERV. PRIME ZERO X 12,PRIME,Farmacia,Preservativos,""
7791519702754,PRESERV. PRIME ZERO X 3,PRIME,Farmacia,Preservativos,""
7791014122323,PRESERV. TULIPAN X 3 BIG,TULIPAN,Farmacia,Preservativos,""
7791014122354,PRESERV. TULIPAN X12 BIG,TULIPAN,Farmacia,Preservativos,""
7791014001314,PRESERV. TULIPAN X12 CLASICO BL,TULIPAN,Farmacia,Preservativos,""
7791014001338,PRESERV. TULIPAN X12 SUPER FINO NEGRO,TULIPAN,Farmacia,Preservativos,""
7791014001321,PRESERV. TULIPAN X12 TEXT ROJO,TULIPAN,Farmacia,Preservativos,""
7791014121371,PRESERV. TULIPAN X12 ULTRAFINO,TULIPAN,Farmacia,Preservativos,""
7791014001345,PRESERV. TULIPAN X12 ULTRAR AZUL,TULIPAN,Farmacia,Preservativos,""
7791014090325,PRESERV. TULIPAN X3 CLASICO BL,TULIPAN,Farmacia,Preservativos,""
7791014121753,PRESERV. TULIPAN X3 DOBLE PLACER,TULIPAN,Farmacia,Preservativos,""
7791014001765,PRESERV. TULIPAN X3 NEON,TULIPAN,Farmacia,Preservativos,""
7791014001772,PRESERV. TULIPAN X3 RETARD TURQUESA,TULIPAN,Farmacia,Preservativos,""
7791014122088,PRESERV. TULIPAN X3 TATTOO PLACER EXTREMO,TULIPAN,Farmacia,Preservativos,""
7791014090332,PRESERV. TULIPAN X3 TEXT ROJO,TULIPAN,Farmacia,Preservativos,""
7791014001802,PRESERV. TULIPAN X3 ULTRAFINO,TULIPAN,Farmacia,Preservativos,""
7791519704581,PRESERVATIO ZERO PRIME X 6 UNI,PRIME,Farmacia,Preservativos,""
7798194560129,PRESERVATIVO CLASICO PLAYBOY CAJA X 3 UNI,PLAYBOY,Farmacia,Preservativos,""
7791519704611,PRESERVATIVO ESPERMICIDA PRIME X 6 UNI,PRIME,Farmacia,Preservativos,""
7798194560051,PRESERVATIVO EXTRA LUBRICADO PLAYBOY CAJA X 3 UNI,PLAYBOY,Farmacia,Preservativos,""
7791519704598,PRESERVATIVO EXTRA LUBRICADO PRIME X 6 UNI,PRIME,Farmacia,Preservativos,""
7798171947585,PRESERVATIVO L ARGIN,MAXX,Farmacia,Preservativos,""
7791519704628,PRESERVATIVO RETARDANTE PRIME X 6 U NI,PRIME,Farmacia,Preservativos,""
7798194560037,PRESERVATIVO TEXTURADO PLAYBOY CAJA X 3 UNI,PLAYBOY,Farmacia,Preservativos,""
7791519704642,PRESERVATIVO TEXTURADO PRIME X 6 UNI,PRIME,Farmacia,Preservativos,""
7798194560013,PRESERVATIVO ULTRA FINO PLAYBOY CAJA X 3 UNI,PLAYBOY,Farmacia,Preservativos,""
0000002674407,PRESERVATIVOS,PRIME,Farmacia,Preservativos,""
7791014001512,PRESERVATIVOS CLASSIC TULIPAN X 6 UNI,TULIPAN,Farmacia,Preservativos,""
7798171946489,"PRESERVATIVOS SUPER FINO, MAXX, 6 cu",MAXX,Farmacia,Preservativos,""
7791014001536,PRESERVATIVOS TULIPAN SUPER FINO BLI 6 UNI,TULIPAN,Farmacia,Preservativos,""
7791014121906,PRESERVATIVOS ULTRAFINOS TULIPAN BLI 6 UNI,TULIPAN,Farmacia,Preservativos,""
7791519704338,PRIME GEL EXCITE 30 ML,PRIME,Farmacia,Preservativos,""
7791519704321,PRIME GEL HOT PLEASUSURE 30 ML,PRIME,Farmacia,Preservativos,""
7791519200021,PRIME PRESERVATIVO ANATOMICO 3 UNIDADES,PRIME,Farmacia,Preservativos,""
7791519702778,PRIME SKYN ELITE X 3,PRIME,Farmacia,Preservativos,""
7791519702921,PRIME SKYN ELITE X 6,PRIME,Farmacia,Preservativos,""
7791519706134,PRIME SKYN EXCITATION X 3,PRIME,Farmacia,Preservativos,""
7791519706141,PRIME SKYN EXCITATION X 6,PRIME,Farmacia,Preservativos,""
7791519705205,PRIME SKYN EXTRA LARGE X 3 UN,PRIME,Farmacia,Preservativos,""
7791519705212,PRIME SKYN EXTRA LARGE X 6 UN,PRIME,Farmacia,Preservativos,""
7791519702792,PRIME SKYN EXTRA LUBRICADO X 3,PRIME,Farmacia,Preservativos,""
7791519702945,PRIME SKYN EXTRA LUBRICADO x 6,PRIME,Farmacia,Preservativos,""
7791519702785,PRIME SKYN TEXTURADO X 3,PRIME,Farmacia,Preservativos,""
7791519702938,PRIME SKYN TEXTURADO X6,PRIME,Farmacia,Preservativos,""
7791519702099,PRIME SKYN X 3,PRIME,Farmacia,Preservativos,""
7791519702105,PRIME SKYN X 6,PRIME,Farmacia,Preservativos,""
7791519001253,PRIME TOUCH 200 ML,PRIME,Farmacia,Preservativos,""
7791519704635,preservativo PRIME tachas + gel x6 CJA-6-un.,PRIME,Farmacia,Preservativos,""
7791519704604,preservativo PRIME ultra fino + gel x6 CJA-6-un.,PRIME,Farmacia,Preservativos,""
7798119960591,ACEITE PESCADO 60 UN,GEONAT,Farmacia,Suplementos y vitaminas,""
7798119960669,AJO 1000 30 COMP,GEONAT,Farmacia,Suplementos y vitaminas,""
7798019960165,ALBU HUEVO POL CHOCO,SIN MARCA,Farmacia,Suplementos y vitaminas,""
7798008191013,AMPK CHOCOLATE 506GR,AMPK,Farmacia,Suplementos y vitaminas,""
7798008191396,AMPK CREATINA 150 GR,AMPK,Farmacia,Suplementos y vitaminas,""
7798008191617,AMPK CREATINA 300GR,AMPK,Farmacia,Suplementos y vitaminas,""
7798008191051,AMPK VAINILLA 506 GR,AMPK,Farmacia,Suplementos y vitaminas,""
7798008190467,CADOS VIT K2 30 COMP,CADOS,Farmacia,Suplementos y vitaminas,""
7798008190719,CAPSKRILL KIRLL 40UN,CAPSKRILL,Farmacia,Suplementos y vitaminas,""
7794640173257,CENTRUM BASE 30 UN,CENTRUM,Farmacia,Suplementos y vitaminas,""
7794640173264,CENTRUM BASE 60 UN,CENTRUM,Farmacia,Suplementos y vitaminas,""
7794640173592,CENTRUM ESSENCIAL 30,CENTRUM,Farmacia,Suplementos y vitaminas,""
7794640173318,CENTRUM SILVER 30 UN,CENTRUM,Farmacia,Suplementos y vitaminas,""
7794640173325,CENTRUM SILVER 60 UN,CENTRUM,Farmacia,Suplementos y vitaminas,""
7795371459559,CIANOCABALAMINA 2000,BLUE VIT,Farmacia,Suplementos y vitaminas,""
7798119969488,CITRATO MAGNES K2 D3,DR. FOOD,Farmacia,Suplementos y vitaminas,""
7798119969402,COLAGENO 500 60 COMP,GEONAT,Farmacia,Suplementos y vitaminas,""
7798119960188,COLAGENO ANTIA 60 CO,GEONAT,Farmacia,Suplementos y vitaminas,""
7798008191068,DIGECAPS ENZ 30 CAPS,DIGECAPS,Farmacia,Suplementos y vitaminas,""
7792981010026,ENA CREATINA MICRONIZADA NEUTRO 300 GR,ENA,Farmacia,Suplementos y vitaminas,""
7792981062018,ENA WHEY PROTEIN CHOCOLATE 930 GR,ENA,Farmacia,Suplementos y vitaminas,""
7792981060021,ENA WHEY PROTEIN VANILLA 930 GR,ENA,Farmacia,Suplementos y vitaminas,""
6922244701847,ENSURE ADVANCE  VAINILLA X 400 G,ENSURE,Farmacia,Suplementos y vitaminas,""
8427030009360,ENSURE ADVANCE CHOCOLATE X 400G,ENSURE,Farmacia,Suplementos y vitaminas,""
8710428019516,ENSURE ADVANCE SHAKE CAFE X 220 ML,ENSURE,Farmacia,Suplementos y vitaminas,""
8710428011473,ENSURE ADVANCE SHAKE VAINILLA X 220 ML,ENSURE,Farmacia,Suplementos y vitaminas,""
6922244701854,ENSURE ADVANCE VAINILLA X 850 GR,ENSURE,Farmacia,Suplementos y vitaminas,""
8710428018014,ENSURE PLUS CHOCOLATE X 220 ML,ENSURE,Farmacia,Suplementos y vitaminas,""
8710428018038,ENSURE PLUS VAINILLA X 220 ML,ENSURE,Farmacia,Suplementos y vitaminas,""
6922244700710,ENSURE POLVO VAINILLA X 1200 GRS,ENSURE,Farmacia,Suplementos y vitaminas,""
6922244700697,ENSURE POLVO VAINILLA X 400 GRS,ENSURE,Farmacia,Suplementos y vitaminas,""
6922244700703,ENSURE POLVO VAINILLA X 800 GRS,ENSURE,Farmacia,Suplementos y vitaminas,""
7798119969631,FLEX ADVANCE 375 GR,GEONAT,Farmacia,Suplementos y vitaminas,""
7798008191679,FLORAGUT B420 30CAPS,FLORAGUT,Farmacia,Suplementos y vitaminas,""
7798008191518,FLORAGUT PROBIOT 2GR,FLORAGUT,Farmacia,Suplementos y vitaminas,""
7795323001058,FORTINI  VAINILLA LATA X 400 GR,FORTINI,Farmacia,Suplementos y vitaminas,""
7795323001041,FORTINI NEUTRO LATA X 400 GR,FORTINI,Farmacia,Suplementos y vitaminas,""
8712400151993,FORTISIP  CHOCOLATE BOT X 200 ML,FORTISIP,Farmacia,Suplementos y vitaminas,""
4008976681854,FORTISIP MAX NEUTRO X 350 G,FORTISIP,Farmacia,Suplementos y vitaminas,""
4008976681878,FORTISIP MAX NEUTRO X 700GR,FORTISIP,Farmacia,Suplementos y vitaminas,""
4008976681861,FORTISIP MAX VAINILLA LATA X 350 G,FORTISIP,Farmacia,Suplementos y vitaminas,""
8712400152358,FORTISIP VAINILLA BOT X 200 ML,FORTISIP,Farmacia,Suplementos y vitaminas,""
7795513274767,FUVENTUD MOBI 15 SOB,FUVENTUD,Farmacia,Suplementos y vitaminas,""
7795379100897,GENEO COLAGE Q10 250,NATUFARMA,Farmacia,Suplementos y vitaminas,""
8427030008929,GLUCERNA VAIN.LATA NF X 850 GR,GLUCERNA,Farmacia,Suplementos y vitaminas,""
8427030008912,GLUCERNA VAIN.LATA X 400 G,GLUCERNA,Farmacia,Suplementos y vitaminas,""
7795379100057,GNO BEAUTY COMP 30U,NATUFARMA,Farmacia,Suplementos y vitaminas,""
7798008191099,GOODSKING COLAG 15U,GOODSKIN,Farmacia,Suplementos y vitaminas,""
7795513181355,GRAVITON MGK 20 UN,GRAVITON,Farmacia,Suplementos y vitaminas,""
7795513274675,GRAVITON PROTEI 20UN,GRAVITON,Farmacia,Suplementos y vitaminas,""
7798119969655,GUMMIES MULTIVI 90UN,DR. FOOD,Farmacia,Suplementos y vitaminas,""
7798119969242,KIDS VIT C ZINC 30UN,DR. FOOD,Farmacia,Suplementos y vitaminas,""
7798119969228,LATOBACILLUS LRG 30C,GEONAT,Farmacia,Suplementos y vitaminas,""
7798119960232,MAGNESIO 400 30 COMP,GEONAT,Farmacia,Suplementos y vitaminas,""
7798008191433,METASITOL 60 CAPS,METASITOL,Farmacia,Suplementos y vitaminas,""
7798008191686,METASITOL POLVO 60GR,METASITOL,Farmacia,Suplementos y vitaminas,""
7798008191662,METASITOL RI 60 CAPS,METASITOL,Farmacia,Suplementos y vitaminas,""
7798334587887,MOLE COLAGENO 400 GR,MOLE,Farmacia,Suplementos y vitaminas,""
7798334587795,MOLE CREATINA 450 GR,MOLE,Farmacia,Suplementos y vitaminas,""
7795379120017,NATUFARMA BODY FORT HAIR 30 UN,NATUFARMA,Farmacia,Suplementos y vitaminas,""
7795379120024,NATUFARMA BODY FORT SKIN HAIR NAILS,NATUFARMA,Farmacia,Suplementos y vitaminas,""
7795379100583,NATUFARMA CALCIO 500 CON VITAMINA D,NATUFARMA,Farmacia,Suplementos y vitaminas,""
7795379101085,NATUFARMA CAROTENOS,NATUFARMA,Farmacia,Suplementos y vitaminas,""
7795379100927,NATUFARMA CHIA 30 UN,NATUFARMA,Farmacia,Suplementos y vitaminas,""
7795379100064,NATUFARMA GENEO 45,NATUFARMA,Farmacia,Suplementos y vitaminas,""
7795379101061,NATUFARMA LEVADURA DE CERVEZA,NATUFARMA,Farmacia,Suplementos y vitaminas,""
7795379100910,NATUFARMA OMEGA 3,NATUFARMA,Farmacia,Suplementos y vitaminas,""
7795379101108,NATUFARMA VALERIANA,NATUFARMA,Farmacia,Suplementos y vitaminas,""
7792981004155,NATULIV SUPLEMENTO DIETARIO VIT C 30 UN,NATULIV,Farmacia,Suplementos y vitaminas,""
7792981004186,NATULIV TRIPLE INMUNIDAD 30 COMP,VITAMIN WATER,Farmacia,Suplementos y vitaminas,""
7792981004209,NATULIV VITAMINA C 15 SOBRES,ENA,Farmacia,Suplementos y vitaminas,""
7792981004223,NATULIV VITAMINA D 30 COMP SUP DIE,ENA,Farmacia,Suplementos y vitaminas,""
7795379100965,NTF ACEITE PESC 60UN,NATUFARMA,Farmacia,Suplementos y vitaminas,""
7795379100248,NTF GINKGO 40 MG 60U,NATUFARMA,Farmacia,Suplementos y vitaminas,""
7795379100743,NTF MAGNES SPORT 30U,NATUFARMA,Farmacia,Suplementos y vitaminas,""
7795379400195,NTF MAGNESIO 100 60U,NATUFARMA,Farmacia,Suplementos y vitaminas,""
7795379100545,NTF NATULAX PLUS 40U,NATUFARMA,Farmacia,Suplementos y vitaminas,""
7891000418840,NUTREN 1.5 VAINILLA X 200 ML,NUTREN,Farmacia,Suplementos y vitaminas,""
7891000410141,NUTREN CHOCOLA 260CC,NUTREN,Farmacia,Suplementos y vitaminas,""
7891000401972,NUTREN CONTROL VAINILLA X 740 GR,NUTREN,Farmacia,Suplementos y vitaminas,""
7891000415597,NUTREN SENIOR RTD CHOCOLATE X 200 ML,NUTREN,Farmacia,Suplementos y vitaminas,""
7891000415559,NUTREN SENIOR RTD VAINILLA X 200 ML,NUTREN,Farmacia,Suplementos y vitaminas,""
7891000410066,NUTREN VAINILL 260CC,NUTREN,Farmacia,Suplementos y vitaminas,""
0614143473463,OMEGAN 30 UN,OMEGAN,Farmacia,Suplementos y vitaminas,""
0614143474064,OMEGAN 60 UN,OMEGAN,Farmacia,Suplementos y vitaminas,""
6922244701823,PEDIASURE COMP. CHOCOLATE X 400 G,PEDIASURE,Farmacia,Suplementos y vitaminas,""
6922244701809,PEDIASURE COMP. VAINILLA NF  X 400 GR,PEDIASURE,Farmacia,Suplementos y vitaminas,""
6922244701816,PEDIASURE COMP. VAINILLA X 850 GR,PEDIASURE,Farmacia,Suplementos y vitaminas,""
8710428024848,PEDIASURE PLUS BOT VAINILLA NF X 220 ML,PEDIASURE,Farmacia,Suplementos y vitaminas,""
7790580137991,Proteina en Polvo RAPTOR Vainilla x980g CJA-980-gr.,RAPTOR,Farmacia,Suplementos y vitaminas,""
7798008191570,QUELAT CITR MAG 30UN,QUELAT,Farmacia,Suplementos y vitaminas,""
7798008190757,QUELAT MAGNESIO 30UN,QUELAT,Farmacia,Suplementos y vitaminas,""
7798008190726,QUELAT MINERAL 30 UN,QUELAT,Farmacia,Suplementos y vitaminas,""
7790580138004,RAPTOR W PRO C 1008G,RAPTOR,Farmacia,Suplementos y vitaminas,""
7798119960492,REVERATROL 30 COMP,GEONAT,Farmacia,Suplementos y vitaminas,""
7798008190382,SELE200 30 COMP,SELE200,Farmacia,Suplementos y vitaminas,""
7790580119614,SIMPLE Calcio + Vitamina D FCO-282-gr.,SIMPLE,Farmacia,Suplementos y vitaminas,""
7790580118082,SIMPLE Vitalidad FCO-240-gr.,SIMPLE,Farmacia,Suplementos y vitaminas,""
7790580125684,Suplemento SIMPLE Calcio + Vitamina D DOY-132-gr.,SIMPLE,Farmacia,Suplementos y vitaminas,""
7790580125592,Suplemento SIMPLE Defensa Inmuno12 240g FCO-240-gr.,SIMPLE,Farmacia,Suplementos y vitaminas,""
7790580124434,Suplemento Simple Defensas  X112gr DOY-112-gr.,SIMPLE,Farmacia,Suplementos y vitaminas,""
7798008191204,TELOMERINA NAD 30UN,TELOMERINA,Farmacia,Suplementos y vitaminas,""
7798119969679,TREONATO MAGNES 60CO,GEONAT,Farmacia,Suplementos y vitaminas,""
7795371459610,ULTRAFLEX 15 SOBRES,ULTRAFLEX,Farmacia,Suplementos y vitaminas,""
7795371459672,ULTRAFLEX GLUCO 15UN,ULTRAFLEX,Farmacia,Suplementos y vitaminas,""
7795371459443,ULTRAFLEX LATA,ULTRAFLEX,Farmacia,Suplementos y vitaminas,""
7795371459627,ULTRAFLEX MAG 15 SOB,ULTRAFLEX,Farmacia,Suplementos y vitaminas,""
7798119969266,VEGAONE B12 30 COMP,GEONAT,Farmacia,Suplementos y vitaminas,""
7797330108089,VIA NATURAL COLAGENO EN POLVO 30 SOBRES,VIA NATURAL,Farmacia,Suplementos y vitaminas,""
7798008293878,VIT WAY ACIDO HIAL,VITAMIN WAY,Farmacia,Suplementos y vitaminas,""
7798008293373,VIT WAY ARANDANO URY,VITAMIN WAY,Farmacia,Suplementos y vitaminas,""
7798008295520,VIT WAY CAB PIEL UNA,VITAMIN WAY,Farmacia,Suplementos y vitaminas,""
7798008294196,VIT WAY CASCARA ALOE,VITAMIN WAY,Farmacia,Suplementos y vitaminas,""
7798008296527,VIT WAY CITR MAGN 30,VITAMIN WAY,Farmacia,Suplementos y vitaminas,""
7798008296534,VIT WAY CITR MAGN PO,VITAMIN WAY,Farmacia,Suplementos y vitaminas,""
7798008293526,VIT WAY COLAG CALCIO,VITAMIN WAY,Farmacia,Suplementos y vitaminas,""
7798008295049,VIT WAY COLAG FACIAL,VITAMIN WAY,Farmacia,Suplementos y vitaminas,""
7798008296510,VIT WAY COLAG HIDROL,VITAMIN WAY,Farmacia,Suplementos y vitaminas,""
7798008294202,VIT WAY MAGN POTASIO,VITAMIN WAY,Farmacia,Suplementos y vitaminas,""
7798008296275,VIT WAY MAGN STRESS,VITAMIN WAY,Farmacia,Suplementos y vitaminas,""
7798008295131,VIT WAY MAGNES SPORT,VITAMIN WAY,Farmacia,Suplementos y vitaminas,""
7798008296213,VIT WAY MULTIVIT VEG,VITAMIN WAY,Farmacia,Suplementos y vitaminas,""
7798008293144,VIT WAY OMEGA 3 60UN,VITAMIN WAY,Farmacia,Suplementos y vitaminas,""
7798008293434,VIT WAY OMEGA DUO,VITAMIN WAY,Farmacia,Suplementos y vitaminas,""
7798008296107,VIT WAY PROBI PREBIO,VITAMIN WAY,Farmacia,Suplementos y vitaminas,""
7798008294448,VIT WAY RELAX NOCHE,VITAMIN WAY,Farmacia,Suplementos y vitaminas,""
7798008293175,VIT WAY SPIRULINA,VITAMIN WAY,Farmacia,Suplementos y vitaminas,""
7798008294141,VIT WAY VIT C ZINC,VITAMIN WAY,Farmacia,Suplementos y vitaminas,""
7798008295872,VIT WAY VITAMINA D,VITAMIN WAY,Farmacia,Suplementos y vitaminas,""
7798008294424,VITAM WAY RELAX DIA,VITAMIN WAY,Farmacia,Suplementos y vitaminas,""
7798119969457,VITAMINA C 3ACC 30CO,GEONAT,Farmacia,Suplementos y vitaminas,""
7798119969617,VITAMINA D3 800 30CO,GEONAT,Farmacia,Suplementos y vitaminas,""
7798382385664,VITASALUD INMUNO DEF,VITASALUD,Farmacia,Suplementos y vitaminas,""
7798008296190,VITWAY COLAGENO HIAL,VITAMIN WAY,Farmacia,Suplementos y vitaminas,""
7798008296268,VITWAY CURC JENG PIM,VITAMIN WAY,Farmacia,Suplementos y vitaminas,""
7798008296251,VITWAY HAIR REPA MAX,VITAMIN WAY,Farmacia,Suplementos y vitaminas,""
7798008293885,VITWAY ISOFLAV SOJA,VITAMIN WAY,Farmacia,Suplementos y vitaminas,""
7798008296206,VITWAY MAGNES CALCIO,VITAMIN WAY,Farmacia,Suplementos y vitaminas,""
7791274199912,ALGABO KIDS LOCION,ALGABO KIDS,Farmacia,Venta libre y cremas medicinales,""
7795371000980,ARTROSIL GEL ROLLON,ARTROSIL,Farmacia,Venta libre y cremas medicinales,""
7798024550566,ATOMO ARNICA GEL,ATOMO,Farmacia,Venta libre y cremas medicinales,""
7798024550689,ATOMO ARNICA POTE,ATOMO,Farmacia,Venta libre y cremas medicinales,""
7793742003004,"CREMA BEBE CUIDADO DIARIO, HIPOGLOS, 40 gr",HIPOGLOS,Farmacia,Venta libre y cremas medicinales,""
7793742002984,CREMA HIPOGLOS CUIDADO DIARIO X 30 GR,HIPOGLOS,Farmacia,Venta libre y cremas medicinales,""
7793742002991,CREMA HIPOGLOS CUIDADO DIARIO X 90G,HIPOGLOS,Farmacia,Venta libre y cremas medicinales,""
7799054085684,CREMA PARA PASPADURAS FARMACITY BEBE X 50 GR,FARMACITY BEBE,Farmacia,Venta libre y cremas medicinales,""
7798140258285,DIABET TX CREMA PLUS,DIABET TX,Farmacia,Venta libre y cremas medicinales,""
7798140259992,DIABET TX EMUL 200ML,DIABET TX,Farmacia,Venta libre y cremas medicinales,""
7796285289331,EVAGINA GEL POMO 50 ML,EVAGINA,Farmacia,Venta libre y cremas medicinales,""
7794783000199,FUNGOXANSIST30CC,GLACOXAN,Farmacia,Venta libre y cremas medicinales,""
7795359000384,MUELITA FORTE X 10 G,MUELITA,Farmacia,Venta libre y cremas medicinales,""
7795359000322,MUELITA GEL PEDIATRICO GEL X 10 G,MUELITA,Farmacia,Venta libre y cremas medicinales,""
7796285283186,NOPUCID KIT AHORRO,NOPUCID,Farmacia,Venta libre y cremas medicinales,""
7798187652114,PANUELOS HUMEDOS FTY DESCONGESTIVOS CROSS X 15,FARMACITY,Farmacia,Venta libre y cremas medicinales,""
7792378002306,PUROCOL BARRITAS AZUFRE ESTUCHE,PUROCOL,Farmacia,Venta libre y cremas medicinales,""
0617308824094,Shiva carbón vegetal x 100 g SIN TACC PAQ-100-gr.,SHIVA,Farmacia,Venta libre y cremas medicinales,""
7798092840705,VAGISIL GEL HID 30GR,VAGISIL,Farmacia,Venta libre y cremas medicinales,""
8413853751005,VAGISIL SERUM 30 GR,VAGISIL,Farmacia,Venta libre y cremas medicinales,""
7793008018124,VN SAPOLAN,VILLENEUVE,Farmacia,Venta libre y cremas medicinales,""
7798193950099,ZONA LIBRE KIT,ZONA LIBRE,Farmacia,Venta libre y cremas medicinales,""
7798074284527,ZONA LIBRE SPRAY BIOREPEL PIOJO X60,ZONA LIBRE,Farmacia,Venta libre y cremas medicinales,""
8445290533982,LECHE EN POLVO INF3,NIDO,Cuidado infantil,Leches y fórmulas infantiles,""
7798181641411,LECHE INFANT ETAPA 1,SANCO,Cuidado infantil,Leches y fórmulas infantiles,""
8445290180209,LECHE INFANTIL,NIDIN,Cuidado infantil,Leches y fórmulas infantiles,""
7795323775249,LECHE INFANTIL 1,VITAL,Cuidado infantil,Leches y fórmulas infantiles,""
7795323775324,LECHE INFANTIL 1,NUTRILON,Cuidado infantil,Leches y fórmulas infantiles,""
7795323775492,LECHE INFANTIL 1,LASER,Cuidado infantil,Leches y fórmulas infantiles,""
8445290180186,LECHE INFANTIL 1,NIDIN,Cuidado infantil,Leches y fórmulas infantiles,""
7795323775256,LECHE INFANTIL 2,VITAL,Cuidado infantil,Leches y fórmulas infantiles,""
7795323775331,LECHE INFANTIL 2,NUTRILON,Cuidado infantil,Leches y fórmulas infantiles,""
7795323775508,LECHE INFANTIL 2,LASER,Cuidado infantil,Leches y fórmulas infantiles,""
7798181641435,LECHE INFANTIL 2 ADV,SANCO,Cuidado infantil,Leches y fórmulas infantiles,""
7795323775263,LECHE INFANTIL 3,VITAL,Cuidado infantil,Leches y fórmulas infantiles,""
7795323775348,LECHE INFANTIL 3,NUTRILON,Cuidado infantil,Leches y fórmulas infantiles,""
7795323775515,LECHE INFANTIL 3,LASER,Cuidado infantil,Leches y fórmulas infantiles,""
8445290848970,LECHE INFANTIL 3,NIDO,Cuidado infantil,Leches y fórmulas infantiles,""
7798181641459,LECHE INFANTIL 3 ADV,SANCO,Cuidado infantil,Leches y fórmulas infantiles,""
8445290648150,Leche E/polvoNIDINA 3 Infantil 800g LAT-800-gr.,NIDINA,Cuidado infantil,Leches y fórmulas infantiles,""
8445290180087,Leche UAT  NAN 1 190ml BRK-190-ml.,NAN,Cuidado infantil,Leches y fórmulas infantiles,""
8445290649744,Leche en polvo NIDINA 1  x800g LAT-800-gr.,NIDINA,Cuidado infantil,Leches y fórmulas infantiles,""
8445290648136,Leche en polvo NIDINA 2  x800g LAT-800-gr.,NIDINA,Cuidado infantil,Leches y fórmulas infantiles,""
8445290180131,NAN 2 OPTIPRO BRICK X 190 ML,NAN,Cuidado infantil,Leches y fórmulas infantiles,""
8445290238238,NAN 3 OPTIPRO BRICK X 190 ML,NAN,Cuidado infantil,Leches y fórmulas infantiles,""
8445290648037,NAN 3 OPTIPRO X 800 G,NAN,Cuidado infantil,Leches y fórmulas infantiles,""
7795323775386,NUTRILON 1 POUCH X  1.2 kg,NUTRILON,Cuidado infantil,Leches y fórmulas infantiles,""
7795323002420,NUTRILON 1 PROFUTURA X 800 G,NUTRILON,Cuidado infantil,Leches y fórmulas infantiles,""
7795323775393,NUTRILON 2 POUCH X  1.2 kg,NUTRILON,Cuidado infantil,Leches y fórmulas infantiles,""
7795323002437,NUTRILON 2 PROFUTURA X 800 G,NUTRILON,Cuidado infantil,Leches y fórmulas infantiles,""
7795323775409,NUTRILON 3 POUCH X  1.2 kg,NUTRILON,Cuidado infantil,Leches y fórmulas infantiles,""
7795323002444,NUTRILON 3 PROFUTURA X 800 G,NUTRILON,Cuidado infantil,Leches y fórmulas infantiles,""
7795323775416,NUTRILON 4 POUCH X  1.2 kg,NUTRILON,Cuidado infantil,Leches y fórmulas infantiles,""
7795323775355,NUTRILON 4 PROFUTURA  BRIK X 200 ML,NUTRILON,Cuidado infantil,Leches y fórmulas infantiles,""
7795323002451,NUTRILON 4 PROFUTURA X 800 G,NUTRILON,Cuidado infantil,Leches y fórmulas infantiles,""
7798181641510,SANCOR BEBE ADVANCED 1 ESTUCHE X 800 GR,SANCOR,Cuidado infantil,Leches y fórmulas infantiles,""
7798181641428,SANCOR BEBE ADVANCED 1 X 500 ML,SANCOR,Cuidado infantil,Leches y fórmulas infantiles,""
7798181641527,SANCOR BEBE ADVANCED 2 ESTUCHE X 800 GR,SANCOR,Cuidado infantil,Leches y fórmulas infantiles,""
7798181641466,SANCOR BEBE ADVANCED 3 X 1 LT,SANCOR,Cuidado infantil,Leches y fórmulas infantiles,""
7795323775218,VITAL INF 1 NF POUCH  X 1 KG,VITAL,Cuidado infantil,Leches y fórmulas infantiles,""
8445290118202,ALIM INF MULTICEREAL,NESTU,Cuidado infantil,Papillas y purés de fruta,""
8445290615916,ALIM INF TRIGO MIEL,NESTU,Cuidado infantil,Papillas y purés de fruta,""
8445290615831,ALIMENTO ARROZ S AZUCAR NESTUM X 225 GRS,NESTUM,Cuidado infantil,Papillas y purés de fruta,""
8445290615893,ALIMENTO MULTICEREAL S AZUCAR NESTUM X 225 GRS,NESTUM,Cuidado infantil,Papillas y purés de fruta,""
8445290615961,ALIMENTO MULTICEREAL S AZUCAR NESTUM X 500 GRS,NESTUM,Cuidado infantil,Papillas y purés de fruta,""
7798262020104,JUGO PULPA DE PERA,ZUMMY,Cuidado infantil,Papillas y purés de fruta,""
7798262020043,JUGO PULPA MANZ/DURA,ZUMMY,Cuidado infantil,Papillas y purés de fruta,""
7798262020036,JUGO PULPA MANZANA,ZUMMY,Cuidado infantil,Papillas y purés de fruta,""
7798262020135,JUGO PULPA MIX FRUTA,ZUMMY,Cuidado infantil,Papillas y purés de fruta,""
8445290615879,NESTUM BANANA S/AZR X225GR,NESTUM,Cuidado infantil,Papillas y purés de fruta,""
7799054056141,PURE DE FRUTAS NAT KIDS MANZANA X 90,NAT,Cuidado infantil,Papillas y purés de fruta,""
7799054056158,PURE DE FRUTAS NAT KIDS MULTIFRUTA X 90,NAT,Cuidado infantil,Papillas y purés de fruta,""
7798262020340,PURE FR ZUMMY MZ FRUT DIS,ZUMMY,Cuidado infantil,Papillas y purés de fruta,""
7798181640926,PURE MANZANA NUTRIBABY POUCH X 90 GRS,NUTRIBABY,Cuidado infantil,Papillas y purés de fruta,""
7798181640933,PURE MIPOUCH X FRUTAL NUTRIBABY POUCH X 90 GRS,NUTRIBABY,Cuidado infantil,Papillas y purés de fruta,""
7798262020326,ZU SPORT MAN BAN MEM,ZUMMY,Cuidado infantil,Papillas y purés de fruta,""
7798262020210,ZUMMY Mix Frutal pouch x 110 gr. DOY-110-gr.,ZUMMY,Cuidado infantil,Papillas y purés de fruta,""
7798262020319,ZUMMY SPORT MANZ NAR,ZUMMY,Cuidado infantil,Papillas y purés de fruta,""
7790250042181,BABYSEC PREMIUM,BABYSEC,Cuidado infantil,Pañales,""
7500435145930,PAMPERS PANTS PC,PAMPERS,Cuidado infantil,Pañales,""
7500435145947,PAMPERS PANTS PC,PAMPERS,Cuidado infantil,Pañales,""
7500435157520,PAMPERS SPLASHERS,PAMPERS,Cuidado infantil,Pañales,""
7790064004238,PANAL ESTRELLA CARICIAS DE ALGODON G X 40 UN,ESTRELLA,Cuidado infantil,Pañales,""
7790064004085,PANAL ESTRELLA CARICIAS DE ALGODON XG X 36 UN,ESTRELLA,Cuidado infantil,Pañales,""
7500435228732,PANAL PAMPERS BABYDRY HPGGDE 44UN,PAMPERS,Cuidado infantil,Pañales,""
7500435237604,PANAL PAMPERS DELUXE PROT MED 52 U,PAMPERS,Cuidado infantil,Pañales,""
7790250042167,PANAL SUPER PREMIUM XG BABYSEC X 48 UNI,BABYSEC,Cuidado infantil,Pañales,""
7790250042150,PANAL SUPER PREMIUM XXG BABYSEC X 44 UNI,BABYSEC,Cuidado infantil,Pañales,""
7790250042792,PANAL TALLE M PREMIUM BABYSEC X 48 UNI,BABYSEC,Cuidado infantil,Pañales,""
7790250042860,PANAL TALLE XG PREMIUM BABYSEC X 32 UNI,BABYSEC,Cuidado infantil,Pañales,""
7794626013386,PANALES HUGGIES NATURAL CARE P X 30,HUGGIES,Cuidado infantil,Pañales,""
7790250040767,PANALES TALLE M ULTRASOFT BABYSEC X 8 UNI,BABYSEC,Cuidado infantil,Pañales,""
7798350081260,PAÑ DUFFY HIPERPACK  XXG,DUFFY,Cuidado infantil,Pañales,""
7500435228763,PAÑAL BABYDRY XG,PAMPE,Cuidado infantil,Pañales,""
7500435228770,PAÑAL BABYDRY XXG,PAMPE,Cuidado infantil,Pañales,""
7794626015342,PAÑAL CLASSIC G,HUGGI,Cuidado infantil,Pañales,""
7794626015359,PAÑAL CLASSIC XG,HUGGI,Cuidado infantil,Pañales,""
7500435237598,PAÑAL DELUX PROT GDE,PAMPE,Cuidado infantil,Pañales,""
7794626012914,PAÑAL FLEX COMFOR RN,HUGGI,Cuidado infantil,Pañales,""
7794626012921,PAÑAL FLEX COMFORT P,HUGGI,Cuidado infantil,Pañales,""
7790250042914,"PAÑAL G PREMIUM SOFT AP, BABYSEC, 60 cu",BABYSEC,Cuidado infantil,Pañales,""
7790250042822,"PAÑAL G PREMIUM SOFT HIPER, BABYSEC, 40 cu",BABYSEC,Cuidado infantil,Pañales,""
7794626013423,"PAÑAL G SUPREME CARE AP, HUGGIES, 60 cu",HUGGIES,Cuidado infantil,Pañales,""
7794626012853,"PAÑAL M FLEXI COMFORT AP, HUGGIES, 68 cu",HUGGIES,Cuidado infantil,Pañales,""
7500435237642,PAÑAL NACIDOS DELUXE,PAMPE,Cuidado infantil,Pañales,""
7790940302007,PAÑAL P PRECIO C/GEL XG,PRIMER PRECIO,Cuidado infantil,Pañales,""
7790250042198,"PAÑAL P SUPER PREMIUM HIPER, BABYSEC, 30 cu",BABYSEC,Cuidado infantil,Pañales,""
7794626013393,"PAÑAL P SUPREME CARE HIPER, HUGGIES, 50 cu",HUGGIES,Cuidado infantil,Pañales,""
7500435237611,PAÑAL PEQUEÑO DELUXE,PAMPE,Cuidado infantil,Pañales,""
7794626011887,PAÑAL PROT PLUS G,HUGGI,Cuidado infantil,Pañales,""
7794626011870,PAÑAL PROTECT PLUS M,HUGGI,Cuidado infantil,Pañales,""
7794626013362,"PAÑAL RN SUPREME CARE MEGA, HUGGIES, 34 cu",HUGGIES,Cuidado infantil,Pañales,""
7790250040774,PAÑAL ULTRASOFT G,BABYS,Cuidado infantil,Pañales,""
7790250042068,PAÑAL ULTRASOFT G,BABYS,Cuidado infantil,Pañales,""
7790250040781,PAÑAL ULTRASOFT XG,BABYS,Cuidado infantil,Pañales,""
7790250040873,PAÑAL ULTRASOFT XG,BABYS,Cuidado infantil,Pañales,""
7790250042075,PAÑAL ULTRASOFT XG,BABYS,Cuidado infantil,Pañales,""
7790250040798,PAÑAL ULTRASOFT XXG,BABYS,Cuidado infantil,Pañales,""
7790250042082,PAÑAL ULTRASOFT XXG,BABYS,Cuidado infantil,Pañales,""
7790250042921,"PAÑAL XG PREMIUM SOFT AP, BABYSEC, 48 cu",BABYSEC,Cuidado infantil,Pañales,""
7794626013331,"PAÑAL XG SUPREME CARE AP, HUGGIES, 52 cu",HUGGIES,Cuidado infantil,Pañales,""
7500435237635,PAÑAL XXG DELUXE,PAMPE,Cuidado infantil,Pañales,""
7790250042938,"PAÑAL XXG PREMIUM SOFT AP, BABYSEC, 44 cu",BABYSEC,Cuidado infantil,Pañales,""
7790250042891,"PAÑAL XXG PREMIUM SOFT HIPER, BABYSEC, 30 cu",BABYSEC,Cuidado infantil,Pañales,""
7794626013348,"PAÑAL XXG SUPREME CARE AP, HUGGIES, 50 cu",HUGGIES,Cuidado infantil,Pañales,""
7794626013409,"PAÑAL XXXG SUPREME CARE AP, HUGGIES, 48 cu",HUGGIES,Cuidado infantil,Pañales,""
7500435228572,PAÑALES BABYSAN GRAN,PAMPE,Cuidado infantil,Pañales,""
7794626015298,PAÑALES CLASSIC XXXG,HUGGI,Cuidado infantil,Pañales,""
7798311610331,PAÑALES M X46,TODDL,Cuidado infantil,Pañales,""
7794626013287,PAÑALES SUPREME G,HUGGI,Cuidado infantil,Pañales,""
7794626013294,PAÑALES SUPREME XG,HUGGI,Cuidado infantil,Pañales,""
7794626013300,PAÑALES SUPREME XXG,HUGGI,Cuidado infantil,Pañales,""
7798311610348,PAÑALES TALLE G,TODDL,Cuidado infantil,Pañales,""
7798311610362,PAÑALES TALLE XXG,TODDL,Cuidado infantil,Pañales,""
7790250040880,PAÑALES ULT SOFT XXG,BANYS,Cuidado infantil,Pañales,""
7798311610355,PAÑALES XG,TODDL,Cuidado infantil,Pañales,""
7500435237628,PAÑALES XG DELUXE,PAMPE,Cuidado infantil,Pañales,""
7794626012945,PAÑALES huggies FLEXI CONFORT DISNEY xg PCK-32-un.,HUGGIES,Cuidado infantil,Pañales,""
7794626012839,pañal HUGGIES flexi confort disney M 48u PCK-48-un.,HUGGIES,Cuidado infantil,Pañales,""
7794626013591,pañal HUGGIES protect plus p 50u BSA-50-un.,HUGGIES ACTIVE SEC,Cuidado infantil,Pañales,""
7790250040866,pañales BABYSEC ultrasoft g60/3 jumpack PAQ-60-un.,BABYSEC,Cuidado infantil,Pañales,""
7790250042051,pañales BABYSEC ultrasoft m48/4 PAQ-48-un.,BABYSEC,Cuidado infantil,Pañales,""
7790250040859,pañales BABYSEC ultrasoft m68/3 jumpack PAQ-68-un.,BABYSEC,Cuidado infantil,Pañales,""
7794626012846,pañales HUGGIES flexi confort disney G PCK-40-un.,HUGGIES,Cuidado infantil,Pañales,""
7794626012952,pañales HUGGIES flexi confort disney x30 PCK-30-un.,HUGGIES,Cuidado infantil,Pañales,""
7798081360351,ANDAD TABLERO BURBUJ,PRIORI,Cuidado infantil,Puericultura,""
7453062422915,ASPIRADOR NASAL,INFAN TEC,Cuidado infantil,Puericultura,""
7793970137618,BABELITO BIBERON 250ML TRANSP,BABELITO,Cuidado infantil,Puericultura,""
7793026026422,BABERO CON ABROJO,MIBES,Cuidado infantil,Puericultura,""
7793026026385,BABERO IMPERM UNICO SURT,SIN MARCA,Cuidado infantil,Puericultura,""
7798081215743,BABERO SILIC ARCOIR,PRIORI,Cuidado infantil,Puericultura,""
7798081115746,BABERO SILIC PLANET,PRIORI,Cuidado infantil,Puericultura,""
7793026019387,BABITA GASA ALGODON,SIN MARCA,Cuidado infantil,Puericultura,""
7648234164162,BABY BEE CHUP ORTODONTICO,BABY BEE,Cuidado infantil,Puericultura,""
7648234165084,BABY BEE CHUP SIMETRICO TL,BABY BEE,Cuidado infantil,Puericultura,""
7648234164926,BABY BEE CHUP SIMETRICO TM,BABY BEE,Cuidado infantil,Puericultura,""
7648234164094,BABY BEE MAM BOCA ANCHA ASAS Y BOQUILLA,BABY BEE,Cuidado infantil,Puericultura,""
7648234163240,BABY BEE MAMADERA 250 ML,BABY BEE,Cuidado infantil,Puericultura,""
7648234163318,BABY BEE MAMADERA 250 ML CON ASAS,BABY BEE,Cuidado infantil,Puericultura,""
7648234163486,BABY BEE MAMADERA ASAS Y BOQUILLA JUGO,BABY BEE,Cuidado infantil,Puericultura,""
7648234163868,BABY BEE MAMADERA BOCA ANCHA 250 ML,BABY BEE,Cuidado infantil,Puericultura,""
7648234163936,BABY BEE MAMADERA BOCA ANCHA 250 ML,BABY BEE,Cuidado infantil,Puericultura,""
7648234164612,BABY BEE MORDILLO,BABY BEE,Cuidado infantil,Puericultura,""
7648234164858,BABY BEE PX2 TETINA BOCA ANCHA,BABY BEE,Cuidado infantil,Puericultura,""
7648234165220,BABY BEE PX2 TETINA TL,BABY BEE,Cuidado infantil,Puericultura,""
7648234165152,BABY BEE PX2 TETINA TM,BABY BEE,Cuidado infantil,Puericultura,""
7648234164780,BABY BEE PX2 TETINA TS,BABY BEE,Cuidado infantil,Puericultura,""
7797481909269,BEBESIT COCHE PARAGUAS TOURS,BEBESIT,Cuidado infantil,Puericultura,""
7797481909283,BEBESIT TOURS UNICO NG CE,BEBESIT,Cuidado infantil,Puericultura,""
7793970136352,BIBERON 125ML BOCA ANCHA,BABELITO,Cuidado infantil,Puericultura,""
7793970135829,BIBERON 250 ML TOMASOLITO T2,BABELITO,Cuidado infantil,Puericultura,""
7793970121709,BLT LIMPIA BIBERON,BABELITO,Cuidado infantil,Puericultura,""
7793970143824,BLT TETINA BOCA ANCHA,BABELITO,Cuidado infantil,Puericultura,""
7793970141738,BLT TETINA SILICONA X2,BABELITO,Cuidado infantil,Puericultura,""
7798081015404,BORDE PROTECTOR MESA,PRIORI,Cuidado infantil,Puericultura,""
7793742004506,BUSHI ESCUDO 2 UN,BUSHI,Cuidado infantil,Puericultura,""
7793742004308,BUSHI PROTECT 2 UN,BUSHI,Cuidado infantil,Puericultura,""
7793026042941,CAMBIADOR PORTATIL,MIBES,Cuidado infantil,Puericultura,""
8003670823544,CHICCO ASPIRADOR NASAL 1UN,CHICCO,Cuidado infantil,Puericultura,""
8003670797456,CHICCO CH CEPILL MAMAD 3EN1 X1 UN BLANCO,CHICCO,Cuidado infantil,Puericultura,""
8058664059089,CHICCO CH CHUPE PHYS COMFO 16 M CELEST,CHICCO,Cuidado infantil,Puericultura,""
8058664059058,CHICCO CHUPETE 6M,CHICCO,Cuidado infantil,Puericultura,""
8058664097067,CHICCO CHUPETE LIGHT NENA 2A6M 2UN,CHICCO,Cuidado infantil,Puericultura,""
8058664051922,CHICCO CHUPETE S 16M,CHICCO,Cuidado infantil,Puericultura,""
8058664051915,CHICCO CHUPETE S 6M,CHICCO,Cuidado infantil,Puericultura,""
8058664143412,CHICCO MORDILLO 2M,CHICCO,Cuidado infantil,Puericultura,""
8058664143481,CHICCO MORDILLO FRESH FUNNY TUCAN 6M,CHICCO,Cuidado infantil,Puericultura,""
8058664008247,CHICCO TETINA NATURAL 4M 2UN,CHICCO,Cuidado infantil,Puericultura,""
7793026007247,CHICHONERA DE CUNA,MIBES,Cuidado infantil,Puericultura,""
4008600385912,CHUP INDIVIDUAL SIGNATURE 18 36 M U,S/D,Cuidado infantil,Puericultura,""
7791398006158,CHUP TEDDY SILICONA S/ARO,TEDDY,Cuidado infantil,Puericultura,""
7796785240214,CHUPALA,TOYCO,Cuidado infantil,Puericultura,""
8720689015011,CHUPET 6 18MCABALLO,AVENT,Cuidado infantil,Puericultura,""
7453095647590,CHUPETE,INFAN TEC,Cuidado infantil,Puericultura,""
8710103963882,CHUPETES SOOTHI X2U,AVENT,Cuidado infantil,Puericultura,""
8720689014656,CHUPEX1 06MARCOIRIS,AVENT,Cuidado infantil,Puericultura,""
7798081373122,COCHE CELESTE,PRIORI,Cuidado infantil,Puericultura,""
7798081173128,COCHE GRIS,PRIORI,Cuidado infantil,Puericultura,""
7798081275037,COCHE PASEO LIVIANO,PRIORI,Cuidado infantil,Puericultura,""
7798081375034,COCHE PASEO LIVIANO,PRIORI,Cuidado infantil,Puericultura,""
7798081373139,COCHE REFORZADO,PRIORI,Cuidado infantil,Puericultura,""
7798038311061,DISPITA CEPILLO LIMPIA MAMADERA Y TETINA,DISPITA,Cuidado infantil,Puericultura,""
7798038312198,DISPITA CINTA PORTA CHUPETES MINIPELUCHE,DISPITA,Cuidado infantil,Puericultura,""
7798038310804,DISPITA MAMADERA GIGANTE CON ACCESORIOS,DISPITA,Cuidado infantil,Puericultura,""
7798081030278,DOBLE BANDEJA BEIGE,PRIORI,Cuidado infantil,Puericultura,""
7798081130275,DOBLE BANDEJA GRIS,PRIORI,Cuidado infantil,Puericultura,""
7798081330279,DOBLE BANDEJA VERDE,PRIORI,Cuidado infantil,Puericultura,""
7453003509439,INFAN TEC MAMADERA 125M UNICO SURTID,INFAN TEC,Cuidado infantil,Puericultura,""
7453003503284,INFANTEC LIMPIA MAMADERA,INFAN TEC,Cuidado infantil,Puericultura,""
7453003501747,INFANTEC MORDILLO,INFAN TEC,Cuidado infantil,Puericultura,""
7453079484920,INFANTEC MORIDLLO ANIMALES,INFAN TEC,Cuidado infantil,Puericultura,""
7453003500177,INFANTEC TETINA SILICONA X3,INFAN TEC,Cuidado infantil,Puericultura,""
7453003505455,INFANTEC TETINA SILICONA X3,INFAN TEC,Cuidado infantil,Puericultura,""
7453003505028,INFTEC MAMADERA TET SILIC 250 ML BOCA AN,INFAN TEC,Cuidado infantil,Puericultura,""
7798004836109,JUGUETOYS PELELA ERG,JUGUETOYS,Cuidado infantil,Puericultura,""
8720689007146,MAMAD NAT RESP260ML,AVENT,Cuidado infantil,Puericultura,""
8720689011891,MAMADE ANTICO 260ML,AVENT,Cuidado infantil,Puericultura,""
4008600407423,MAMADE FC150 ML TEMP,NUK,Cuidado infantil,Puericultura,""
7453095648115,MAMADERA 125ML ASA,INFAN TEC,Cuidado infantil,Puericultura,""
4008600400035,MAMADERA 300ML CT NUK A,S/D,Cuidado infantil,Puericultura,""
7450077141282,MAMADERA CON SONIDO,SIN MARCA,Cuidado infantil,Puericultura,""
7791398006196,MAMADERA TEDDY SILI 250,TEDDY,Cuidado infantil,Puericultura,""
7453003509897,MAMADERA TT 240 ML,INFAN TEC,Cuidado infantil,Puericultura,""
7453003508302,MAMADERA TT 250ML AS,INFAN TEC,Cuidado infantil,Puericultura,""
7793026035301,MANTA GASA ALGODON,SIN MARCA,Cuidado infantil,Puericultura,""
7793026500519,MB CAMBIADOR LINEA AMIGUIT Y NEW BABY,MIBES,Cuidado infantil,Puericultura,""
7793026026415,MIBES BABERO 3 TELAS PLAYA UNICO SURT,SIN MARCA,Cuidado infantil,Puericultura,""
7793026026378,MIBES BABERO PANUELO UNICO SURT,SIN MARCA,Cuidado infantil,Puericultura,""
7793026089120,MIBES MB CAMBIADO Y BABER UNICO SURT,MIBES,Cuidado infantil,Puericultura,""
7793026032386,MIBES MB PX4 BABITAS LISAS UNICO SURT,MIBES,Cuidado infantil,Puericultura,""
7793970371760,MORDILLO RE,BABELITO,Cuidado infantil,Puericultura,""
4008600385905,NUK CHUPETE SIGNATURE 6 18 MESES,NUK,Cuidado infantil,Puericultura,""
4008600407492,NUK MAMAD 150 TEMP,NUK,Cuidado infantil,Puericultura,""
4008600407508,NUK MAMAD 150 TEMP,NUK,Cuidado infantil,Puericultura,""
4008600400028,NUK MAMADERA TEMP CTRL COCODRILO 300 ML,NUK,Cuidado infantil,Puericultura,""
4008600271482,NUK MORDILLO REFRIGE,NUK,Cuidado infantil,Puericultura,""
4008600381709,NUK NUK CHUPET SIGNAT X2 T3 AZUL,NUK,Cuidado infantil,Puericultura,""
4008600381716,NUK NUK CHUPET SIGNAT X2 T3 ROSA,NUK,Cuidado infantil,Puericultura,""
4008600283386,NUK NUK DESCONGESTIONADOR NASAL,NUK,Cuidado infantil,Puericultura,""
7798236798763,OK BABY BOOSTER SIN RESPALDO,OK BABY,Cuidado infantil,Puericultura,""
7798347374283,PELELA C RECIPIENTE ANIMALITOS AZUL,OK BABY,Cuidado infantil,Puericultura,""
6937266904473,PLATO CUCH Y SOPAPA,INFAN TEC,Cuidado infantil,Puericultura,""
6937266904480,PLATO CUCH Y SOPAPA,INFAN TEC,Cuidado infantil,Puericultura,""
7797481913099,PRACTICUNA CORRALITO,SIN MARCA,Cuidado infantil,Puericultura,""
7793026010063,PROTECT LLUVIA COCHE,SIN MARCA,Cuidado infantil,Puericultura,""
7798004836307,REDUCTOR ERGO SURT,JUGUETOYS,Cuidado infantil,Puericultura,""
6921364574805,ROTACION MUSICAL,SIN MARCA,Cuidado infantil,Puericultura,""
4008600381747,SET DE 2 CHUP. SIGNATURE 0 6 M A,S/D,Cuidado infantil,Puericultura,""
6973110847138,SONAJERO BUHO,SIN MARCA,Cuidado infantil,Puericultura,""
6973110847145,SONAJERO CANGREJO,SIN MARCA,Cuidado infantil,Puericultura,""
0194735095926,SONAJERO FISHER PRIC,FISHER PRICE,Cuidado infantil,Puericultura,""
4895038548381,SONAJERO GUITARRA MUSICAL,GENERICO,Cuidado infantil,Puericultura,""
4895038501171,SONAJERO JIRAFA PARCHE,GENERICO,Cuidado infantil,Puericultura,""
4895038501836,SONAJERO MARIPOSA PARCHE,GENERICO,Cuidado infantil,Puericultura,""
4895038501195,SONAJERO MONO PARCHE,GENERICO,Cuidado infantil,Puericultura,""
4895038502413,SONAJERO NUBE,GENERICO,Cuidado infantil,Puericultura,""
4895038502406,SONAJERO PAJARO,GENERICO,Cuidado infantil,Puericultura,""
4895038553415,SONAJERO Y MORDILLO ELEFANTE,GENERICO,Cuidado infantil,Puericultura,""
7796384090029,STD CHUPETE ANAT SILICONA MICKEY LARGE,DISNEY MICKEY MOUSE,Cuidado infantil,Puericultura,""
7796384090012,STD CHUPETE ANAT SILICONA MICKEY MEDIUM,DISNEY MICKEY MOUSE,Cuidado infantil,Puericultura,""
7796384090005,STD CHUPETE ANAT SILICONA MICKEY SMALL,DISNEY MICKEY MOUSE,Cuidado infantil,Puericultura,""
7796384090050,STD CHUPETE ANAT SILICONA MINNIE LARGE,DISNEY MINNIE MOUSE,Cuidado infantil,Puericultura,""
7796384090043,STD CHUPETE ANAT SILICONA MINNIE MEDIUM,DISNEY MINNIE MOUSE,Cuidado infantil,Puericultura,""
7796384090036,STD CHUPETE ANAT SILICONA MINNIE SMALL,DISNEY MINNIE MOUSE,Cuidado infantil,Puericultura,""
7798004835737,STD JUG PELELA MICK,JUGUETOYS,Cuidado infantil,Puericultura,""
7796384090609,STD MAMADERA 150ML BA MICKEY SMALL ASAS,DISNEY MICKEY MOUSE,Cuidado infantil,Puericultura,""
7796384090616,STD MAMADERA 150ML BA MIINNIE SMALL ASAS,DISNEY MINNIE MOUSE,Cuidado infantil,Puericultura,""
7796384090623,STD MAMADERA 250ML BA MICKEY MEDIUM ASA,DISNEY MICKEY MOUSE,Cuidado infantil,Puericultura,""
7796384090654,STD MAMADERA 250ML BA MINNIE LARGE ASAS,DISNEY MINNIE MOUSE,Cuidado infantil,Puericultura,""
7796384090647,STD MAMADERA 250ML BA MINNIE MEDIUM ASAS,DISNEY MINNIE MOUSE,Cuidado infantil,Puericultura,""
7796384090661,STD MAMADERA 300ML BA MICKEY MEDIUM ASA,DISNEY MICKEY MOUSE,Cuidado infantil,Puericultura,""
7796384090678,STD MAMADERA 300ML BA MINNIE MEDIUM ASAS,DISNEY MINNIE MOUSE,Cuidado infantil,Puericultura,""
8720689012386,TETI ANTIC MUY LENTO,AVENT,Cuidado infantil,Puericultura,""
8720689007337,TETINAS  FLUJO MEDIO,AVENT,Cuidado infantil,Puericultura,""
8720689014007,TETINAS FLUIR RAPIDO,AVENT,Cuidado infantil,Puericultura,""
8720689007139,TETINAS FLUJO ULTRA,AVENT,Cuidado infantil,Puericultura,""
7798081273088,TRAVEL SYSTEM ORION,PRIORI,Cuidado infantil,Puericultura,""
7798081002008,ULTRALIVIANO BAZZIUC,PRIORI,Cuidado infantil,Puericultura,""
7798143640414,VAITA ASPIRADOR NASAL,VAITA,Cuidado infantil,Puericultura,""
7798143641268,VAITA CHUP ANAT 0M,VAITA,Cuidado infantil,Puericultura,""
7798143641275,VAITA CHUP ANAT 3M,VAITA,Cuidado infantil,Puericultura,""
7798143641282,VAITA CHUP ANAT 6M,VAITA,Cuidado infantil,Puericultura,""
7798143641565,VAITA CHUP ANAT TS 6M,VAITA,Cuidado infantil,Puericultura,""
7798143641237,VAITA CHUP RED 0M,VAITA,Cuidado infantil,Puericultura,""
7798143641244,VAITA CHUP RED 3M,VAITA,Cuidado infantil,Puericultura,""
7798143641251,VAITA CHUP RED 6M,VAITA,Cuidado infantil,Puericultura,""
7798143641176,VAITA MAM BA CA 250ML,VAITA,Cuidado infantil,Puericultura,""
7798143641190,VAITA MAM BA CA 330ML,VAITA,Cuidado infantil,Puericultura,""
7798143641169,VAITA MAM BA SA 250ML,VAITA,Cuidado infantil,Puericultura,""
7798143641183,VAITA MAM BA SA 330ML,VAITA,Cuidado infantil,Puericultura,""
7798143640865,VAITA MAM OPP BA 250ML,VAITA,Cuidado infantil,Puericultura,""
7798143640889,VAITA MAM OPP BA 330ML,VAITA,Cuidado infantil,Puericultura,""
7798143640834,VAITA MAM OPP TE 250ML,VAITA,Cuidado infantil,Puericultura,""
7798143641114,VAITA MAM TE CA 250ML,VAITA,Cuidado infantil,Puericultura,""
7798143641084,VAITA MAM TE SA 140ML,VAITA,Cuidado infantil,Puericultura,""
7798143640476,VAITA MORD TS,VAITA,Cuidado infantil,Puericultura,""
7798143642401,VAITA PRIMER KIT,VAITA,Cuidado infantil,Puericultura,""
7798143640339,VAITA TETINA BA FM,VAITA,Cuidado infantil,Puericultura,""
7798143641213,VAITA TETINA BA FR,VAITA,Cuidado infantil,Puericultura,""
7798143640322,VAITA TETINA TE FM,VAITA,Cuidado infantil,Puericultura,""
7798143642944,VAITA TETINA TE FR,VAITA,Cuidado infantil,Puericultura,""
7798143640681,VAITA TIJERITA,VAITA,Cuidado infantil,Puericultura,""
7791274198243,ALGABO BABY JAB LIQ,ALGABO,Cuidado infantil,Toallitas e higiene del bebé,""
7790010002929,COLONIA FRESCA CARIC,JOHNS,Cuidado infantil,Toallitas e higiene del bebé,""
7790010002912,COLONIA JOHNSON BABY FRESCA CARICIA X 200 ML,Johnson Baby,Cuidado infantil,Toallitas e higiene del bebé,""
7794626013836,HUGGIES CLASSIC,HUGGIES,Cuidado infantil,Toallitas e higiene del bebé,""
7794626013843,HUGGIES CLASSIC,HUGGIES,Cuidado infantil,Toallitas e higiene del bebé,""
7794626013850,HUGGIES CLASSIC,HUGGIES,Cuidado infantil,Toallitas e higiene del bebé,""
7794626013867,HUGGIES CLASSIC,HUGGIES,Cuidado infantil,Toallitas e higiene del bebé,""
7702425811072,HUGGIES TOA HUM 4EN1,HUGGIES,Cuidado infantil,Toallitas e higiene del bebé,""
7790773018656,IDEAL TOA ALOE,IDEAL,Cuidado infantil,Toallitas e higiene del bebé,""
7891150035874,JAB LIQ BABY DOYPACK,DOVE,Cuidado infantil,Toallitas e higiene del bebé,""
7891150035881,JAB LIQ BABY SENSIBL,DOVE,Cuidado infantil,Toallitas e higiene del bebé,""
7896018704770,JAB LIQ HORA SOÑAR,HUGGI,Cuidado infantil,Toallitas e higiene del bebé,""
7891010257903,JAB LIQ JB HORA DEL SUE X200ML,sin marca,Cuidado infantil,Toallitas e higiene del bebé,""
7799120001099,SOUL TH ALOE 50UN,SOUL BABY,Cuidado infantil,Toallitas e higiene del bebé,""
7799120001105,SOUL TH ANIMAL 45UN,SOUL BABY,Cuidado infantil,Toallitas e higiene del bebé,""
7799120001075,SOUL TH RN PSE 80UN,SOUL BABY,Cuidado infantil,Toallitas e higiene del bebé,""
7799054048290,TH FARMACITY BEBE CUIDADO DIARIO AVENA X 48U,FARMACITY BEBE,Cuidado infantil,Toallitas e higiene del bebé,""
7799054048313,TH FARMACITY BEBE CUIDADO DIARIO AVENA X 96U,FARMACITY BEBE,Cuidado infantil,Toallitas e higiene del bebé,""
7799054048306,TH FARMACITY BEBE CUIDADO DIARIO GLICERINA X 48U,FARMACITY BEBE,Cuidado infantil,Toallitas e higiene del bebé,""
7799054072851,TH FARMACITY BEBE CUIDADO DIARIO GLICERINA X 96 UN,FARMACITY BEBE,Cuidado infantil,Toallitas e higiene del bebé,""
7799054048283,TH FARMACITY BEBE HORA LIBRE ANTIBACTERIAL ALOE VERA X 30U,FARMACITY BEBE,Cuidado infantil,Toallitas e higiene del bebé,""
7799054048375,TH FARMACITY BEBE HUMECTACION Y PROTECC. OLEO CALCAREO X 48U,FARMACITY BEBE,Cuidado infantil,Toallitas e higiene del bebé,""
7500435172714,TOAL HUMED PARA BEBE,PAMPE,Cuidado infantil,Toallitas e higiene del bebé,""
8480017134448,TOALL HUM BEBE F/PAV,B.SMI,Cuidado infantil,Toallitas e higiene del bebé,""
7798311610317,TOALL HUMED ALOE VER,TODDL,Cuidado infantil,Toallitas e higiene del bebé,""
7798350089006,TOALL HUMEDAS DUFFY FLEX,DUFFY,Cuidado infantil,Toallitas e higiene del bebé,""
7794626011023,TOALLA HUM TRI PROTE,HUGGIES,Cuidado infantil,Toallitas e higiene del bebé,""
7794626013973,TOALLAS HUMEDA SIREN,HUGGI,Cuidado infantil,Toallitas e higiene del bebé,""
7790773086167,TOALLAS HUMEDAS ALOE VERA Q SOFT DP X 50 UNI,Q SOFT,Cuidado infantil,Toallitas e higiene del bebé,""
7799031006237,TOALLAS HUMEDAS FIHER PRICE 20 U,FISHER PRICE,Cuidado infantil,Toallitas e higiene del bebé,""
7702425800700,TOALLAS HUMEDAS HUGGIES CUIDADO 4 EN 1 X 48 UN,HUGGIES,Cuidado infantil,Toallitas e higiene del bebé,""
7702425848511,TOALLAS HUMEDAS HUGGIES OLEO X 48 UN,HUGGIES,Cuidado infantil,Toallitas e higiene del bebé,""
7896018700642,TOALLAS HUMEDAS HUGGIES PURO Y NATURAL X 48 UN,HUGGIES,Cuidado infantil,Toallitas e higiene del bebé,""
7500435145244,TOALLAS HUMEDAS PAMPERS ALORE VERA X 48 U,PAMPERS-2532,Cuidado infantil,Toallitas e higiene del bebé,""
7790773008350,TOALLAS HUMEDAS Q-SOFT BABY CLASICA FWP 25 UNI,Q SOFT,Cuidado infantil,Toallitas e higiene del bebé,""
7891010568757,TOALLITAS HUM P/BEBE,JOHNS,Cuidado infantil,Toallitas e higiene del bebé,""
7794860074945,TOALLITAS HUMEDAS,GSD,Cuidado infantil,Toallitas e higiene del bebé,""
7891010251024,TOALLITAS HUMEDAS,JOHNS,Cuidado infantil,Toallitas e higiene del bebé,""
7759185011921,TOALLITAS HUMEDAS  MULTIU,BABYSEC,Cuidado infantil,Toallitas e higiene del bebé,""
7798269140201,TOALLITAS HUMEDAS ALOE VE CLAS CANDY BABY X 50 UNI,CANDY BABY,Cuidado infantil,Toallitas e higiene del bebé,""
7790773086068,"TOALLITAS HUMEDAS CLASICA DP, Q SOFT, 50 cu",Q SOFT,Cuidado infantil,Toallitas e higiene del bebé,""
7794626013225,TOALLITAS HUMEDAS HUGGIES PROTECT PLUS X 48,HUGGIES,Cuidado infantil,Toallitas e higiene del bebé,""
7794626012525,TOALLITAS HUMEDAS KIMBIES X 48 UNI,KIMBIES,Cuidado infantil,Toallitas e higiene del bebé,""
7798269140225,TOALLITAS HUMEDAS LAVANDA CANDY BABY DP X 50 UNI,CANDY BABY,Cuidado infantil,Toallitas e higiene del bebé,""
7794626010217,TOALLITAS HUMEDAS OLEO 3 PROTEC HUGGIES X48U,HUGGIES,Cuidado infantil,Toallitas e higiene del bebé,""
7794626011092,TOALLITAS HUMEDAS PURO Y NATURAL HUGGIES X 48 UNI,HUGGIES,Cuidado infantil,Toallitas e higiene del bebé,""
7891010568771,TOALLITAS HUMEDAS RECIEN NACIDO JOHNSONS BABY X48U,JOHNSONS BABY,Cuidado infantil,Toallitas e higiene del bebé,""
7794626011047,TOALLITAS HUMEDAS TRIPLE PROTECCION HUGGIES X 96UN,HUGGIES,Cuidado infantil,Toallitas e higiene del bebé,""
7896018704398,jabon HUGGIES 75g PCK-75-gr.,HUGGIES,Cuidado infantil,Toallitas e higiene del bebé,""
7794626011054,toallas humedas HUGGIES 4 x48 PAQ-48-un.,HUGGIES,Cuidado infantil,Toallitas e higiene del bebé,""
7790773008367,toallas humedas QSOFT clasica x 40 ud PCH-40-un.,QSOFT,Cuidado infantil,Toallitas e higiene del bebé,""
7790064104686,toallitas ESTRELLA cuidado diario 50u PCK-50-un.,ESTRELLA,Cuidado infantil,Toallitas e higiene del bebé,""
7790064104693,toallitas ESTRELLA humectación sen 50u PCK-50-un.,ESTRELLA,Cuidado infantil,Toallitas e higiene del bebé,""
7891010247324,toallitas húmedas JOHNSON´S baby limpiez PCK-44-un.,JOHNSON BABY,Cuidado infantil,Toallitas e higiene del bebé,""
7790773008251,toallitas húmedas QSOFT Aloe Vera PAQ-50-un.,QSOFT,Cuidado infantil,Toallitas e higiene del bebé,""
7790773082558,toallitas húmedas QSOFT Aloe Vera PAQ-50-un.,QSOFT,Cuidado infantil,Toallitas e higiene del bebé,""
7891000244036,ALIM GATO HUM PESCAD,CATCH,Mascotas,Alimento húmedo,""
7891000295991,ALIM GATO HUME PAVO,FANCY,Mascotas,Alimento húmedo,""
7891000241080,ALIM GATO HUME SALMO,FELIX,Mascotas,Alimento húmedo,""
7891000120774,ALIM HUMED GATO ATUN,FELIX,Mascotas,Alimento húmedo,""
7798139796682,ALIMENTO GATITOS HUMEDO PET S CLASS POLL LECH 85GR,PET S CLASS,Mascotas,Alimento húmedo,""
7798139793070,ALIMENTO GATOS HUMEDO KINGFOOD FRUT. D.MAR 85GRS,KINGFOOD,Mascotas,Alimento húmedo,""
7798139791793,ALIMENTO GATOS HUMEDO PET S CLASS ATUN SAR 85GRS,PET S CLASS,Mascotas,Alimento húmedo,""
7797453000543,ALIMENTO GATOS HUMEDO WHISKAS ADULT SARDINA 85GRS,WHISKAS,Mascotas,Alimento húmedo,""
7797453000420,ALIMENTO GATOS HUMEDO WHISKAS ADULTO CARNE 85GRS,WHISKAS,Mascotas,Alimento húmedo,""
7797453000550,ALIMENTO GATOS HUMEDO WHISKAS ADULTO POLLO 85GRS,WHISKAS,Mascotas,Alimento húmedo,""
7797453000413,ALIMENTO GATOS HUMEDO WHISKAS ADULTO SALMON 85GRS,WHISKAS,Mascotas,Alimento húmedo,""
7797453000406,ALIMENTO GATOS HUMEDO WHISKAS GATITOS CARNE 85GRS,WHISKAS,Mascotas,Alimento húmedo,""
7797453971744,ALIMENTO PARA GATO WHISKAS ATUN LAT 340 GRM,WHISKAS,Mascotas,Alimento húmedo,""
7797453971720,ALIMENTO PARA GATO WHISKAS GATITOS CARNE LAT 340 GRM,WHISKAS,Mascotas,Alimento húmedo,""
7797453971751,ALIMENTO PARA GATO WHISKAS POLLO LAT 340 GRM,WHISKAS,Mascotas,Alimento húmedo,""
7797453971690,ALIMENTO PARA PERRO PEDIGREE CACHORRO CARNE LAT 340 GRM,PEDIGREE,Mascotas,Alimento húmedo,""
7797453971713,ALIMENTO PARA PERRO PEDIGREE POLLO/CARNE LAT 330 GRM,PEDIGREE,Mascotas,Alimento húmedo,""
7797453971706,ALIMENTO PARA PERRO PEDIGREE SABOR CARNE LAT 340 GRM,PEDIGREE,Mascotas,Alimento húmedo,""
7798139793056,ALIMENTO PERROS HUMEDO KINGFOOD POUCH CARNE 100GR,KINGFOOD,Mascotas,Alimento húmedo,""
7797453000468,ALIMENTO PERROS HUMEDO PEDIGREE CACHORRO CAR 85GR,PEDIGREE,Mascotas,Alimento húmedo,""
7797453000475,ALIMENTO PERROS HUMEDO PEDIGREE POUCH CARNE 100GR,PEDIGREE,Mascotas,Alimento húmedo,""
7797453000796,ALIMENTO PERROS HUMEDO PEDIGREE POUCH CARNE 100GR,PEDIGREE,Mascotas,Alimento húmedo,""
7797453000802,ALIMENTO PERROS HUMEDO PEDIGREE POUCH POLLO 100GR,PEDIGREE,Mascotas,Alimento húmedo,""
7798139791755,ALIMENTO PERROS HUMEDO PET S CLASS CACHORRO 85 GRS,PET S CLASS,Mascotas,Alimento húmedo,""
7798139791731,ALIMENTO PERROS HUMEDO PET S CLASS CARNE X 100 GRS,PET S CLASS,Mascotas,Alimento húmedo,""
7797453001472,Alimento WHISKAS Gatito carne SOUFFLE PCH-85-gr.,WHISKAS,Mascotas,Alimento húmedo,""
7797453001489,Alimento WHISKAS gatos SOUFFLE Ad Carne. PCH-85-gr.,WHISKAS,Mascotas,Alimento húmedo,""
7891000296158,Alimento para gatos Fancy Feast petit filets pouch 85 g,"",Mascotas,Alimento húmedo,""
7891000391433,FELIX POLLO WET,FELIX,Mascotas,Alimento húmedo,""
7798139796811,KING FOOD GATO CA DP POLLO Y LEC 85GR,KING FOOD,Mascotas,Alimento húmedo,""
7798139793063,KING FOOD PERRO CACH POUCH POLLO 85GR,KING FOOD,Mascotas,Alimento húmedo,""
7798139790024,PET CLASS GATO LATA ATUN SARD 340GR,PET CLASS,Mascotas,Alimento húmedo,""
7798139791847,PET CLASS GATO LATA FRUT MAT 340GR,PET CLASS,Mascotas,Alimento húmedo,""
7798139790017,PET CLASS GATO LATA SALON ROS 340GR,PET CLASS,Mascotas,Alimento húmedo,""
7798139790062,PET CLASS PERRO LATA CARNE 340GR,PET CLASS,Mascotas,Alimento húmedo,""
7798139790185,PET CLASS PERRO LATA POLLO Y LEC 340GR,PET CLASS,Mascotas,Alimento húmedo,""
7798139790178,PET CLASS PERRO LATA POLLO Y VEG 340GR,PET CLASS,Mascotas,Alimento húmedo,""
7798139791786,PETS CL GAT AT 85 GR,PET CLASS,Mascotas,Alimento húmedo,""
7798139796675,PETS CLASS GATO ADULTO POUCH CARNE 85GR,PET CLASS,Mascotas,Alimento húmedo,""
7798139790048,PETS CLASS LAT F M,PET CLASS,Mascotas,Alimento húmedo,""
7798139790031,PETS CLASS LAT P Y L,PET CLASS,Mascotas,Alimento húmedo,""
7797453001496,"POUCH GATO ADULTO PESCADO SOUFFLE ß, WHISKAS, 85 gr",WHISKAS,Mascotas,Alimento húmedo,""
7798139791779,POUCH GATO FRUTOS/MAR PETSCLASS PCH-85-gr.,PET' S CLASS,Mascotas,Alimento húmedo,""
7797453971768,"POUCH PERRO ADULTO 7+ CARNE ß, PEDIGREE, 100 gr",PEDIGREE,Mascotas,Alimento húmedo,""
7791416078518,RAZA GATO ADULTO GUISADO 340GR,RAZA,Mascotas,Alimento húmedo,""
7797453971737,WHISKAS LATA ADUL CARNE 340GR,WHISKAS,Mascotas,Alimento húmedo,""
7797453000437,WHISKAS Pavo PCH-85-gr.,WHISKAS,Mascotas,Alimento húmedo,""
7797453000482,alimento PEDIGREE pasta Pollo PCH-100-gr.,PEDIGREE,Mascotas,Alimento húmedo,""
7798139796668,humedo pets class para perro adulto poll PCH-100-gr.,PET' S CLASS,Mascotas,Alimento húmedo,""
8445290067623,ALI GAT ADUL PES/POL,CATCH,Mascotas,Alimento para gatos,""
8445291462830,ALI GAT PESC/CAR/VEG,CATCH,Mascotas,Alimento para gatos,""
8445291478923,ALI GATO ADU CAR/POL,GATI,Mascotas,Alimento para gatos,""
8445291478701,ALI GATO ADU PES/SAL,GATI,Mascotas,Alimento para gatos,""
8445290667571,ALI P/GATO PES/SALM,GATI,Mascotas,Alimento para gatos,""
8445290070647,ALIM ESTERIL PESCADO,CATCH,Mascotas,Alimento para gatos,""
7891000244074,ALIM GATO ADULT POLL,CATCH,Mascotas,Alimento para gatos,""
7891000244012,ALIM GATO CACH POLLO,CATCH,Mascotas,Alimento para gatos,""
8445290585240,ALIM GATO CARN&POLLO,GATI,Mascotas,Alimento para gatos,""
8445290068507,ALIM GATO CARNE/POLL,CAT CHOW,Mascotas,Alimento para gatos,""
7797708001547,ALIM GATO P PRECIO PO/PE,PRIMER PRECIO,Mascotas,Alimento para gatos,""
8445290067401,ALIM GATO PESC/POLLO,CATCH,Mascotas,Alimento para gatos,""
7791416072097,ALIM GATO RAZA PESC C/PRE,RAZA,Mascotas,Alimento para gatos,""
7891000241134,ALIM GATO SAB PESCAD,FELIX,Mascotas,Alimento para gatos,""
8445290068682,ALIM P.GAT AD CAR.PO,CAT CHOW,Mascotas,Alimento para gatos,""
8445290068705,ALIM P.GAT AD CAR.PO,CATCH,Mascotas,Alimento para gatos,""
8445290057433,ALIM P.GAT AD PES.PO,CAT CHOW,Mascotas,Alimento para gatos,""
8445290585042,ALIM P.GATO CARN&POL,GATI,Mascotas,Alimento para gatos,""
8445290585004,ALIM P.GATO PES&SALM,GATI,Mascotas,Alimento para gatos,""
8445290069313,ALIM P/GAT CARN VEGE,CAT CHOW,Mascotas,Alimento para gatos,""
8445291462854,ALIM.P/GATITOS PES.CAR.VEG. CAT CHOW PAQ 3 KGM,CAT CHOW,Mascotas,Alimento para gatos,""
7797453973137,ALIM.P/GATOS ADULTOS SAB. SALMÓN WHISKAS BSA 1 KGM,WHISKAS,Mascotas,Alimento para gatos,""
8480017696922,ALIMENT GATO PESCADO,DIA,Mascotas,Alimento para gatos,""
7613287229977,ALIMENTO GATO CARNE,PURIN,Mascotas,Alimento para gatos,""
7613287230386,ALIMENTO GATO CARNE,PURIN,Mascotas,Alimento para gatos,""
7791416960776,ALIMENTO GATOS CASTRADOS RAZA 1 KG,RAZA,Mascotas,Alimento para gatos,""
8445290057365,ALIMENTO GATOS CAT CHOW ADULTO PESCADO POLLO 0.5,CAT CHOW,Mascotas,Alimento para gatos,""
7798073174096,ALIMENTO GATOS KINGFOOD ADULTOS 500GRS,KINGFOOD,Mascotas,Alimento para gatos,""
7791416066331,ALIMENTO GATOS RAZA RED. CALORIAS PESCADO 1KG,RAZA,Mascotas,Alimento para gatos,""
7798073177226,ALIMENTO GATOS SABROSITOS PESCADO 1KG,SABROSITOS,Mascotas,Alimento para gatos,""
7798073177219,ALIMENTO GATOS SABROSITOS PESCADO 500GRS,SABROSITOS,Mascotas,Alimento para gatos,""
7797453972253,ALIMENTO GATOS WHISKAS ARC GATITOS 500GRS,WHISKAS,Mascotas,Alimento para gatos,""
7797453972291,ALIMENTO GATOS WHISKAS ARC PESCADO 1KG,WHISKAS,Mascotas,Alimento para gatos,""
7797453972284,ALIMENTO GATOS WHISKAS ARC PESCADO 500GRS,WHISKAS,Mascotas,Alimento para gatos,""
7797453972338,ALIMENTO GATOS WHISKAS CARE 500GRS,WHISKAS,Mascotas,Alimento para gatos,""
7791416960547,ALIMENTO P/GATOS CASTRA.SAB. CARNE Y POLLO RAZA BSA 500 GRM,RAZA,Mascotas,Alimento para gatos,""
7791416072530,"ALIMENTO SECO GATITO CARNE&LECHE ß, RAZA, 500 gr",RAZA,Mascotas,Alimento para gatos,""
7791416065990,"ALIMENTO SECO GATO ADULTO CA/PE/AR, RAZA, 1000 gr",RAZA,Mascotas,Alimento para gatos,""
7791416065983,"ALIMENTO SECO GATO ADULTO CA/PE/AR, RAZA, 500 gr",RAZA,Mascotas,Alimento para gatos,""
7791416001318,"ALIMENTO SECO GATO ADULTO PESCADO ß, RAZA, 1000 gr",RAZA,Mascotas,Alimento para gatos,""
7791416066836,"ALIMENTO SECO GATO ADULTO PESCADO, RAZA, 3000 gr",RAZA,Mascotas,Alimento para gatos,""
7791416001301,"ALIMENTO SECO GATO ADULTO PESCADO, RAZA, 500 gr",RAZA,Mascotas,Alimento para gatos,""
7791416066096,"ALIMENTO SECO GATO ADULTO PO/LE ß, RAZA, 1000 gr",RAZA,Mascotas,Alimento para gatos,""
7791416066089,"ALIMENTO SECO GATO ADULTO PO/LE, RAZA, 500 gr",RAZA,Mascotas,Alimento para gatos,""
7797453972390,"ALIMENTO SECO GATO ADULTO POLLO, WHISKAS, 1000 gr",WHISKAS,Mascotas,Alimento para gatos,""
7798088564578,"ALIMENTO SECO GATO, MAINTENANCE, 1000 gr",MAINTENANCE,Mascotas,Alimento para gatos,""
7798073177714,"ALIMENTO SECO GATOS CACHORROS, SABROSITOS, 1000 gr",SABROSITOS,Mascotas,Alimento para gatos,""
8445290070623,Alim Cat Chow Esterilizados Pesca Car 1k BSA-1000-gr.,CAT CHOW,Mascotas,Alimento para gatos,""
7613287230362,Alim Purina ONE Gato Carne 500g BSA-500-gr.,ONE,Mascotas,Alimento para gatos,""
7797453973120,Alim Whiskas Bueno Por Natu Salmon 500g BSA-500-gr.,WHISKAS,Mascotas,Alimento para gatos,""
8445290572905,Alimento FELIX Adultos gat megamix 1kg BSA-1000-gr.,FELIX,Mascotas,Alimento para gatos,""
8445290573629,Alimento FELIX Adultos gat megamix 3kg BSA-3000-gr.,FELIX,Mascotas,Alimento para gatos,""
8445290572851,Alimento FELIX para gatitos megamix 1kg BSA-1000-gr.,GATO FELIX,Mascotas,Alimento para gatos,""
8445290572875,Alimento FELIX para gatitos megamix 3kg BSA-3000-gr.,GATO FELIX,Mascotas,Alimento para gatos,""
7798073177301,"Alimento SABROSITOS gato Mix P,C,V 1k BSA-1000-gr.",SABROSITOS,Mascotas,Alimento para gatos,""
7798073177295,"Alimento SABROSITOS gato Mix P,C,V 3k BSA-3000-gr.",SABROSITOS,Mascotas,Alimento para gatos,""
7798073177264,"Alimento SABROSITOS gato Mix P,C,V 500g PAQ-500-gr.",SABROSITOS,Mascotas,Alimento para gatos,""
7797453973090,Alimento WHISKAS castrados mix carnes 1k BSA-1000-gr.,WHISKAS,Mascotas,Alimento para gatos,""
7797453973083,AlimentoWHISKAScastrados mix carnes500g BSA-500-gr.,WHISKAS,Mascotas,Alimento para gatos,""
7798156720615,CAT SELECTION 1KG,CAT SELECTION,Mascotas,Alimento para gatos,""
7798156720981,CAT SELECTION 500 GR,CAT SELECTION,Mascotas,Alimento para gatos,""
8445290584984,COMIDA GATO PESCADO,GATI,Mascotas,Alimento para gatos,""
8445290888181,FELIX ADULTOS 8KG,FELIX,Mascotas,Alimento para gatos,""
8445291463134,FELIX GATIT MIX 500G,FELIX,Mascotas,Alimento para gatos,""
7613287230423,PURINA ONE GATO ADULTO SALMON 500GR,PURINA ONE,Mascotas,Alimento para gatos,""
7791416960158,RAZA GATO PESCADO CON PREBIOTICOS 3KG,RAZA,Mascotas,Alimento para gatos,""
7798156721186,TIERNI GATOS 500 GRS,TIERNITOS,Mascotas,Alimento para gatos,""
7798156721179,TIERNITOS GATOS 1KG,TIERNITOS,Mascotas,Alimento para gatos,""
7798073177233,aLIMENTO sabrositos gATOS pESCADO X3KG BSA-3000-gr.,SABROSITOS,Mascotas,Alimento para gatos,""
7797453972345,alimento WHISKAS Para gatos carne 1kg BSA-1000-gr.,WHISKAS,Mascotas,Alimento para gatos,""
7797453972352,alimento WHISKAS Para gatos carne 3kg BSA-3000-gr.,WHISKAS,Mascotas,Alimento para gatos,""
7797453972307,alimento WHISKAS Para gatos pescado 3kg BSA-3000-gr.,WHISKAS,Mascotas,Alimento para gatos,""
7797453972406,alimento WHISKAS Para gatos pollo 3kg BSA-3000-gr.,WHISKAS,Mascotas,Alimento para gatos,""
7797453972383,alimento WHISKAS Para gatos pollo 500gr BSA-500-gr.,WHISKAS,Mascotas,Alimento para gatos,""
7797453972260,alimento WHISKAS gatitos c y l 1kg BSA-1000-gr.,WHISKAS,Mascotas,Alimento para gatos,""
7797708001493,AL. PERRO P PCIO CAR 18,PRIMER PRECIO,Mascotas,Alimento para perros,""
7797708001530,AL. PERRO P PCIO CAR 23,PRIMER PRECIO,Mascotas,Alimento para perros,""
7797708001486,AL. PERRO P PCIO CARNE,PRIMER PRECIO,Mascotas,Alimento para perros,""
7791416960172,AL. PERRO RAZA CASA ADU,RAZA,Mascotas,Alimento para perros,""
7791416960202,AL. PERRO RAZA CASA CACH,RAZA,Mascotas,Alimento para perros,""
7791416065655,AL. PERRO RAZA PO CAR CER,RAZA,Mascotas,Alimento para perros,""
7613287613288,ALI P/CACHORROS,DOGUI,Mascotas,Alimento para perros,""
8445290986559,ALI PERRO ADUL M/G,DOG C,Mascotas,Alimento para perros,""
8445290977373,ALIM ADULTO MED GDE,DOG CHOW,Mascotas,Alimento para perros,""
8445290977687,ALIM ADULTO MED GDE,D.CHO,Mascotas,Alimento para perros,""
8445290987587,ALIM ADULTO MINI PEQ,DOG CHOW,Mascotas,Alimento para perros,""
8445290987938,ALIM ADULTO MINI PEQ,D.CHO,Mascotas,Alimento para perros,""
7891000115695,ALIM CACH POLLO,DOG CHOW,Mascotas,Alimento para perros,""
7613287613264,ALIM PARA CACHORROS,DOGUI,Mascotas,Alimento para perros,""
7613287613356,ALIM PARA PERRO ADUL,DOGUI,Mascotas,Alimento para perros,""
7613287613431,ALIM PARA PERRO ADUL,DOGUI,Mascotas,Alimento para perros,""
7613287614971,ALIM PARA PERRO ADUL,DOGUI,Mascotas,Alimento para perros,""
7613287613240,ALIM PARA PERRO CACH,DOGUI,Mascotas,Alimento para perros,""
7798073177691,ALIM PERR AD MIX CCV 15+1,SABROSITOS,Mascotas,Alimento para perros,""
7613287225191,ALIM PERR ADUL CARNE,PURIN,Mascotas,Alimento para perros,""
7891000115619,ALIM PERRO ADULT C/P,DOGCH,Mascotas,Alimento para perros,""
8445290944184,ALIM PERRO CACH M/G,DOG CHOW,Mascotas,Alimento para perros,""
8445290944559,ALIM PERRO CACH M/G,DOGCH,Mascotas,Alimento para perros,""
8445290944429,ALIM PERRO MINI/PEQ,DOGCH,Mascotas,Alimento para perros,""
8445290944801,ALIM PERRO MINI/PEQ,DOGCH,Mascotas,Alimento para perros,""
8445290926722,ALIM PERROS HIGH PRO,DOGCH,Mascotas,Alimento para perros,""
7791416960127,ALIM.P/PERRO CARNE Y PROBIOT RAZA BSA 3 KGM,RAZA,Mascotas,Alimento para perros,""
7797453972543,ALIM.P/PERROS SENIOR PEDIGREE BSA 8 KGM,PEDIGREE,Mascotas,Alimento para perros,""
7798156721506,ALIM.PERROS ADULTOS RAZAS PEQ. DOG SELECTION BSA 8 KGM,DOG SELECTION,Mascotas,Alimento para perros,""
7791416066317,ALIM.PERROS SABOR CARNE RED.CALORIAS RAZA BSA 3 KGM,RAZA,Mascotas,Alimento para perros,""
7798073177417,ALIMENTO ADULTO SABROSITOS MIX C C V 1.5 KG,SABROSITOS,Mascotas,Alimento para perros,""
7798073177486,ALIMENTO ADULTO SABROSITOS VARIEDADES 8 KG,SABROSITOS,Mascotas,Alimento para perros,""
8480017088390,ALIMENTO P/PERROS,DIA,Mascotas,Alimento para perros,""
7798088562291,ALIMENTO PARA PERRO KONGO RAZAS MEDIAN/GRANDE BSA 8 KG,KONGO,Mascotas,Alimento para perros,""
7613287613226,ALIMENTO PERRO CACHO,DOGUI,Mascotas,Alimento para perros,""
7798073177615,ALIMENTO PERRO MIX DE C P SABROSITOS X 1.5 KG,SABROSITOS,Mascotas,Alimento para perros,""
7798073177653,ALIMENTO PERRO SABROSITOS ADULTO VARIEDADES 14+1KG,SABROSITOS,Mascotas,Alimento para perros,""
7797453972970,ALIMENTO PERROS CHAMP MIX CARNE 15KG,S/D,Mascotas,Alimento para perros,""
7798156721681,ALIMENTO PERROS DOG SELECTION ADULTOS 1.5 KG,DOG SELECTION,Mascotas,Alimento para perros,""
7798156721650,ALIMENTO PERROS DOG SELECTION CACHORROS 3 KG,DOG SELECTION,Mascotas,Alimento para perros,""
7798156721629,ALIMENTO PERROS DOG SELECTION RAZAS PEQUENAS 1.5 K,DOG SELECTION,Mascotas,Alimento para perros,""
7798156721612,ALIMENTO PERROS DOG SELECTION RAZAS PEQUENAS 3 KG,DOG SELECTION,Mascotas,Alimento para perros,""
7798088563168,ALIMENTO PERROS MAINTENANCE CRIADORES ADULT 15KG,CRIADORES,Mascotas,Alimento para perros,""
7798088563199,ALIMENTO PERROS MAINTENANCE CRIADORES ADULT 3KG,CRIADORES,Mascotas,Alimento para perros,""
7798180830267,ALIMENTO PERROS MATUTE ADULTOS CARNE ASADA 10KG,MATUTE,Mascotas,Alimento para perros,""
7798180830137,ALIMENTO PERROS MATUTE ADULTOS CARNE ASADA 15KG.,MATUTE,Mascotas,Alimento para perros,""
7797453972499,ALIMENTO PERROS PEDIGREE ADULTO CPC 8KG.,PEDIGREE,Mascotas,Alimento para perros,""
7797453001526,ALIMENTO PERROS PEDIGREE ADULTOS C.P.C 1.5KG,PEDIGREE,Mascotas,Alimento para perros,""
7797453972505,ALIMENTO PERROS PEDIGREE ADULTOS R. PEQ. C.V. 8KG.,PEDIGREE,Mascotas,Alimento para perros,""
7797453001564,ALIMENTO PERROS PEDIGREE ADULTOS R.PEQ. C.V 1.5KG,PEDIGREE,Mascotas,Alimento para perros,""
7797453974110,ALIMENTO PERROS PEDIGREE CACHORRO RAZA PEQ 3KG,PEDIGREE,Mascotas,Alimento para perros,""
7797453001502,ALIMENTO PERROS PEDIGREE CAHORROS SANO CREC 1.5KG,PEDIGREE,Mascotas,Alimento para perros,""
7791416001271,ALIMENTO PERROS RAZA ADULTOS CARNE 15KG,RAZA,Mascotas,Alimento para perros,""
8480017316325,ALIMENTO SECO PERRO,DIA,Mascotas,Alimento para perros,""
7791416065662,"ALIMENTO SECO PERRO ADUL P/C/C/A ß, RAZA, 3000 gr",RAZA,Mascotas,Alimento para perros,""
7791416065679,"ALIMENTO SECO PERRO ADUL P/C/C/A, RAZA, 8000 gr",RAZA,Mascotas,Alimento para perros,""
7797453000338,"ALIMENTO SECO PERRO ADULTO CA/PO/CE, PEDIGREE, 15 kgr",PEDIGREE,Mascotas,Alimento para perros,""
7791416001240,"ALIMENTO SECO PERRO ADULTO CARNE ß, RAZA, 1500 gr",RAZA,Mascotas,Alimento para perros,""
7791416001257,"ALIMENTO SECO PERRO ADULTO CARNE ß, RAZA, 3000 gr",RAZA,Mascotas,Alimento para perros,""
7791416065969,"ALIMENTO SECO PERRO CACH CA/CE/LE ß, RAZA, 1500 gr",RAZA,Mascotas,Alimento para perros,""
7613287225511,Alim Purina One Adulto Med Gra Carne 2k BSA-2000-gr.,ONE,Mascotas,Alimento para perros,""
7613287225535,Alim Purina One Adulto Med Gra Carne 6k BSA-6000-gr.,ONE,Mascotas,Alimento para perros,""
7613287227294,Alim Purina One Adulto Med Gra Cord 2k BSA-2000-gr.,ONE,Mascotas,Alimento para perros,""
7613287225313,Alim Purina One Adulto Mini Peq Carne 6k BSA-6000-gr.,ONE,Mascotas,Alimento para perros,""
8445290927149,"Alimento DOGCHOW Alta Proteina x2,7kg BSA-2700-gr.",DOG CHOW,Mascotas,Alimento para perros,""
8445290094841,Alimento Dog Chow Longevidad 3k BSA-3000-gr.,DOG CHOW,Mascotas,Alimento para perros,""
7798073173860,Alimento KING FOOD para Perros BSA-10000-gr.,KINGFOOD,Mascotas,Alimento para perros,""
7798073174089,Alimento KING FOOD para Perros x 3kg BSA-3000-gr.,KING FOOD,Mascotas,Alimento para perros,""
7613287224897,Alimento Purina One Cachorro 2k BSA-2000-gr.,ONE,Mascotas,Alimento para perros,""
7613287225115,Alimento Purina One Cachorro 6k BSA-6000-gr.,ONE,Mascotas,Alimento para perros,""
7798073177424,Alimento Sabrositos Mix X3kg BSA-3000-gr.,SABROSITOS,Mascotas,Alimento para perros,""
8445290595348,DOG CHOW Adulto M/G 15kg BSA-15000-gr.,DOG CHOW,Mascotas,Alimento para perros,""
8445290595317,DOG CHOW Adulto M/G 8kg BSA-8000-gr.,DOG CHOW,Mascotas,Alimento para perros,""
8445290594587,"DOG CHOW Adulto M/G x1,5kg BSA-1500-gr.",DOG CHOW,Mascotas,Alimento para perros,""
8445290594594,DOG CHOW Adulto M/G x3kg BSA-3000-gr.,DOG CHOW,Mascotas,Alimento para perros,""
8445290595508,DOG CHOW Adulto M/P 8kg BSA-8000-gr.,DOG CHOW,Mascotas,Alimento para perros,""
8445290595447,"DOG CHOW Adulto M/P x1,5kg BSA-1500-gr.",DOG CHOW,Mascotas,Alimento para perros,""
8445290595492,DOG CHOW Adulto M/P x3kg BSA-3000-gr.,DOG CHOW,Mascotas,Alimento para perros,""
8445290944276,DOG CHOW GRAN C 15K,DOG CHOW,Mascotas,Alimento para perros,""
8445290926968,DOG CHOW HP 8KG,DOG CHOW,Mascotas,Alimento para perros,""
8445290977632,DOG CHOW M L TRIPLE PROTEIN 6 X 3 KG AR,DOG CHOW,Mascotas,Alimento para perros,""
8445290987723,DOG CHOW MINI SML TRIPLE PROTEIN 8 KG AR,DOG CHOW,Mascotas,Alimento para perros,""
7798088562307,KONGO ADULTO MEDIANO Y GRANDE 15KG,KONGO,Mascotas,Alimento para perros,""
7798088560839,KONGO ADULTO MEDIANO Y GRANDE 3KG,KONGO,Mascotas,Alimento para perros,""
7798088563229,KONGO CACH 3KG,KONGO,Mascotas,Alimento para perros,""
7613287613455,LIM PARA PERR ADUL,DOGUI,Mascotas,Alimento para perros,""
7798088565223,MAINTEN CACHCOR 3KG,CRIADORES,Mascotas,Alimento para perros,""
7798088565209,MAINTENAN COR 15 KG,CRIADORES,Mascotas,Alimento para perros,""
7798156720073,PACHA ALIMENTO ADULTO 10KG,PACHA,Mascotas,Alimento para perros,""
7797453972536,PEDIGREE Adulto Carne y vegetales 8kg BSA-8000-gr.,PEDIGREE,Mascotas,Alimento para perros,""
7613287228017,PURINA ONE PERRO ADULTO GRAN CORD 6KG,PURINA ONE,Mascotas,Alimento para perros,""
7613287225351,PURINA ONE PERRO ADULTO MINI CORDERO 2KG,PURINA ONE,Mascotas,Alimento para perros,""
7797453001557,Pedigree Adulto C&V BSA-3000-gr.,PEDIGREE,Mascotas,Alimento para perros,""
7797453001533,Pedigree Adulto CPC BSA-3000-gr.,PEDIGREE,Mascotas,Alimento para perros,""
7797453001540,Pedigree Adulto CV BSA-1500-gr.,PEDIGREE,Mascotas,Alimento para perros,""
7797453001588,Pedigree Adulto Mayor CP&C BSA-1500-gr.,PEDIGREE,Mascotas,Alimento para perros,""
7797453001595,Pedigree Adulto Mayor CP&C BSA-3000-gr.,PEDIGREE,Mascotas,Alimento para perros,""
7797453001571,Pedigree Adulto Razas Pequeñas BSA-3000-gr.,PEDIGREE,Mascotas,Alimento para perros,""
7791416960189,RAZA PERRO ADULTO EN CASA CARNE 3KG,RAZA,Mascotas,Alimento para perros,""
7791416960196,RAZA PERRO ADULTO EN CASA CARNE 8KG,RAZA,Mascotas,Alimento para perros,""
7791416065686,RAZA PERRO ADULTO POLLO Y CARNE 15KG,RAZA,Mascotas,Alimento para perros,""
7791416960462,RAZA PERROS MAYORES CARNE 1500GR,RAZA,Mascotas,Alimento para perros,""
7791416960479,RAZA PERROS MAYORES CARNE 8KG,RAZA,Mascotas,Alimento para perros,""
7791416065648,RAZA PERROS SABOR CARNE 8 KG,RAZA,Mascotas,Alimento para perros,""
7798073177585,SAB PERRO PEQ 1500GR,SABROSITOS,Mascotas,Alimento para perros,""
7798073177608,SABROSITOS 18KG 2KG,SABROSITOS,Mascotas,Alimento para perros,""
7798073177431,SABROSITOS Adulto Mix Car/cer/veg x8Kg BSA-8000-gr.,SABROSITOS,Mascotas,Alimento para perros,""
7798073177370,SABROSITOS Cachorro Mix Car/cer/veg x1.5 BSA-1500-gr.,SABROSITOS,Mascotas,Alimento para perros,""
7798073177387,SABROSITOS Cachorro Mix Car/cer/veg x3K BSA-3000-gr.,SABROSITOS,Mascotas,Alimento para perros,""
7798073177394,SABROSITOS Cachorro Mix Car/cer/veg x8K BSA-8000-gr.,SABROSITOS,Mascotas,Alimento para perros,""
7798073177646,SABROSITOS PERRO ADULTO VARIEDAD 3KG,SABROSITOS,Mascotas,Alimento para perros,""
7798156722381,TIERNITOS ADULTOS,TIERNITOS,Mascotas,Alimento para perros,""
7798156722398,TIERNITOS ADULTOS,TIERNITOS,Mascotas,Alimento para perros,""
7790142000145,TIERNITOS CARNE 15KG,TIERNITOS,Mascotas,Alimento para perros,""
7790142000084,TIERNITOS PERRO ADULTO CARNE Y VEG 3KG,TIERNITOS,Mascotas,Alimento para perros,""
7790142196992,TIERNITOS PERRO ADULTO CARNE Y VEG 8KG,TIERNITOS,Mascotas,Alimento para perros,""
7797453001519,alimento  Pedigree cachorro BSA-3000-gr.,PEDIGREE,Mascotas,Alimento para perros,""
7797453972468,alimento PEDIGREE Cachorro 15kg BSA-15000-gr.,PEDIGREE,Mascotas,Alimento para perros,""
7797453972529,alimento PEDIGREE Cachorro 8kg BSA-8000-gr.,PEDIGREE,Mascotas,Alimento para perros,""
7797453000369,alimento PEDIGREE Carne & Vegetal BSA-15000-gr.,PEDIGREE,Mascotas,Alimento para perros,""
7797453973472,alimento PEDIGREE pro carne/pollo 1.3KG BSA-1300-gr.,PEDIGREE,Mascotas,Alimento para perros,""
7797453973489,alimento PEDIGREE pro carne/pollo 2.7KG BSA-2700-gr.,PEDIGREE,Mascotas,Alimento para perros,""
7798139793346,Shampoo p/perro PETS CLASS Frutilla BOT-500-gr.,PET' S CLASS,Mascotas,Higiene de mascotas,""
7798139793414,Shampoo p/perro PETS CLASS Pulg/Garr BOT-500-gr.,PET' S CLASS,Mascotas,Higiene de mascotas,""
7799120000580,ALIADA PIEDRAS SANITARIAS 2KG,ALIADA,Mascotas,Piedras sanitarias y accesorios,""
7799120000597,ALIADA PIEDRAS SANITARIAS 4KG,ALIADA,Mascotas,Piedras sanitarias y accesorios,""
7799120000603,ALIADA PIEDRAS SANITARIAS 6KG,ALIADA,Mascotas,Piedras sanitarias y accesorios,""
7798429432412,ARNES VITALFUN PECHERA MINIMAL BLACK TALLE S M,VITALFUN,Mascotas,Piedras sanitarias y accesorios,""
7798139796415,Acc P/gatos Pets Class Kit Sanit BSA-1-un.,PET' S CLASS,Mascotas,Piedras sanitarias y accesorios,""
4897065734843,CANASTA MASCOTA,DRIMY,Mascotas,Piedras sanitarias y accesorios,""
4897065734850,CANASTA MASCOTA,DRIMY,Mascotas,Piedras sanitarias y accesorios,""
0763571862957,CATYNAT PIED PREM 4K,CATYNAT,Mascotas,Piedras sanitarias y accesorios,""
0763571862933,CATYNAT PIEDRAS 2KG,CATYNAT,Mascotas,Piedras sanitarias y accesorios,""
0763571862940,CATYNAT PIEDRAS 4KG,CATYNAT,Mascotas,Piedras sanitarias y accesorios,""
7799035182968,CHARKOPET FRISBEE,CHARKO PETS,Mascotas,Piedras sanitarias y accesorios,""
7799035015310,CHARKOPET HUES CHIFL,CHARKO PETS,Mascotas,Piedras sanitarias y accesorios,""
7799035015501,CHARKOPET PELOTA40CM,CHARKO PETS,Mascotas,Piedras sanitarias y accesorios,""
7799035273000,CHARKOPET TIGRE SOGA,CHARKO PETS,Mascotas,Piedras sanitarias y accesorios,""
7799035273390,CHARKOPET VACA SOGA,CHARKO PETS,Mascotas,Piedras sanitarias y accesorios,""
7798013349737,COLLAR AR IR CHI,DEL CAMPO,Mascotas,Piedras sanitarias y accesorios,""
7798013349706,COLLAR ARCO IRIS GRANDE 3X64CM,DEL CAMPO,Mascotas,Piedras sanitarias y accesorios,""
7798013349720,COLLAR ARCO IRIS MEDIANO 2X47,DEL CAMPO,Mascotas,Piedras sanitarias y accesorios,""
7798429432184,COLLAR VITALFUN MINIMAL BLACK TALLE S M,VITALFUN,Mascotas,Piedras sanitarias y accesorios,""
7798429432177,COLLAR VITALFUN MINIMAL BLACK TALLE XS S,VITALFUN,Mascotas,Piedras sanitarias y accesorios,""
7798142312336,COMEDERO DE ACERO COMUN MEDIANO 22CM,FICA,Mascotas,Piedras sanitarias y accesorios,""
7798143382130,COMEDERO ECONOMICO CHICO,FICA,Mascotas,Piedras sanitarias y accesorios,""
7798143382147,COMEDERO ECONOMICO MEDIANO,FICA,Mascotas,Piedras sanitarias y accesorios,""
7798090361059,COMEDERO PET S CLASS DOBLE PLASTICO 1 UNI,PETS  CLASS,Mascotas,Piedras sanitarias y accesorios,""
7798013341106,CONJUNTO PRETAL CHICO 15X157CM,DEL CAMPO,Mascotas,Piedras sanitarias y accesorios,""
7798013341656,CONJUNTO PRETAL MEDIANO 15X188CM,DEL CAMPO,Mascotas,Piedras sanitarias y accesorios,""
7798013340536,CORREA PATITAS 16MMX100CM,DEL CAMPO,Mascotas,Piedras sanitarias y accesorios,""
7798013341830,CORREA PERRO GRA,DEL CAMPO,Mascotas,Piedras sanitarias y accesorios,""
7798429432313,CORREA VITALFUN CLASICA MINIMAL BLACK TALLE M,VITALFUN,Mascotas,Piedras sanitarias y accesorios,""
7798429432306,CORREA VITALFUN CLASICA MINIMAL BLACK TALLE S,VITALFUN,Mascotas,Piedras sanitarias y accesorios,""
7798139790789,Comedero PETS CLASS Doble S/E-1-un.,PET' S CLASS,Mascotas,Piedras sanitarias y accesorios,""
7798139796712,Comedero Para gatos Pets Class X1u S/E-1-un.,PET' S CLASS,Mascotas,Piedras sanitarias y accesorios,""
7798139796460,Comedero p/perro PETS CLASS Cocker S/E-1-un.,PET' S CLASS,Mascotas,Piedras sanitarias y accesorios,""
7798143384745,DISCO VOLADOR,FICA,Mascotas,Piedras sanitarias y accesorios,""
7798362091219,DOVER CILIN AMAR,DOVER PETS,Mascotas,Piedras sanitarias y accesorios,""
7798362090496,DOVER DONA AZUL,DOVER PETS,Mascotas,Piedras sanitarias y accesorios,""
7798362090564,DOVER MORDI NARAN,DOVER PETS,Mascotas,Piedras sanitarias y accesorios,""
7798362090694,DOVER PETS JUG COB,DOVER PETS,Mascotas,Piedras sanitarias y accesorios,""
7798362090748,DOVER PETS RASCADOR,DOVER PETS,Mascotas,Piedras sanitarias y accesorios,""
7798362091127,DOVER TRES NUD MONS,DOVER PETS,Mascotas,Piedras sanitarias y accesorios,""
7798362090410,DOVER TRIANG NEGR,DOVER PETS,Mascotas,Piedras sanitarias y accesorios,""
7798362090946,DP MASC BOLEADORA,DOVER PETS,Mascotas,Piedras sanitarias y accesorios,""
7798362091097,DP MASC C MANIJA,DOVER PETS,Mascotas,Piedras sanitarias y accesorios,""
7798362090281,DP MASC CRUZ MEDIAN,DOVER PETS,Mascotas,Piedras sanitarias y accesorios,""
7798362091011,DP SOG 3 NUDOS,DOVER PETS,Mascotas,Piedras sanitarias y accesorios,""
7798182780034,DRY WAY PIED SAN2 KG,DRY WAY,Mascotas,Piedras sanitarias y accesorios,""
7798182780041,DRY WAY PIEDRAS SANITARIAS 4KG,DRY WAY,Mascotas,Piedras sanitarias y accesorios,""
7798440430039,EGGYS CAMA  S CAMEL,EGGYS,Mascotas,Piedras sanitarias y accesorios,""
7798440430091,EGGYS CAMA L CAMEL,EGGYS,Mascotas,Piedras sanitarias y accesorios,""
7798440430060,EGGYS CAMA M CAMEL,EGGYS,Mascotas,Piedras sanitarias y accesorios,""
7799035182777,JUGUETE INTERACTIVO MORDEDOR PHIPHIPETS 7.5 CM,PHIPHIPETS,Mascotas,Piedras sanitarias y accesorios,""
7798139791700,LITERA CHICA GATO,PET CLASS,Mascotas,Piedras sanitarias y accesorios,""
7798139791694,LITERA MEDIANA GATO,PET CLASS,Mascotas,Piedras sanitarias y accesorios,""
7798143381157,MOISES GRANDE,FICA,Mascotas,Piedras sanitarias y accesorios,""
7798143381140,MOISES MEDIANO,FICA,Mascotas,Piedras sanitarias y accesorios,""
7798440430046,NIDO N RDICO EGGYS TAMANO M COLOR GRIS,S/D,Mascotas,Piedras sanitarias y accesorios,""
7798122877312,PALA DOSIFICADORA DE ALIMENTO,NO APLICA MARCA,Mascotas,Piedras sanitarias y accesorios,""
7798139791687,PALITA PARA GATOS PET S CLASS PLASTICA 1 UNI,PET S CLASS,Mascotas,Piedras sanitarias y accesorios,""
7798122877305,PALITA PARA LITERA,NO APLICA MARCA,Mascotas,Piedras sanitarias y accesorios,""
7798090362599,PELOTAS SONAJERO GATO 2UN,PET CLASS,Mascotas,Piedras sanitarias y accesorios,""
7798139792172,PETCLAS BUMER CHIFLE,PET CLASS,Mascotas,Piedras sanitarias y accesorios,""
7798139792127,PETS CLASS ERIZO CON CHIFLE,PET CLASS,Mascotas,Piedras sanitarias y accesorios,""
7798139796644,PETS CLASS KIT SANITARIO,PET CLASS,Mascotas,Piedras sanitarias y accesorios,""
7798139795869,PETS CLASS RASTRILLO,PET CLASS,Mascotas,Piedras sanitarias y accesorios,""
7798167400032,PIEDRAS SANITARIAS PELLCAT GATO PINO 3.7 KG,PELLCAT,Mascotas,Piedras sanitarias y accesorios,""
8445290954190,PIEDRITAS SANITARIAS,TIDY,Mascotas,Piedras sanitarias y accesorios,""
7798143382062,POLAR PAR PERRO LISO SIN MANGA T5,FICA,Mascotas,Piedras sanitarias y accesorios,""
7798143382079,POLAR PARA PERRO LISO S MANGA T8,FICA,Mascotas,Piedras sanitarias y accesorios,""
7798143382055,POLAR PARA PERRO LISO SIN MANGA T12,FICA,Mascotas,Piedras sanitarias y accesorios,""
7798139793124,Piedra Sanitaria PETS CLASS BSA-2000-gr.,PET' S CLASS,Mascotas,Piedras sanitarias y accesorios,""
7791176009111,Piedras Sanitarias CADEA BSA-3000-gr.,CADEA,Mascotas,Piedras sanitarias y accesorios,""
8445290954176,"Piedras Sanitarias TIDY CATS x1,8kg BSA-1800-gr.",TIDY CATS,Mascotas,Piedras sanitarias y accesorios,""
7799035083005,SURTIDO PERROS,PHI PHI TOYS,Mascotas,Piedras sanitarias y accesorios,""
7798389200045,ASADITOS CACHORROS,PET CLASS,Mascotas,Snacks para mascotas,""
7798389200069,ASADITOS CARNE,PET CLASS,Mascotas,Snacks para mascotas,""
7798389200052,ASADITOS GATOS,PET CLASS,Mascotas,Snacks para mascotas,""
7791416078112,BOCAD BLANDO PERRO CARNE,RAZA,Mascotas,Snacks para mascotas,""
7791416078129,BOCADITOS BLANDOS RAZA PAQ 65 GRM,RAZA,Mascotas,Snacks para mascotas,""
7798090356246,CANELON X 1UN,PET CLASS,Mascotas,Snacks para mascotas,""
7798362090250,DP COLA DE PEZ,DOVER PETS,Mascotas,Snacks para mascotas,""
7797453971881,GALL.CRUJIENTES SABORIZADAS BISCROK MULTI DOY 500 GRM,PEDIGREE,Mascotas,Snacks para mascotas,""
7798139796958,GALLETITAS pet´s class pANCETA 50GR DOY-50-gr.,PET' S CLASS,Mascotas,Snacks para mascotas,""
7798158671861,GOLOCAN HUESITO CHIP 120G,GOLOCAN,Mascotas,Snacks para mascotas,""
7798158671205,GOLOCAN JYQ 100GR,GOLOCAN,Mascotas,Snacks para mascotas,""
7798158672264,GOLOCAN TRAIN 180G,GOLOCAN,Mascotas,Snacks para mascotas,""
7798320833370,MN STICK BEEF 150GR,MONAMI,Mascotas,Snacks para mascotas,""
7798320833387,MN STICK LAMB 150 GR,MONAMI,Mascotas,Snacks para mascotas,""
7798320833394,MN STICK POLL 150GR,MONAMI,Mascotas,Snacks para mascotas,""
7798320833868,MONAMI GAT SNACK 50G,MON AMI,Mascotas,Snacks para mascotas,""
7798320833875,MONAMI GAT SNACK 50G,MON AMI,Mascotas,Snacks para mascotas,""
7798320830034,MONAMI TRAINEE 75GR,MONAMI,Mascotas,Snacks para mascotas,""
7791416078143,PALITOS BLANDOS RAZA PAQ 65 GRM,RAZA,Mascotas,Snacks para mascotas,""
7798139792080,PETCLAS HAMBU CHIFLE,PET CLASS,Mascotas,Snacks para mascotas,""
7798139796989,PETS CLASS GALLETITA PANCETA 400GR,PET CLASS,Mascotas,Snacks para mascotas,""
7798139797122,PETS CLASS HUE M SA,PET CLASS,Mascotas,Snacks para mascotas,""
7798139797115,PETS CLASS HUE S SA,PET CLASS,Mascotas,Snacks para mascotas,""
7798139797146,PETS CLASS HUE XL SA,PET CLASS,Mascotas,Snacks para mascotas,""
7798090354044,PETS CLASS HUESO,PET CLASS,Mascotas,Snacks para mascotas,""
7798139797009,PETS CLASS HUESO CUERO MEDIUM,PET CLASS,Mascotas,Snacks para mascotas,""
7798139797016,PETS CLASS HUESO M,PET CLASS,Mascotas,Snacks para mascotas,""
7798090354020,PETS CLASS HUESO PERRO 3 4 1UN,PET CLASS,Mascotas,Snacks para mascotas,""
7798139796996,PETS CLASS HUESO S,PET CLASS,Mascotas,Snacks para mascotas,""
7798139797023,PETS CLASS HUESO XL,PET CLASS,Mascotas,Snacks para mascotas,""
7798139796866,PETS CLASS PERRO GALLETITA CARNE 400GR,PET CLASS,Mascotas,Snacks para mascotas,""
7798139796972,PETS CLASS PERRO GALLETITA PANCETA 120GR,PET CLASS,Mascotas,Snacks para mascotas,""
7798139796941,PETS CLASS PERRO GALLETITA SURTIDA 400GR,PET CLASS,Mascotas,Snacks para mascotas,""
7798090357298,PETS CLASS SNACK CERDO,PET CLASS,Mascotas,Snacks para mascotas,""
7798139792813,PETS CLASS SNACK PERRO PALITO 3 8 10UN,PET CLASS,Mascotas,Snacks para mascotas,""
7791416090008,RAZA SNACK PERRO BARRITA CARNE 1UN,RAZA,Mascotas,Snacks para mascotas,""
7791416078136,RAZA SNACK PERRO PALITO JAMON 65GR,RAZA,Mascotas,Snacks para mascotas,""
7798320830041,SNACK DENT CLEAN 7 G,MONAMI,Mascotas,Snacks para mascotas,""
7798320830058,SNACK DENT STICK 75G,MON AMI,Mascotas,Snacks para mascotas,""
7798158671885,SNACK GATOS GOLOCAN BOCADITO DEL MAR 45GRS,GOLOCAN,Mascotas,Snacks para mascotas,""
7797453973786,SNACK GATOS WHISKAS CARNE 40 GRS,WHISKAS,Mascotas,Snacks para mascotas,""
7797453973779,SNACK GATOS WHISKAS POLLO 40 GRS,WHISKAS,Mascotas,Snacks para mascotas,""
7797453973793,SNACK GATOS WHISKAS SALMON 40 GRS,WHISKAS,Mascotas,Snacks para mascotas,""
7798158671267,SNACK PERROS GOLOCAN BISCUIT DE POLLO 120GRS,GOLOCAN,Mascotas,Snacks para mascotas,""
7798158671625,SNACK PERROS GOLOCAN BISCUITS DE POLLO 500 G,GOLOCAN,Mascotas,Snacks para mascotas,""
7798158671649,SNACK PERROS GOLOCAN BOC. CARN POLLO Y CHOC 500 G,GOLOCAN,Mascotas,Snacks para mascotas,""
7798158671717,SNACK PERROS GOLOCAN BOC. JAMON QUESO Y ESP 500 G,GOLOCAN,Mascotas,Snacks para mascotas,""
7798158671182,SNACK PERROS GOLOCAN BOCADITOS CARNE CHOCO 100GRS,GOLOCAN,Mascotas,Snacks para mascotas,""
7798320830348,SNACK PERROS MON AMI DENTAL STICK M 50G,MON AMI,Mascotas,Snacks para mascotas,""
7798320830010,SNACK PERROS MON AMI SNACK CHURRASQUITO 75G,MON AMI,Mascotas,Snacks para mascotas,""
7797453971874,SNACK PERROS PEDIGREE C T BISCROCK MULTI 100GR,PEDIGREE,Mascotas,Snacks para mascotas,""
7797453971829,SNACK PERROS PEDIGREE C T DENTASTIX R.MED 1UNI,PEDIGREE,Mascotas,Snacks para mascotas,""
7797453971836,SNACK PERROS PEDIGREE C T DENTASTIX R.MED 3UNI,PEDIGREE,Mascotas,Snacks para mascotas,""
7797453971799,SNACK PERROS PEDIGREE C T DENTASTIX R.PEQ 1UNI,PEDIGREE,Mascotas,Snacks para mascotas,""
7797453971850,SNACK PERROS PEDIGREE C T RODEO CARNE 4UNI,PEDIGREE,Mascotas,Snacks para mascotas,""
7798139796835,SNACK PERROS PETS CLASS CARNE ASADA 50GRS,PET S CLASS,Mascotas,Snacks para mascotas,""
7798139796910,SNACK PERROS PETS CLASS MIX SURTIDO 50GRS,PET S CLASS,Mascotas,Snacks para mascotas,""
7797453973458,Snack PEDIGREE DENTASTIX Grande x115g BSA-115-gr.,PEDIGREE,Mascotas,Snacks para mascotas,""
7797453973465,Snack PEDIGREE DENTASTIX Grande x270g BSA-270-gr.,PEDIGREE,Mascotas,Snacks para mascotas,""
7797453973441,Snack PEDIGREE DENTASTIX Grande x38g BSA-38-gr.,PEDIGREE,Mascotas,Snacks para mascotas,""
7797453973816,Snack WHISKAS para Gatos de Carne x80g BSA-80-gr.,WHISKAS,Mascotas,Snacks para mascotas,""
7797453973809,Snack WHISKAS para Gatos de Pollo x80g BSA-80-gr.,WHISKAS,Mascotas,Snacks para mascotas,""
7797453973823,Snack WHISKAS para Gatos de Salmon x80g BSA-80-gr.,WHISKAS,Mascotas,Snacks para mascotas,""
7792052045490,Snack para perros Rellenos x 250g CJA-250-gr.,PET'S FUN MP,Mascotas,Snacks para mascotas,""
7797453971843,Snacks Dentastix Razas Med Cuidado Oral PAQ-179.9-gr.,PEDIGREE,Mascotas,Snacks para mascotas,""
7797453971812,Snacks Dentastix Razas Peq.Cuidado Oral PAQ-109.9-gr.,PEDIGREE,Mascotas,Snacks para mascotas,""
7797453971805,Snacks Dentastix Razas Peq.Cuidado Oral PAQ-47.10-gr.,PEDIGREE,Mascotas,Snacks para mascotas,""
7798139791618,Snacks P/Perro Pack Surtido De Hueso PAQ-1-un.,PET' S CLASS,Mascotas,Snacks para mascotas,""
7798139796729,Snacks Perro Pets Class Canelon Cuero X1 PAQ-1-un.,PET' S CLASS,Mascotas,Snacks para mascotas,""
7797453971867,Snacks Rodeo Sabor Pollo PAQ-70-gr.,PEDIGREE,Mascotas,Snacks para mascotas,""
7798139796439,Snacks p/perro PETS CLASS Dona de Cuero PAQ-1-un.,PET' S CLASS,Mascotas,Snacks para mascotas,""
7798139796422,Snacks p/perro PETS CLASS Hueso 9/10 PAQ-1-un.,PET' S CLASS,Mascotas,Snacks para mascotas,""
7792052045476,Snacks para perros Dognuts x 250gr CJA-250-gr.,PET'S FUN MP,Mascotas,Snacks para mascotas,""
7792052045483,Snacks para perros Huesitos x 250gr CJA-250-gr.,PET'S FUN MP,Mascotas,Snacks para mascotas,""
7791416078150,TIRITAS BLANDAS P/GATOS SAB CARNE RAZA PAQ 50 GRM,RAZA,Mascotas,Snacks para mascotas,""
7798139796859,galletitas PET´S CLASS Carne Asada 120gr DOY-120-gr.,PET' S CLASS,Mascotas,Snacks para mascotas,""
7798139796897,galletitas PET´S CLASS Pollo 120gr DOY-120-gr.,PET' S CLASS,Mascotas,Snacks para mascotas,""
7798139796873,galletitas PET´S CLASS Pollo 50gr DOY-50-gr.,PET' S CLASS,Mascotas,Snacks para mascotas,""
7798139796934,galletitas PET´S CLASS Surtido 120gr DOY-120-gr.,PET' S CLASS,Mascotas,Snacks para mascotas,""
7798139796927,galletitas PET´S CLASS Surtido 75gr DOY-75-gr.,PET' S CLASS,Mascotas,Snacks para mascotas,""
4549292041866,BOT TINTA CANON AMAR,CANON,Electro,Celulares e informática,""
4549292041828,BOT TINTA CANON CYAN,CANON,Electro,Celulares e informática,""
4549292041842,BOT TINTA CANON MAGE,CANON,Electro,Celulares e informática,""
4549292054729,BOT TINTA CANON NEGR,CANON,Electro,Celulares e informática,""
0010343965973,BOTELLA TINTA EPSON 544 FULL PACK,EPSON,Electro,Celulares e informática,""
0010343965959,BOTELLA TINTA EPSON 544 NEGRA,EPSON,Electro,Celulares e informática,""
0190780132524,BOTELLA TINTA HP GT52 CYAN,HP,Electro,Celulares e informática,""
0190780132548,BOTELLA TINTA HP GT52 MAGENTA,HP,Electro,Celulares e informática,""
0192545527583,BOTELLA TINTA NEGRA HP GT53,HP,Electro,Celulares e informática,""
7798137697523,CABLE HDMI NOGA 2MTS,NOGANET,Electro,Celulares e informática,""
7798137697646,CABLE HDMI NOGA 3MTS,NOGANET,Electro,Celulares e informática,""
7798137697653,CABLE HDMI NOGA 5MTS,NOGANET,Electro,Celulares e informática,""
7798137720085,CARGADOR USB NOGA BL,NOGANET,Electro,Celulares e informática,""
0886112670122,CARTUCHO TINTA HP 662 COLOR,HP,Electro,Celulares e informática,""
0886112670115,CARTUCHO TINTA HP 662 NEGRO,HP,Electro,Celulares e informática,""
0889296597148,CARTUCHO TINTA HP 664 NEGRO,HP,Electro,Celulares e informática,""
0889296597124,CARTUCHO TINTA HP 664 TRICOLOR,HP,Electro,Celulares e informática,""
0193015522435,CARTUCHO TINTA HP 667 COLOR,HP,Electro,Celulares e informática,""
0193015522459,CARTUCHO TINTA HP 667 NEGRO,HP,Electro,Celulares e informática,""
8806097080428,CEL A26 256GB BLACK,SAMSUNG,Electro,Celulares e informática,""
8806097080336,CEL GALAXY A26 5G MINT,SAMSUNG,Electro,Celulares e informática,""
7790894901240,CEL MOTO E14 GRIS,MOTOROLA,Electro,Celulares e informática,""
7790894901257,CEL MOTO E14 VERDE,MOTOROLA,Electro,Celulares e informática,""
7790894901431,CEL MOTO E15 BLUE 64GB,MOTOROLA,Electro,Celulares e informática,""
7790894901448,CEL MOTO E15 LAVANDA 64GB,MOTOROLA,Electro,Celulares e informática,""
7790894900632,CEL MOTO E22 64GB AZUL,MOTOROLA,Electro,Celulares e informática,""
7790894900625,CEL MOTO E22 64GB NEGRO,MOTOROLA,Electro,Celulares e informática,""
7790894902100,CEL MOTO EDG 70 FUSION S,MOTOROLA,Electro,Celulares e informática,""
7796962997320,CEL MOTO EDGE 40 MAGENTA,MOTOROLA,Electro,Celulares e informática,""
7796962997313,CEL MOTO EDGE 40 VERDE,MOTOROLA,Electro,Celulares e informática,""
7790894900885,CEL MOTO EDGE 40NEO CLEST,MOTOROLA,Electro,Celulares e informática,""
7790894900502,CEL MOTO EDGE 40PRO NEGRO,MOTOROLA,Electro,Celulares e informática,""
7790894900991,CEL MOTO G04 NEGRO,MOTOROLA,Electro,Celulares e informática,""
7790894901042,CEL MOTO G04S VERDE,MOTOROLA,Electro,Celulares e informática,""
7790894901790,CEL MOTO G05 128GB GREEN,MOTOROLA,Electro,Celulares e informática,""
7790894901783,CEL MOTO G05 128GB RED,MOTOROLA,Electro,Celulares e informática,""
7790894901387,CEL MOTO G05 64GB GREEN,MOTOROLA,Electro,Celulares e informática,""
7790894901851,CEL MOTO G06 128GB AZUL,MOTOROLA,Electro,Celulares e informática,""
7790894901868,CEL MOTO G06 128GB VERDE,MOTOROLA,Electro,Celulares e informática,""
7790894901837,CEL MOTO G06 64GB AZUL,MOTOROLA,Electro,Celulares e informática,""
7790894901844,CEL MOTO G06 64GB NARANJA,MOTOROLA,Electro,Celulares e informática,""
7790894900687,CEL MOTO G13 128GB ROSA,MOTOROLA,Electro,Celulares e informática,""
7790894900571,CEL MOTO G13 BLUE DS,MOTOROLA,Electro,Celulares e informática,""
7790894900748,CEL MOTO G14 GRAY,MOTOROLA,Electro,Celulares e informática,""
7790894901417,CEL MOTO G15 128GB GREEN,MOTOROLA,Electro,Celulares e informática,""
7790894901400,CEL MOTO G15 128GB GREY,MOTOROLA,Electro,Celulares e informática,""
7790894901424,CEL MOTO G15 128GB ORANGE,MOTOROLA,Electro,Celulares e informática,""
7790894901493,CEL MOTO G15 256GB GREY,MOTOROLA,Electro,Celulares e informática,""
7790894900601,CEL MOTO G23 AZUL,MOTOROLA,Electro,Celulares e informática,""
7790894900618,CEL MOTO G23 BLANCO,MOTOROLA,Electro,Celulares e informática,""
7790894900717,CEL MOTO G32 GRIS 6GB/128,MOTOROLA,Electro,Celulares e informática,""
7790894900724,CEL MOTO G32 ROSA 6GB/128,MOTOROLA,Electro,Celulares e informática,""
7790894901585,CEL MOTO G35 5G GRIS 256G,MOTOROLA,Electro,Celulares e informática,""
7790894901776,CEL MOTO G56 5G GRAY,MOTOROLA,Electro,Celulares e informática,""
7790894901769,CEL MOTO G56 5G GREEN,MOTOROLA,Electro,Celulares e informática,""
7790894902018,CEL MOTO G67 PANTONE ART,MOTOROLA,Electro,Celulares e informática,""
7790894901608,CEL MOTO G75 5G BLUE 256G,MOTOROLA,Electro,Celulares e informática,""
7790894901936,CEL MOTO G77 PANTONE BLA,MOTOROLA,Electro,Celulares e informática,""
7796962998310,CEL NOBLEX B30 128G6,NOBLEX,Electro,Celulares e informática,""
7796962998303,CEL NOBLEX N52 64GB2,NOBLEX,Electro,Celulares e informática,""
7796962998297,CEL NOBLEX N62 64GB2,NOBLEX,Electro,Celulares e informática,""
7796962998327,CEL NOBLEX N62 64GB4,NOBLEX,Electro,Celulares e informática,""
6932554416652,CEL REDMI 14C MIDNIG BLAC,XIAOMI,Electro,Celulares e informática,""
6932554416683,CEL REDMI 14C SAGE GREEN,XIAOMI,Electro,Celulares e informática,""
6932554416638,CEL REDMI 14C STARY BLUE,XIAOMI,Electro,Celulares e informática,""
6932554435837,CEL REDMI NOTE 14 BLACK,XIAOMI,Electro,Celulares e informática,""
6932554435882,CEL REDMI NOTE 14 PRO,XIAOMI,Electro,Celulares e informática,""
8806095271385,CEL SAMS A05 128GB BLACK,SAMSUNG,Electro,Celulares e informática,""
8806095271279,CEL SAMS A05 128GB SILVER,SAMSUNG,Electro,Celulares e informática,""
8806095271446,CEL SAMS A05 64GB BLACK,SAMSUNG,Electro,Celulares e informática,""
8806095271330,CEL SAMS A05 64GB SILVER,SAMSUNG,Electro,Celulares e informática,""
8806094783469,CEL SAMS A14 128GB 5G SIL,SAMSUNG,Electro,Celulares e informática,""
8806097667025,CEL SAMS A17 128G BLACK,SAMSUNG,Electro,Celulares e informática,""
8806097666516,CEL SAMS A17 128G BLUE,SAMSUNG,Electro,Celulares e informática,""
8806094619478,CEL SAMS A23 128GB BLK 5G,SAMSUNG,Electro,Celulares e informática,""
8806094619553,CEL SAMS A23 128GB WTE 5G,SAMSUNG,Electro,Celulares e informática,""
8806094441888,CEL SAMSUNG A04 64GB BK,SAMSUNG,Electro,Celulares e informática,""
8806094731835,CEL SAMSUNG A04E 32GB BR,SAMSUNG,Electro,Celulares e informática,""
8806095755403,CEL SAMSUNG A06 64GB BLK,SAMSUNG,Electro,Celulares e informática,""
8806097651932,CEL SAMSUNG A07 128GB GRE,SAMSUNG,Electro,Celulares e informática,""
8806095382395,CEL SAMSUNG A15 128GB BL,SAMSUNG,Electro,Celulares e informática,""
8806095382449,CEL SAMSUNG A15 128GB CLT,SAMSUNG,Electro,Celulares e informática,""
8806095382364,CEL SAMSUNG A15 128GB LIM,SAMSUNG,Electro,Celulares e informática,""
8806095818023,CEL SAMSUNG A16 4G GREY,SAMSUNG,Electro,Celulares e informática,""
8806097080381,CEL SAMSUNG A26 BLAN,SAMSUNG,Electro,Celulares e informática,""
8806097056966,CEL SAMSUNG A56 5G GRAPHI,SAMSUNG,Electro,Celulares e informática,""
7796941338557,CEL TCL 403 32GB BLACK,TCL,Electro,Celulares e informática,""
4894947011689,CEL TECNO SPARK 20C 128 B,TECNO,Electro,Celulares e informática,""
4894947016844,CEL TECNO SPARK 20C 256 B,TECNO,Electro,Celulares e informática,""
4894947051647,CEL TECNO SPARK 30C 256GB,TECNO,Electro,Celulares e informática,""
4894947051623,CEL TECNO SPARK 30C BLACK,TECNO,Electro,Celulares e informática,""
6941812764022,CEL XIAOMI MI NOTE 13 BLK,XIAOMI,Electro,Celulares e informática,""
6941812763902,CEL XIAOMI MI NOTE 13 BLU,XIAOMI,Electro,Celulares e informática,""
6941812703571,CEL XIAOMI REDMI 10C GRAY,XIAOMI,Electro,Celulares e informática,""
6941812766897,CEL XIAOMI REDMI A3 BLACK,XIAOMI,Electro,Celulares e informática,""
8806097652816,"CELULAR A07 4/128 BLACK, SAMSUNG, 1 cu",SAMSUNG,Electro,Celulares e informática,""
8806097651970,"CELULAR A07 4/128 VIOLET, SAMSUNG, 1 cu",SAMSUNG,Electro,Celulares e informática,""
7790894901974,"CELULAR G17 4/128 EVENING BLUE, MOTOROLA, 1 cu",MOTOROLA,Electro,Celulares e informática,""
7790894901967,"CELULAR G17 4/256 ALASKAN BLUE, MOTOROLA, 1 cu",MOTOROLA,Electro,Celulares e informática,""
7790894901950,"CELULAR G17 4/256 BORDEAUX, MOTOROLA, 1 cu",MOTOROLA,Electro,Celulares e informática,""
8806095150185,GALAXY A25 5G 128G N,SAMSUNG,Electro,Celulares e informática,""
8806095521213,GALAXY A35 5256 NAVY,SAMSUNG,Electro,Celulares e informática,""
0010343970724,IMPRESORA EPSON L1250 ECOTANK MONOFUNCION,EPSON,Electro,Celulares e informática,""
0010343958081,IMPRESORA EPSON L3210 MULTIFUNCION COLOR,EPSON,Electro,Celulares e informática,""
0010343958128,IMPRESORA EPSON L3250 SISTEMA CONTINUO,EPSON,Electro,Celulares e informática,""
0196548866793,IMPRESORA HP SMART TANK 580,HP,Electro,Celulares e informática,""
0198157015203,LENOVO IDEA TAB11+TECL+LA,LENOVO,Electro,Celulares e informática,""
8806092010734,MONITOR LED SAMSUNG 22,SAMSUNG,Electro,Celulares e informática,""
8806092010741,MONITOR LED SAMSUNG 24,SAMSUNG,Electro,Celulares e informática,""
8806094464955,MONITOR SAMSUNG 32 FLAT SMART M5,SAMSUNG,Electro,Celulares e informática,""
7790894901653,MOTO EDGE 60 AZUL,MOTOROLA,Electro,Celulares e informática,""
7790894901622,MOTO EDGE 60 FUSION,MOTOROLA,Electro,Celulares e informática,""
7790894901707,MOTO EDGE 60 PRO CBT,MOTOROLA,Electro,Celulares e informática,""
7790894901073,MOTO EDGE50 PRO NG,MOTOROLA,Electro,Celulares e informática,""
7790894901103,MOTO EDGE50FUSION AZ,MOTOROLA,Electro,Celulares e informática,""
7790894901127,MOTO EDGE50FUSION CE,MOTOROLA,Electro,Celulares e informática,""
7790894901035,MOTO G04S 64GB NEGRO,MOTOROLA,Electro,Celulares e informática,""
7790894901394,MOTO G05 ROJO 64GB,MOTOROLA,Electro,Celulares e informática,""
7790894900762,MOTO G14 128 BEIGE,MOTOROLA,Electro,Celulares e informática,""
7790894900755,MOTO G14 128 ROSA,MOTOROLA,Electro,Celulares e informática,""
7790894901516,MOTO G15 S EDIT NARA,MOTOROLA,Electro,Celulares e informática,""
7790894901509,MOTO G15 S EDIT VERD,MOTOROLA,Electro,Celulares e informática,""
7790894900946,MOTO G24 128 GRIS,MOTOROLA,Electro,Celulares e informática,""
7790894900960,MOTO G24 128 LAVANDA,MOTOROLA,Electro,Celulares e informática,""
7790894900953,MOTO G24 128 VERDE,MOTOROLA,Electro,Celulares e informática,""
7790894900977,MOTO G24 POWER AZUL,MOTOROLA,Electro,Celulares e informática,""
7790894900984,MOTO G24 POWER CELES,MOTOROLA,Electro,Celulares e informática,""
7790894900700,MOTO G32 6 128 GRIS,MOTOROLA,Electro,Celulares e informática,""
7790894901349,MOTO G35 4G128GB CG,MOTOROLA,Electro,Celulares e informática,""
7790894901325,MOTO G35 4G128GB LG,MOTOROLA,Electro,Celulares e informática,""
7790894900823,MOTO G54 5G 128 AZUL,MOTOROLA,Electro,Celulares e informática,""
7790894900830,MOTO G54 5G 128 VERD,MOTOROLA,Electro,Celulares e informática,""
7790894901356,MOTO G75 4G128GB CG,MOTOROLA,Electro,Celulares e informática,""
7790894901219,MOTO G85 5G 256G VER,MOTOROLA,Electro,Celulares e informática,""
7790894901721,MOTO G86 5G AZUL,MOTOROLA,Electro,Celulares e informática,""
7790894900670,MOTOG13 4 128 ROSA,MOTOROLA,Electro,Celulares e informática,""
7790894901059,MOTOROLA G04s 64G AZ,MOTOROLA,Electro,Celulares e informática,""
7790894901066,MOTOROLA G04s 64GNJA,MOTOROLA,Electro,Celulares e informática,""
6940252364496,MOUSE CABLEADO HP,HP,Electro,Celulares e informática,""
7798137714329,MOUSE GAMER NG,NOGANET,Electro,Celulares e informática,""
0097855181145,MOUSE LOGITECH M110G,LOGITECH,Electro,Celulares e informática,""
0097855181138,MOUSE LOGITECH M110N,LOGITECH,Electro,Celulares e informática,""
0097855124180,MOUSE LOGITECH M170 NEGRO INALAMBRICO,LOGITECH,Electro,Celulares e informática,""
0097855102355,MOUSE LOGITECH M90 C CABLE NEGRO,LOGITECH,Electro,Celulares e informática,""
4549292095449,MULTIFUNCION SIST CONTI CANON G31110,CANON,Electro,Celulares e informática,""
0198415328557,NB HP 14 I3 8512G 11,HP,Electro,Celulares e informática,""
0197497164282,NB HP I38 512GB,HP,Electro,Celulares e informática,""
0196802082679,NB LENOVO CEL 4 128,LENOVO,Electro,Celulares e informática,""
7797678020470,NOT EXO SMART XQ31J C385,EXO,Electro,Celulares e informática,""
0196378446882,NOT LENOVO 14IGL05 N4020,LENOVO,Electro,Celulares e informática,""
8806094973594,NOT SSG GALAXY BOOK 3 I3,SAMSUNG,Electro,Celulares e informática,""
7798181992346,NOTEB ENOVA CELERON N4020,ENOVA,Electro,Celulares e informática,""
0196548629909,NOTEB HP 14-DQ0515LA CELE,HP,Electro,Celulares e informática,""
0198990785363,NOTEB HP 15-FC0235LA R3,HP,Electro,Celulares e informática,""
0198990785394,NOTEB HP 15-FC0251LA R5,HP,Electro,Celulares e informática,""
0198155192883,NOTEB LENOVO 15AMN8 R5,LENOVO,Electro,Celulares e informática,""
0197532050587,NOTEB LENOVO 15IAN8 I3,LENOVO,Electro,Celulares e informática,""
0196380033414,NOTEB LENOVO 15IML05 I3,LENOVO,Electro,Celulares e informática,""
7799111038059,NOTEB NOBLEX 91N14X1000,NOBLEX,Electro,Celulares e informática,""
7798166644444,NOTEB POSITIVO AT525,POSITIVO BGH,Electro,Celulares e informática,""
7797678020395,NOTEBOOK EXO SMART XR2,EXO,Electro,Celulares e informática,""
0756058669583,NOTEBOOK GFAST N-150-W,GFAST,Electro,Celulares e informática,""
0756058670473,NOTEBOOK GFAST N-321R,GFAST,Electro,Celulares e informática,""
0756058670060,NOTEBOOK GFAST N-574R-W,GFAST,Electro,Celulares e informática,""
0756058670541,NOTEBOOK GFAST N-758R,GFAST,Electro,Celulares e informática,""
0740617309928,PENDRIVE KINGSTON 128GB 3 2 DTX,KINGSTON,Electro,Celulares e informática,""
0711719579823,PLAYSTATION PORTAL,SONY,Electro,Celulares e informática,""
7798181992322,QUANTUM QTEST 32 1GB 5 45 NEGRO,QUANTUM,Electro,Celulares e informática,""
8806095818030,SAMSUNG A16 128G NEG,SAMSUNG,Electro,Celulares e informática,""
8806095818948,SAMSUNG A16 256G NEG,SAMSUNG,Electro,Celulares e informática,""
8806095819044,SAMSUNG A16 356G VER,SAMSUNG,Electro,Celulares e informática,""
8806097059370,SAMSUNG A36 5G BLACK,SAMSUNG,Electro,Celulares e informática,""
8806097059004,SAMSUNG A36 5G LAVAN,SAMSUNG,Electro,Celulares e informática,""
8806097057703,SAMSUNG A36 5G LIME,SAMSUNG,Electro,Celulares e informática,""
8806097058267,SAMSUNG A36 5G WHITE,SAMSUNG,Electro,Celulares e informática,""
8806097055723,SAMSUNG A56 5G GRAY,SAMSUNG,Electro,Celulares e informática,""
8806097054870,SAMSUNG A56 5G PINK,SAMSUNG,Electro,Celulares e informática,""
7798384611433,SMARTWATCH QT NEGRO,X VIEW,Electro,Celulares e informática,""
6941812775714,SMARTWATCH XIAOMI N,XIAOMI,Electro,Celulares e informática,""
4894947047435,SPARK 30 PRO 128G OB,TECNO,Electro,Celulares e informática,""
4894947051661,SPARK 30C 128G BLAN,TECNO,Electro,Celulares e informática,""
4894947051685,SPARK 30C 256G BLAN,TECNO,Electro,Celulares e informática,""
8806095755441,SS A06 128GB 4G CELE,SAMSUNG,Electro,Celulares e informática,""
8806095755380,SS A06 128GB 4G NEGR,SAMSUNG,Electro,Celulares e informática,""
8806095755410,SS A06 128GB 4G VERD,SAMSUNG,Electro,Celulares e informática,""
8806095755458,SS A06 64GB 4G CELES,SAMSUNG,Electro,Celulares e informática,""
8806095755434,SS A06 64GB 4G VERDE,SAMSUNG,Electro,Celulares e informática,""
7798366630445,SW G HOME GR29 U NAR,GROW HOME,Electro,Celulares e informática,""
0850053627743,TAB SKY ELITE10 PRO,SKY,Electro,Celulares e informática,""
7797678018149,TABET EXO WAVE I101 T2,EXO,Electro,Celulares e informática,""
7796941336416,"TABLET 11"""" 4/128 GRIS +FLIPCASE+KB, TCL, 1 cu",TCL,Electro,Celulares e informática,""
8806095387444,TABLET 8.7 SAMSUNG 4GB 64GB GALAXY TAB A9.,SAMSUNG,Electro,Celulares e informática,""
7797678018880,TABLET EXO WAVE I726 A10,EXO,Electro,Celulares e informática,""
0196802721660,TABLET LENOVO M10 10 1,LENOVO,Electro,Celulares e informática,""
0198154668891,TABLET LENOVO TAB 10 1,LENOVO,Electro,Celulares e informática,""
8806097820796,TABLET SAMSUNG A11 64GB,SAMSUNG,Electro,Celulares e informática,""
8806094046908,TABLET SAMSUNG A7LITE GRI,SAMSUNG,Electro,Celulares e informática,""
8806094046892,TABLET SAMSUNG A7LITE PLA,SAMSUNG,Electro,Celulares e informática,""
7796941336447,TABLET TCL TAB10 GEN2 SP,TCL,Electro,Celulares e informática,""
6932554416669,XIAOMI 14C 256GB AZU,XIAOMI,Electro,Celulares e informática,""
6932554416645,XIAOMI 14C 256GB NEG,XIAOMI,Electro,Celulares e informática,""
6932554416676,XIAOMI 14C 256GB VER,XIAOMI,Electro,Celulares e informática,""
6941812764015,XIAOMI NOTE13 128G B,XIAOMI,Electro,Celulares e informática,""
6941812763858,XIAOMI NOTE13 128G V,XIAOMI,Electro,Celulares e informática,""
6941812759981,XIAOMI REDMI 13C AZ,XIAOMI,Electro,Celulares e informática,""
6941812760017,XIAOMI REDMI 13C BL,XIAOMI,Electro,Celulares e informática,""
6941812759905,XIAOMI REDMI 13C NE,XIAOMI,Electro,Celulares e informática,""
6941812766699,XIAOMI REDMI A3 AZUL,XIAOMI,Electro,Celulares e informática,""
6941812764091,XIAOMI REDMINOTE13 C,XIAOMI,Electro,Celulares e informática,""
7797087510333,AA  FC SURREY 553GFQ0901F,SURREY,Electro,Climatización,""
7797087510173,AA  MIDEA MSAGFC-09H-01F,MIDEA,Electro,Climatización,""
7796885016689,AA 3600W SIL AIR BGH,BGH,Electro,Climatización,""
7797087510340,AA FC SURREY 553GFQ1201F,SURREY,Electro,Climatización,""
7797087510357,AA FC SURREY 553GFQ1801F,SURREY,Electro,Climatización,""
7797087510364,AA FC SURREY 553GFQ2201F,SURREY,Electro,Climatización,""
7796962992066,AA HISENSE 3400W F/C,HISENSE,Electro,Climatización,""
7798169447158,AA HYUNDAI 3200W FC HY9 3200FC,HYUNDAI,Electro,Climatización,""
7798169447189,AA HYUNDAI 5000W FC HY9 5000FC,HYUNDAI,Electro,Climatización,""
7798169448094,AA HYUNDAI INV 3200,HYUNDAI,Electro,Climatización,""
7799111682351,AA INV PHILCO 8750W,PHILCO,Electro,Climatización,""
7798169447578,AA INVE 3200 HYUNDAI,HYUNDAI,Electro,Climatización,""
7798169448100,AA INVE 5000 HYUNDAI,HYUNDAI,Electro,Climatización,""
7798169448155,AA INVE 6000W HYUNDAI,HYUNDAI,Electro,Climatización,""
7797087510180,AA MIDEA MSAGFC-12H-01F,MIDEA,Electro,Climatización,""
7799111690714,AA ONOFF 8000 PHILCO,PHILCO,Electro,Climatización,""
7796962987383,AA PHILCO 6300W FC,PHILCO,Electro,Climatización,""
7796962981602,AA PHILCO VENTANA 2500W FS PHW25CA3AN,PHILCO,Electro,Climatización,""
7796962981619,AA PHILCO VENTANA 3300W FS,PHILCO,Electro,Climatización,""
7799111681781,AA PORT 3500W PHILCO,PHILCO,Electro,Climatización,""
7796962003434,AA PORT PHILCO 3550W F/C,PHILCO,Electro,Climatización,""
7797087373471,AA PORT SURREY 3500W,SURREY,Electro,Climatización,""
7796885016160,AA SILENT 3200W BGH,BGH,Electro,Climatización,""
7797087508293,AA VEN FS MIDEA 3400,MIDEA,Electro,Climatización,""
7797087508309,AA VEN FS MIDEA 5160,SURREY,Electro,Climatización,""
7796962981626,AA VENTANA 5000W FS PHILCO PHW50CA3AN,PHILCO,Electro,Climatización,""
7796962987291,AIRE ACON PHILCO 2750W FC,PHILCO,Electro,Climatización,""
7796962987321,AIRE ACON PHILCO 3400W FC,PHILCO,Electro,Climatización,""
7796962987352,AIRE PHILCO FC PHS50HA4CN,PHILCO,Electro,Climatización,""
7798118961353,AXEL PURIFICADOR 100W BLANCO,AXEL,Electro,Climatización,""
7798118963142,AXEL VENTILADOR 24 PLATIL,AXEL,Electro,Climatización,""
7798118963173,AXEL VENTILADOR 65W BLANCO,AXEL,Electro,Climatización,""
7798118962398,AXEL VENTILADOR PIE 16 NEGRO,AXEL,Electro,Climatización,""
7797075015123,CAL SS LONG ECA3S 3200KC,LONGVIE,Electro,Climatización,""
7798373231581,CALEF ELECT PEABODY CM20B,PEABODY,Electro,Climatización,""
7798102242055,CALEF EMEGE EURO 3500TB,EMEGE,Electro,Climatización,""
7798102242437,CALEF EMEGE PATAG 2000TB,EMEGE,Electro,Climatización,""
7798102242444,CALEF EMEGE PATAG 3500TB,EMEGE,Electro,Climatización,""
7798102242499,CALEF EMEGE PATAG 5000ST,EMEGE,Electro,Climatización,""
7798102242468,CALEF EMEGE PATAG 5500TB,EMEGE,Electro,Climatización,""
7798102242482,CALEF EMEGE PATAGO 3000ST,EMEGE,Electro,Climatización,""
7798118962558,"CALEFACTOR INFRARROJO 1000W AX-CI10, AXEL, 1 cu",AXEL,Electro,Climatización,""
7793862012320,"CALEFACTOR INFRARROJO CV027, LILIANA, 1 cu",LILIANA,Electro,Climatización,""
7793862010890,CALEFACTOR INFRARROJO LILIANA 1000W CI070 COMPACTH,LILIANA,Electro,Climatización,""
7793862009672,CALEFACTOR INFRARROJO LILIANA 1000W CI080 CALORE,LILIANA,Electro,Climatización,""
7793862012337,CALEFACTOR INFRARROJO LILIANA 2200 CFI650,LILIANA,Electro,Climatización,""
7798115593076,CALEFACTOR INFRARROJO PROTALIA 1300W HN 13,PROTALIA,Electro,Climatización,""
7798115592796,CALEFACTOR INFRARROJO PROTALIA 1600W HN 16,PROTALIA,Electro,Climatización,""
7798102242628,CALEFACTOR MOVIL EMEGE,EMEGE,Electro,Climatización,""
7796931870876,"CALEFACTOR TB 2900 KCAL  S21 TB3 P, ESKABE, 1 cu",ESKABE,Electro,Climatización,""
7796931870821,CALEFACTOR TB ESKABE 2900 KCAL MG TT TB3 TE,ESKABE,Electro,Climatización,""
7796931870845,CALEFACTOR TB ESKABE 4800 KCAL MG TT TB5 TE,ESKABE,Electro,Climatización,""
7798102242109,CALF EMEGE EURO 3000ST,EMEGE,Electro,Climatización,""
7793862012191,"CALOVENTOR CFH420, LILIANA, 1 cu",LILIANA,Electro,Climatización,""
7798118961292,CALOVENTOR VERT AXEL 1900W BLCO AX CA,AXEL,Electro,Climatización,""
7798115593090,CALOVENTOR VERT PROTALIA 2000W BLANCO FH801,PROTALIA,Electro,Climatización,""
7798115593144,CLIMATI PROTALIA 12L,PROTALIA,Electro,Climatización,""
7798118961414,CONVECTOR AXEL 2000W C TURB BLCO AX COT 100,AXEL,Electro,Climatización,""
7798118961308,CONVECTOR AXEL 2000W GRIS AX CO,AXEL,Electro,Climatización,""
7793862008897,CONVECTOR LILIANA 2000W GRIS CNG17 CONVECTORY,LILIANA,Electro,Climatización,""
7793862009665,CONVECTOR LILIANA 2200W C TURB BLCO TCV100 TECNO,LILIANA,Electro,Climatización,""
7793862008910,CONVECTOR LILIANA CFB17,LILIANA,Electro,Climatización,""
7793862008125,LILIANA CALOV SPLIT,LILIANA,Electro,Climatización,""
7793862008408,LILIANA VENTILADOR DE PIE 90W NEGRO,LILIANA,Electro,Climatización,""
7797087507265,PANEL MIDEA CHP-120BAE1,MIDEA,Electro,Climatización,""
7796962993896,PHILCO AA INVERTER 3550W BLAN,PHILCO,Electro,Climatización,""
7798115591591,PROTALIA TURBO 20 20 NEG,PROTALIA,Electro,Climatización,""
7798115593014,PROTALIA VB16T TURBO 16 NEGRO,PROTALIA,Electro,Climatización,""
7798192365962,RADIA MICA ATMA ATRM2021P,ATMA,Electro,Climatización,""
7797087513594,TORRE MIDEA TCH-F20BE1,MIDEA,Electro,Climatización,""
7793862009450,TURB RECL LILIANA 22,LILIANA,Electro,Climatización,""
7793862008293,TURBOFORZ LILIANA TF150,LILIANA,Electro,Climatización,""
7798118964446,VENT 3 EN 1 18 AXEL,AXEL,Electro,Climatización,""
7798118961742,VENT DE PIE 20 AXEL 70W BLANCO AXPIE20BL,AXEL,Electro,Climatización,""
7898461978159,VENT PIE 16 VENTISOL,VENTISOL,Electro,Climatización,""
7798143727351,VENT PIE IND BKF,BKF,Electro,Climatización,""
7798118963203,VENT TECHO AXEL,AXEL,Electro,Climatización,""
7798118961773,VENT TURBO 20 B AXEL,AXEL,Electro,Climatización,""
7793862010203,VENTIL PIE VP20P,LILIANA,Electro,Climatización,""
7798115591003,VENTILADOR DE PIE 18 PROTALIA,PROTALIA,Electro,Climatización,""
7798115592390,VENTILADOR DE PIE 20 PROTALIA,PROTALIA,Electro,Climatización,""
7798115591256,VITROCONVECTOR PROTALIA 2000W BLCO CH2000AB,PROTALIA,Electro,Climatización,""
7798115591263,VITROCONVECTOR PROTALIA 2000W NEGR CH2000A,PROTALIA,Electro,Climatización,""
7798175210012,CAVA 12 BOT VONDOM,VONDOM,Electro,Grandes electrodomésticos,""
7798175210029,CAVA 18 BOT VONDOM,VONDOM,Electro,Grandes electrodomésticos,""
7798175210036,CAVA 28 BOT VONDOM,VONDOM,Electro,Grandes electrodomésticos,""
7798175211323,CAVA 8 BOT VONDOM,VONDOM,Electro,Grandes electrodomésticos,""
7798016681995,CFI CODINI 6KG GRIS,CODINI,Electro,Grandes electrodomésticos,""
7798016681759,CFI CODINI 6L 1000,CODINI,Electro,Grandes electrodomésticos,""
8806094365566,CFI SAMSUNG 651000 S,SAMSUNG,Electro,Grandes electrodomésticos,""
8806094365573,CFI SAMSUNG 651000 W,SAMSUNG,Electro,Grandes electrodomésticos,""
8806095130521,CFI SAMSUNG 951400 S,SAMSUNG,Electro,Grandes electrodomésticos,""
7798081287474,CFIS SAMSUN 951400S6,SAMSUNG,Electro,Grandes electrodomésticos,""
7502271278285,COC 56 INO LEF DREAN,DREAN,Electro,Grandes electrodomésticos,""
7502271277936,COC 56 INOX LE DREAN,DREAN,Electro,Grandes electrodomésticos,""
7791758400732,COC G HORN ELE 56DXQ,ELECTROLUX,Electro,Grandes electrodomésticos,""
7799111695009,COC M 50CM PHILCO GR,PHILCO,Electro,Grandes electrodomésticos,""
0076625249964,COC MORELLI FORZA 550 VIS,MORELLI,Electro,Grandes electrodomésticos,""
7799111694996,COC MULT 50CM PHILCO,PHILCO,Electro,Grandes electrodomésticos,""
7798019099896,COCI FLORENCIA 5516F,FLORENCIA,Electro,Grandes electrodomésticos,""
7502271278162,COCINA 56 INOX DREAN,DREAN,Electro,Grandes electrodomésticos,""
7502271278278,COCINA DREAN CD5602AB0,DREAN,Electro,Grandes electrodomésticos,""
7791758400718,COCINA G 56GXQ,ELECTROLUX,Electro,Grandes electrodomésticos,""
7791758400794,COCINA G GAFA CGX56,GAFA,Electro,Grandes electrodomésticos,""
7791758400787,COCINA GAFA CGB56,GAFA,Electro,Grandes electrodomésticos,""
7897180599003,COCINA GAS 56 ATMA G,ATMA,Electro,Grandes electrodomésticos,""
7897180598938,COCINA GAS 56 ATMA N,ATMA,Electro,Grandes electrodomésticos,""
7797039902032,COCINA ORBIS 958AC4,ORBIS,Electro,Grandes electrodomésticos,""
7797039901745,COCINA VOLCAN 87643V,VOLCAN,Electro,Grandes electrodomésticos,""
7797750979191,COCINA WHIRLPOOL WFX57DI,WHIRLPOOL,Electro,Grandes electrodomésticos,""
7798081287535,CSI SAMSUNG 85700 B,SAMSUNG,Electro,Grandes electrodomésticos,""
7791758119900,FREEZER GAFA FGHI300B-L,GAFA,Electro,Grandes electrodomésticos,""
7798295540471,FREEZER INELRO FIH 130 A+,INELRO,Electro,Grandes electrodomésticos,""
7798295540518,FREEZER INELRO FIH270A++,INELRO,Electro,Grandes electrodomésticos,""
7798295540532,FREEZER INELRO FIH350A++,INELRO,Electro,Grandes electrodomésticos,""
7791758119702,GAFA FREEZER HORIZ INVER 206 LT BLANCO,GAFA,Electro,Grandes electrodomésticos,""
7791758120104,GAFA FREEZER HORIZ INVER 405 LT BLANCO,GAFA,Electro,Grandes electrodomésticos,""
7791758900140,GAFA LAVARROPAS 6 5K BLANCO,GAFA,Electro,Grandes electrodomésticos,""
7791758900126,GAFA LAVARROPAS 7KG BLANC,GAFA,Electro,Grandes electrodomésticos,""
7796885063966,H CNF 312L BGH DINOX,BGH,Electro,Grandes electrodomésticos,""
7796885063874,H SBSNF 397L BGH INO,BGH,Electro,Grandes electrodomésticos,""
7796885063898,H TMNF 338L BGH INOX,BGH,Electro,Grandes electrodomésticos,""
8806094551563,HBNFI SAMSUNG RB31S,SAMSUNG,Electro,Grandes electrodomésticos,""
7909569446560,HEL NF IN ELECTROLUX,ELECTROLUX,Electro,Grandes electrodomésticos,""
7799111682115,HEL SBSNF 428 PHILCO,PHILCO,Electro,Grandes electrodomésticos,""
7797102526875,HELAD CIC 277L DREAN,DREAN,Electro,Grandes electrodomésticos,""
7795473037747,HELAD CIC 362L DREAN,DREAN,Electro,Grandes electrodomésticos,""
7502271279190,HELAD DREAN DSP480LKRSS0,DREAN,Electro,Grandes electrodomésticos,""
7797087532472,HELAD MIDEA MDRT414FGE01A,MIDEA,Electro,Grandes electrodomésticos,""
7797087535466,HELAD MIDEA MDRT414FGE50A,MIDEA,Electro,Grandes electrodomésticos,""
7704712463179,HELAD NF 300 D DREAN,DREAN,Electro,Grandes electrodomésticos,""
7891129521285,HELAD NF B WHIRLPOOL,WHIRLPOOL,Electro,Grandes electrodomésticos,""
7791758203043,HELAD NF GAFA P 303L,GAFA,Electro,Grandes electrodomésticos,""
7909569485262,HELAD NF I 262L GAFA,GAFA,Electro,Grandes electrodomésticos,""
7909569486405,HELAD NF I 356L GAFA,GAFA,Electro,Grandes electrodomésticos,""
7891129521155,HELAD NF I WHIRLPOOL,WHIRLPOOL,Electro,Grandes electrodomésticos,""
7891129552067,HELAD NFTM WHIRLPOOL,WHIRLPOOL,Electro,Grandes electrodomésticos,""
7891129552074,HELAD NFTM WHIRLPOOL,WHIRLPOOL,Electro,Grandes electrodomésticos,""
7798192364521,HELAD PHILCO 94PHNT367XD,PHILCO,Electro,Grandes electrodomésticos,""
8806090549731,HELAD SAMSUNG SILVER,SAMSUNG,Electro,Grandes electrodomésticos,""
7797102526912,HELADERA DREAN HDR370F50B,DREAN,Electro,Grandes electrodomésticos,""
7795473037952,HELADERA DREAN HDR370F61E,DREAN,Electro,Grandes electrodomésticos,""
7795473037976,HELADERA DREAN HDR400F41E,DREAN,Electro,Grandes electrodomésticos,""
7791758120500,HELADERA GAFA HGF358AFB,GAFA,Electro,Grandes electrodomésticos,""
7791758120708,HELADERA GAFA HGF368 AFB,GAFA,Electro,Grandes electrodomésticos,""
7791758121002,HELADERA GAFA HGF388 AFB,GAFA,Electro,Grandes electrodomésticos,""
7502271279244,HELADERA NF DREAN 342L INV RZN320PCARX0 INOX,DREAN,Electro,Grandes electrodomésticos,""
7799111685901,HELADERA NF SBS PHILCO 428L PHSB450N NEGRA,S/D,Electro,Grandes electrodomésticos,""
7909569514801,HSBS NFI P 451L GAFA,GAFA,Electro,Grandes electrodomésticos,""
8806088806440,HTNFI SAMSUNG RT38S,SAMSUNG,Electro,Grandes electrodomésticos,""
7796885340654,L CFI 6KG BCO BGH,BGH,Electro,Grandes electrodomésticos,""
7795473037273,L CS 7KG DREAN,DREAN,Electro,Grandes electrodomésticos,""
7795473037846,L SEMI 5KG DREAN,DREAN,Electro,Grandes electrodomésticos,""
7798081287542,LAV CARGA SU SAMSUNG,SAMSUNG,Electro,Grandes electrodomésticos,""
7798081287559,LAV CARGA SU SAMSUNG,SAMSUNG,Electro,Grandes electrodomésticos,""
7796941329326,LAV CFI 6KG TCL,TCL,Electro,Grandes electrodomésticos,""
7795473037389,LAV CFI 7KG B DREAN,DREAN,Electro,Grandes electrodomésticos,""
7795473037402,LAV CFI 8KG B DREAN,DREAN,Electro,Grandes electrodomésticos,""
7796941329340,LAV CFI 8KG TCL,TCL,Electro,Grandes electrodomésticos,""
7798081287740,LAV CFI SM 6 1000 B,SMARTLIFE,Electro,Grandes electrodomésticos,""
7795473036603,LAV CON NEO FUZ 658B,DREAN,Electro,Grandes electrodomésticos,""
7795473038065,LAV DREAN NEO FUZZY 68 BL,DREAN,Electro,Grandes electrodomésticos,""
7791758900133,LAV GAFA FUZZY FIT PLATA,GAFA,Electro,Grandes electrodomésticos,""
7797087532670,LAV MIDEA MF100W60/W-A1,MIDEA,Electro,Grandes electrodomésticos,""
7797087532724,LAV MIDEA MF200W80WB/T-A1,MIDEA,Electro,Grandes electrodomésticos,""
7797087532731,LAV MIDEA MF200W80WB/W-A1,MIDEA,Electro,Grandes electrodomésticos,""
7795473036702,LAVA CF DREAN 6 08B,DREAN,Electro,Grandes electrodomésticos,""
7795473036740,LAVA CFI DREAN 7 10B,DREAN,Electro,Grandes electrodomésticos,""
7795473036771,LAVA CFI DREAN 8 14B,DREAN,Electro,Grandes electrodomésticos,""
7795473036825,LAVA CFI DREAN10 12G,DREAN,Electro,Grandes electrodomésticos,""
7795473038041,LAVA DREAN LCFDR0610LB0,DREAN,Electro,Grandes electrodomésticos,""
7795473037853,LAVA DREAN LRDR56SB0,DREAN,Electro,Grandes electrodomésticos,""
7795473038072,LAVA DREAN NEO FUZZY 68 G,DREAN,Electro,Grandes electrodomésticos,""
7861106353185,LAVA ELECTROLUX ELAC014S,ELECTROLUX,Electro,Grandes electrodomésticos,""
7796885340685,LAVA INV A CF 8K BGH,BGH,Electro,Grandes electrodomésticos,""
7796962010142,LAVA PHILCO 94PHLF61BN,PHILCO,Electro,Grandes electrodomésticos,""
7799111677524,LAVA PHILCO 94PHLF6510P2,PHILCO,Electro,Grandes electrodomésticos,""
7799111672277,LAVA SOBRE 5C PHILCO,PHILCO,Electro,Grandes electrodomésticos,""
7708228051080,LAVA WHIRLPOOL WW11BLAZWA,WHIRLPOOL,Electro,Grandes electrodomésticos,""
7796885340661,LAVAR BGH 6KG SILVER INV,BGH,Electro,Grandes electrodomésticos,""
7799111675735,LAVAR CF PHILCO 6 6K,PHILCO,Electro,Grandes electrodomésticos,""
7795473036610,LAVAR FUZZY DREAN,DREAN,Electro,Grandes electrodomésticos,""
7796962017196,LAVAR PHILCO 11KG INV GRI,PHILCO,Electro,Grandes electrodomésticos,""
8806095130514,LAVARR SAMSUNG BLANCO,SAMSUNG,Electro,Grandes electrodomésticos,""
7798016680257,LAVARRO 10K BCO 4051,CODINI,Electro,Grandes electrodomésticos,""
7795473027199,LAVARROAS DREAN GOLD 106 6K 1000RPM,DREAN,Electro,Grandes electrodomésticos,""
7891129581012,LAVARROP ESLABON EWN09ABW,ESLABON DE LUJO,Electro,Grandes electrodomésticos,""
7796885340678,LAVARROPAS CF BGH 8KG 1400R INV BWFE08W24AR BLANCO,BGH,Electro,Grandes electrodomésticos,""
7797003070002,LAVARROPAS COLUMBIA 7KG,COLUMBIA,Electro,Grandes electrodomésticos,""
7891129569317,LAVARROPAS CS ESLABON DE LUJO 7KG EWH07BB BLANCO,S/D,Electro,Grandes electrodomésticos,""
8801643262082,LAVARROPAS SAMSUNG 6 5KG CARGA FRONTAL,SAMSUNG,Electro,Grandes electrodomésticos,""
7795473037488,LAVAVAJ DREAN LVDR1306CB0,DREAN,Electro,Grandes electrodomésticos,""
7861106451065,LAVAVAJI ELECTROLUX LS14E,ELECTROLUX,Electro,Grandes electrodomésticos,""
7797087424982,LAVAVAJILLAS 12C SILVER MIDEA DE 312SAR1,S/D,Electro,Grandes electrodomésticos,""
7795473036849,LAVSEC CFI 8K DREAN,DREAN,Electro,Grandes electrodomésticos,""
8806094364705,SAMSUNG LAV SAM WW70 PB 7K PB BLANCO,SAMSUNG,Electro,Grandes electrodomésticos,""
7797003165524,SECA KOHINOOR CLA B-655/2,KOH-I-NOOR,Electro,Grandes electrodomésticos,""
7798016681056,SECAR 6 5 K B INNOVA IV65,CODINI,Electro,Grandes electrodomésticos,""
7797003956290,SECARROPAS COLUMBIA 55KG,COLUMBIA,Electro,Grandes electrodomésticos,""
7795473001229,SECARROPAS DREAN QV5.5,DREAN,Electro,Grandes electrodomésticos,""
7795473001151,SECARROPAS DREAN QV6.5,DREAN,Electro,Grandes electrodomésticos,""
7797003266528,SECARROPAS KOH-I-NOOR A665  INOXIDABLE  6.5KG,KOHINOOR,Electro,Grandes electrodomésticos,""
7796825000617,TERMOTANQUE ELECTRICO SENO 95L,SENORIAL,Electro,Grandes electrodomésticos,""
7796825000686,TERMOTANQUE SENORIAL 120 LITROS MULTIGAS,SENORIAL,Electro,Grandes electrodomésticos,""
7796825000587,TERMOTANQUE SENORIAL 50 LTS ALTA RECUPER,SENORIAL,Electro,Grandes electrodomésticos,""
7796825000679,TERMOTANQUE SENORIAL 83L TSZ 85 MG ZAFIRO,S/D,Electro,Grandes electrodomésticos,""
7796825000600,TERMOTANQUEELECTRICO SENORIAL 65L,SENORIAL,Electro,Grandes electrodomésticos,""
7797750979993,WHIRLPOOL LAV CF WNC95AS 91500 GRIS,WHIRLPOOL,Electro,Grandes electrodomésticos,""
7799111677050,AF ATMA 94FR246AWP 6,ATMA,Electro,Pequeños electrodomésticos,""
7799111038851,AF ATMA HFR582DP 11L,ATMA,Electro,Pequeños electrodomésticos,""
7796885111124,AF BGH BAF52N24 5LT,BGH,Electro,Pequeños electrodomésticos,""
8023277155824,AF GAMA SPORTGSH700S,GAMA,Electro,Pequeños electrodomésticos,""
0652217316483,AF MAVERICK 0305 12L,MAVERICK,Electro,Pequeños electrodomésticos,""
0053891176019,AF OSTER 40WDDF 4LT,OSTER,Electro,Pequeños electrodomésticos,""
0053891175906,AF OSTER 75WDSSDF 7L,OSTER,Electro,Pequeños electrodomésticos,""
7799034149726,AF PEUGEOT EO251 11L,PEUGEOT,Electro,Pequeños electrodomésticos,""
7790368298821,AF ULTRACOMB 8614 6L,ULTRACOMB,Electro,Pequeños electrodomésticos,""
7790368023096,AF ULTRACOMB FR 8619,ULTRACOMB,Electro,Pequeños electrodomésticos,""
7799111038967,ASP ATMA 94AS7922PI,ATMA,Electro,Pequeños electrodomésticos,""
7798081285456,ASP SL VC18BAB,SMARTLIFE,Electro,Pequeños electrodomésticos,""
7798081285890,ASP SL VC20BLB,SMARTLIFE,Electro,Pequeños electrodomésticos,""
8806088756363,ASP SMS VC20CCNMABC,SAMSUNG,Electro,Pequeños electrodomésticos,""
8806088756370,ASP SMS VC20CCNMAEB,SAMSUNG,Electro,Pequeños electrodomésticos,""
7790368026943,ASP ULTRACOMB AS4224,ULTRACOMB,Electro,Pequeños electrodomésticos,""
7790368027049,ASP YELMO AS3314 TAC,YELMO,Electro,Pequeños electrodomésticos,""
7798192364071,ATMA ESPUMADOR CALENT DE LECHE 450ML BL,ATMA,Electro,Pequeños electrodomésticos,""
7793862010654,BAT LILIANA AB103,LILIANA,Electro,Pequeños electrodomésticos,""
7798122112123,BAT MOULINEX 151158,MOULINEX,Electro,Pequeños electrodomésticos,""
0034264476400,BAT OSTER FPSTHM2600,OSTER,Electro,Pequeños electrodomésticos,""
7798081285241,BATIDORA DE MESA SL SB0037I,SMARTLIFE,Electro,Pequeños electrodomésticos,""
7896347188555,CAF ELECTROLUX ECM20,ELECTROLUX,Electro,Pequeños electrodomésticos,""
0053891176699,CAF OSTER COMPACTA,OSTER,Electro,Pequeños electrodomésticos,""
7798081285128,CAF SL CM9402,SMARTLIFE,Electro,Pequeños electrodomésticos,""
0053891143967,CAFE OSTER PLATTE 1S,OSTER,Electro,Pequeños electrodomésticos,""
0053891168847,CAFE OSTER PLATTE 2N,OSTER,Electro,Pequeños electrodomésticos,""
8710103844075,CBARB PHILIPS BT3206,PHILIPS,Electro,Pequeños electrodomésticos,""
8023277149939,CLIPP GAMA GC LAYER,GAMA,Electro,Pequeños electrodomésticos,""
8710103860228,CPELO PHILIPS HC3505,PHILIPS,Electro,Pequeños electrodomésticos,""
8710103904465,DEPI PHILIPS BRE225,PHILIPS,Electro,Pequeños electrodomésticos,""
8710103936558,DEPIL PHILIPS BRE712,PHILIPS,Electro,Pequeños electrodomésticos,""
3016661163760,EXP MOULINEX 120858,MOULINEX,Electro,Pequeños electrodomésticos,""
7730979521826,EXP SL JC3400,SMARTLIFE,Electro,Pequeños electrodomésticos,""
7798118962572,HOR ELEC AXEL HC45A,AXEL,Electro,Pequeños electrodomésticos,""
7796885483344,HORN TRAMONTI GLASSCOOK40,TRAMONTINA,Electro,Pequeños electrodomésticos,""
7796885483023,HORNO ELEC BGH BHE40M19N,BGH,Electro,Pequeños electrodomésticos,""
7796885483238,HORNO ELECT BGH 45L,BGH,Electro,Pequeños electrodomésticos,""
7796885483290,HORNO ELECT BGH 55L,BGH,Electro,Pequeños electrodomésticos,""
7796885483283,HORNO ELECT BGH BHE40M23N,BGH,Electro,Pequeños electrodomésticos,""
7798081286439,HORNO ELECT SL TO0040,SMARTLIFE,Electro,Pequeños electrodomésticos,""
7798081286446,HORNO ELECT SL TOR050,SMARTLIFE,Electro,Pequeños electrodomésticos,""
7799111674745,LIC ATMA 94LV24B2AP,ATMA,Electro,Pequeños electrodomésticos,""
7793862009801,LIC LILIANA AL100,LILIANA,Electro,Pequeños electrodomésticos,""
7793862011927,LIC LILIANA AL310,LILIANA,Electro,Pequeños electrodomésticos,""
7798122112161,LIC MOULINEX 270558,MOULINEX,Electro,Pequeños electrodomésticos,""
7798122111638,LIC MOULINEX 278158,MOULINEX,Electro,Pequeños electrodomésticos,""
7798081285395,LIC SL BL1008BPN,SMARTLIFE,Electro,Pequeños electrodomésticos,""
7798081285364,LIC SL BL1008WPN,SMARTLIFE,Electro,Pequeños electrodomésticos,""
7798081286262,LIC SL BL1055PN,SMARTLIFE,Electro,Pequeños electrodomésticos,""
0053891165426,LIC ST4655354 OSTER,OSTER,Electro,Pequeños electrodomésticos,""
7895500756082,LICUADORA POWERMIX MOULINEX LM284858,MOULINEX,Electro,Pequeños electrodomésticos,""
8710103940760,MG PHILIPS MG3711,PHILIPS,Electro,Pequeños electrodomésticos,""
8710103794615,MG PHILIPS MG3730,PHILIPS,Electro,Pequeños electrodomésticos,""
7799111674080,MIC ATMA 20L DIG,ATMA,Electro,Pequeños electrodomésticos,""
7799111674165,MIC ATMA 20L ROT,ATMA,Electro,Pequeños electrodomésticos,""
7799111674219,MIC ATMA 28L DIG GRI,ATMA,Electro,Pequeños electrodomésticos,""
7796885486642,MIC BGH B228DB9 28DI,BGH,Electro,Pequeños electrodomésticos,""
7796885486871,MIC TRAMONTINA 28L D,TRAMONTINA,Electro,Pequeños electrodomésticos,""
7797750980548,MICR WHIRLPOOL WMS20BSDNA,WHIRLPOOL,Electro,Pequeños electrodomésticos,""
7797750980555,MICR WHIRLPOOL WMS25BSDNA,WHIRLPOOL,Electro,Pequeños electrodomésticos,""
7796962321729,MICRO ATMA MD1723GN 23L,ATMA,Electro,Pequeños electrodomésticos,""
7796885486710,MICRO BGH B228DS20,BGH,Electro,Pequeños electrodomésticos,""
7796885495125,MICRO DIG 20 BGH,BGH,Electro,Pequeños electrodomésticos,""
7796885495132,MICRO DIG 23 BGH,BGH,Electro,Pequeños electrodomésticos,""
7796885495149,MICRO DIG 28 BGH,BGH,Electro,Pequeños electrodomésticos,""
7796885486857,MICRO TRAMONTINA COOK 20L,TRAMONTINA,Electro,Pequeños electrodomésticos,""
7796885495194,MICROONDAS BGH 2OL DIG BLANCO B120DB20I,BGH,Electro,Pequeños electrodomésticos,""
7796885486581,MICROONDAS BGH B120DB9,BGH,Electro,Pequeños electrodomésticos,""
7796885495095,MICROONDAS BGH B120DS20I,BGH,Electro,Pequeños electrodomésticos,""
7796885486727,MICROONDAS BGH B120M20,BGH,Electro,Pequeños electrodomésticos,""
7796885495187,MICROONDAS BGH B120M20I,BGH,Electro,Pequeños electrodomésticos,""
7796885495101,MICROONDAS BGH B223DS20I,BGH,Electro,Pequeños electrodomésticos,""
7799111674516,MICROONDAS PHILCO 23L DIG BLANCO 94MPHDW23UAP,S/D,Electro,Pequeños electrodomésticos,""
0034264476424,MIX OSTER FPSTHB2800,OSTER,Electro,Pequeños electrodomésticos,""
0034264476448,MIX OSTER FPSTHB2801,OSTER,Electro,Pequeños electrodomésticos,""
0034264476455,MIX OSTER FPSTHB2802,OSTER,Electro,Pequeños electrodomésticos,""
0034264476431,MIX OSTER FPSTHB2803,OSTER,Electro,Pequeños electrodomésticos,""
7790368297855,MIXER YELMO LM1550,YELMO,Electro,Pequeños electrodomésticos,""
7798122111614,MNEX PAVA CORTE MATE,MOULINEX,Electro,Pequeños electrodomésticos,""
8023277121300,P GAMA ELEG DIG,GAMA,Electro,Pequeños electrodomésticos,""
7798081287566,PAV SMARTLIFE 1520 D,SMARTLIFE,Electro,Pequeños electrodomésticos,""
7798081287429,PAV SMARTLIFE 1714 B,SMARTLIFE,Electro,Pequeños electrodomésticos,""
7798081287412,PAV SMARTLIFE 1714 N,SMARTLIFE,Electro,Pequeños electrodomésticos,""
7798081287573,PAV SMARTLIFE 1720 D,SMARTLIFE,Electro,Pequeños electrodomésticos,""
8710103936466,PHILIPS DEPILADORA BRE700 00 DUCHA,PHILIPS,Electro,Pequeños electrodomésticos,""
0053891169967,PICADORA OSTER 250W,OSTER,Electro,Pequeños electrodomésticos,""
7793862011453,PROC LILIANA AM700,LILIANA,Electro,Pequeños electrodomésticos,""
7793862009573,PROC LILIANA AM740,LILIANA,Electro,Pequeños electrodomésticos,""
3016661155093,PROC MOULINEX SOLEIL,MOULINEX,Electro,Pequeños electrodomésticos,""
8720389067563,PROC PHILIPS 7301,PHILIPS,Electro,Pequeños electrodomésticos,""
7793862010050,PS LILIANA RPS900,LILIANA,Electro,Pequeños electrodomésticos,""
7798081285494,PS SL DI2386PN,SMARTLIFE,Electro,Pequeños electrodomésticos,""
0053891142960,PV OSTER GCSTBS5905,OSTER,Electro,Pequeños electrodomésticos,""
7798081285500,PV SL SI2473PN,SMARTLIFE,Electro,Pequeños electrodomésticos,""
0053891176033,SAND OSTER CKSTSM400,OSTER,Electro,Pequeños electrodomésticos,""
8720389035890,SAND PHILIPS 233090,PHILIPS,Electro,Pequeños electrodomésticos,""
7896359015146,SANDWICHERA,SAN REMO,Electro,Pequeños electrodomésticos,""
7896359006212,SANDWICHERA FLOR,SANREMO,Electro,Pequeños electrodomésticos,""
8023277137028,SEC GAMA BRILLIANT,GAMA,Electro,Pequeños electrodomésticos,""
8023277123694,SEC GAMA DIAMOND,GAMA,Electro,Pequeños electrodomésticos,""
7798081286255,SMARTLIFE LICUADORA DE MESA,SMARTLIFE,Electro,Pequeños electrodomésticos,""
3016661156588,TO MOULINEX LT1A1858,MOULINEX,Electro,Pequeños electrodomésticos,""
7896347187794,TOS ELECTROLUX ETS25,ELECTROLUX,Electro,Pequeños electrodomésticos,""
3045385783787,TOST MOULINEX LT2608,MOULINEX,Electro,Pequeños electrodomésticos,""
0053891141048,TOST OSTER TSSTTR500,OSTER,Electro,Pequeños electrodomésticos,""
7798111676087,TOST PEABODY T8520,PEABODY,Electro,Pequeños electrodomésticos,""
8720389040801,TOST PHILIPS 1090,PHILIPS,Electro,Pequeños electrodomésticos,""
7798081285203,TOST SL TO1301B,SMARTLIFE,Electro,Pequeños electrodomésticos,""
7798081285357,TOST SL TO1301W,SMARTLIFE,Electro,Pequeños electrodomésticos,""
7798081287597,TOST SL TO1520 DIG,SMARTLIFE,Electro,Pequeños electrodomésticos,""
8720389003363,X PAV PHILIPS HD9368 B,PHILIPS,Electro,Pequeños electrodomésticos,""
7798111354367,AIWA TORRE DE SONIDO,AIWA,Electro,TV y audio,""
7798111354756,AURI AIWA ATA506A,AIWA,Electro,TV y audio,""
7798111354749,AURI AIWA ATA506L,AIWA,Electro,TV y audio,""
7798111354954,AURI AIWA TWA100B,AIWA,Electro,TV y audio,""
7797026970105,AURI IN EAR EDGE,STROMBERG CARLSON,Electro,TV y audio,""
7798137715937,AURI INEAR NOGA 094,NOGANET,Electro,TV y audio,""
7798137709127,AURI NG 903RJ,NOGANET,Electro,TV y audio,""
7798137715135,AURI NG 903RS,NOGANET,Electro,TV y audio,""
7798111355395,AURI ON EAR AWBT501C,AIWA,Electro,TV y audio,""
7798111355388,AURI ON EAR AWBT501N,AIWA,Electro,TV y audio,""
7798192365108,AURIC HP05B,NOBLEX,Electro,TV y audio,""
7798192365115,AURIC HP05W,NOBLEX,Electro,TV y audio,""
7798137722072,AURIC NG VINCHA BL,NOGANET,Electro,TV y audio,""
7798137722065,AURIC NG VINCHA NG,NOGANET,Electro,TV y audio,""
7798137722058,AURIC NG VINCHA RS,NOGANET,Electro,TV y audio,""
7798137708649,AURIC VINCHA NOGANET,NOGANET,Electro,TV y audio,""
7798192363333,AURICULAR OVER EAR B,NOBLEX,Electro,TV y audio,""
7798192365238,AURICULAR OVER EAR N,NOBLEX,Electro,TV y audio,""
7798192365245,AURICULAR OVER EAR N,NOBLEX,Electro,TV y audio,""
7798192365252,AURICULAR OVER EAR N,NOBLEX,Electro,TV y audio,""
4895229100558,AURICULARES IN EAR T,PHILIPS,Electro,TV y audio,""
4895229100589,AURICULARES IN EAR T,PHILIPS,Electro,TV y audio,""
6951613991435,AURICULARES ON EAR M,PHILIPS,Electro,TV y audio,""
8716184068898,CONTROL REMOTO UNIVE,ONE FOR ALL,Electro,TV y audio,""
7798169447219,LED 32 AND HD HYLED,HYUNDAI,Electro,TV y audio,""
7796885403038,LED 32 ANDR B3225G5A,BGH,Electro,TV y audio,""
7798181993800,LED 32 HD GGLE ENOVA,ENOVA,Electro,TV y audio,""
7796962000396,LED 32 HD NOBLEX,NOBLEX,Electro,TV y audio,""
8718863900253,LED 32 HD ROKU AOC 3,AOC,Electro,TV y audio,""
8806090483585,LED 32 HD SMART SAMS,SAMSUNG,Electro,TV y audio,""
8718863045695,LED 32 HD TITAN PHLP,PHILIPS,Electro,TV y audio,""
7796941250958,LED 32 RCA R32AND,RCA,Electro,TV y audio,""
8806095907031,LED 32 SMART HD SAM,SAMSUNG,Electro,TV y audio,""
7790653061901,LED 32 SMART LG,LG,Electro,TV y audio,""
7796885402888,LED 32 SMART VIDAA,BGH,Electro,TV y audio,""
7796941328862,LED 32 TCL L32S5400,TCL,Electro,TV y audio,""
8718863050286,LED 40 HD GOOGLE PHL,PHILIPS,Electro,TV y audio,""
8718863038062,LED 43 4K GOOGLE,PHILIPS,Electro,TV y audio,""
8806094900514,LED 43 4K SAMSUNG,SAMSUNG,Electro,TV y audio,""
7796962000792,LED 43 FHD  NOBLEX,NOBLEX,Electro,TV y audio,""
7790653060447,LED 43 FHD SMART LG,LG,Electro,TV y audio,""
8806090484377,LED 43 FHD SMART SAM,SAMSUNG,Electro,TV y audio,""
8718863045688,LED 43 FHD TITAN PHL,PHILIPS,Electro,TV y audio,""
7796962999157,LED 43 FHD VIDAA NBX,NOBLEX,Electro,TV y audio,""
8806095907055,LED 43 SMART FHD SAM,SAMSUNG,Electro,TV y audio,""
7796885402895,LED 43 SMART VIDAA,BGH,Electro,TV y audio,""
7796962994848,LED 50 4K AND PHILCO,PHILCO,Electro,TV y audio,""
7798169447233,LED 50 4K AND UHD7A,HYUNDAI,Electro,TV y audio,""
8718863038512,LED 50 4K PUD740877,PHILIPS,Electro,TV y audio,""
8806094900538,LED 50 4K SMART UHD,SAMSUNG,Electro,TV y audio,""
8718863042359,LED 50 4K TITAN PHLP,PHILIPS,Electro,TV y audio,""
8806097300984,LED 50 CRYSTAL UHD S,SAMSUNG,Electro,TV y audio,""
7796941250859,LED 50 UHD RCA,RCA,Electro,TV y audio,""
7796941329128,LED 55 4K GOOGLE TCL,TCL,Electro,TV y audio,""
7796962997542,LED 55 4K QLED ANDRO,NOBLEX,Electro,TV y audio,""
8718863048672,LED 55 4K QLED PHLPS,PHILIPS,Electro,TV y audio,""
8806097123811,LED 55 4K QLED SAMSU,SAMSUNG,Electro,TV y audio,""
8806095478142,LED 55 4K SAMSUNG,SAMSUNG,Electro,TV y audio,""
7790653062144,LED 55 4K SMART LG,LG,Electro,TV y audio,""
8718863042373,LED 55 4K TITAN PHLP,PHILIPS,Electro,TV y audio,""
8806097301141,LED 55 CRYSTAL UHD S,SAMSUNG,Electro,TV y audio,""
8718863049839,LED 58 4K GOOGLE PHL,PHILIPS,Electro,TV y audio,""
7790653061857,LED 60 4K SMART LG 6,LG,Electro,TV y audio,""
7796941251238,LED 65 4K ANDROI RCA,RCA,Electro,TV y audio,""
8718863039892,LED 65 4K GOOGLE,PHILIPS,Electro,TV y audio,""
8806097123859,LED 65 4K QLED SAMSU,SAMSUNG,Electro,TV y audio,""
7796941329074,LED 65 4K QLED TCL,TCL,Electro,TV y audio,""
8806095478173,LED 65 4K SMART SMG,SAMSUNG,Electro,TV y audio,""
8718863048726,LED 65 4K TITAN PHLP,PHILIPS,Electro,TV y audio,""
7796962000211,LED 65 NANO LG,LG,Electro,TV y audio,""
8718863039908,LED 70 4K GOOGLE,PHILIPS,Electro,TV y audio,""
7790653062182,LED 70 4K SMART LG,LG,Electro,TV y audio,""
7796962001034,LED 75 4K NOBLEX X8,NOBLEX,Electro,TV y audio,""
8718863035061,LED 75 4K PHILIPS 75,PHILIPS,Electro,TV y audio,""
8806097301202,LED 75 CRYSTAL UHD S,SAMSUNG,Electro,TV y audio,""
8806095478227,LED 75 SMART SAMSUNG,SAMSUNG,Electro,TV y audio,""
7796885402901,LED BGH B3225S5A,BGH,Electro,TV y audio,""
7796885402758,LED BGH B5023US6G,BGH,Electro,TV y audio,""
7796885402949,LED BGH B5024US6G GOOGL4K,BGH,Electro,TV y audio,""
7796962000044,LED JVC 50 ANDR SMART 4K,JVC,Electro,TV y audio,""
7796962002307,LED LG 43UHD 43UA8050PSA,LG,Electro,TV y audio,""
7790653062106,LED LG 43UR8750PSA 4K,LG,Electro,TV y audio,""
7790653062113,LED LG 50UR8750PSA 4K,LG,Electro,TV y audio,""
7796962003250,LED MOTOROLA 32 MT3210,MOTOROLA,Electro,TV y audio,""
7796962003274,LED MOTOROLA 50 91MT5010,MOTOROLA,Electro,TV y audio,""
7796962001355,LED NOBLEX 50  4K SMART,NOBLEX,Electro,TV y audio,""
7796962001379,LED NOBLEX 50X8580,NOBLEX,Electro,TV y audio,""
7796962993568,LED NOBLEX DK50X7500,NOBLEX,Electro,TV y audio,""
8718863026366,LED PHILIPS 24PHD5565/77,PHILIPS,Electro,TV y audio,""
8718863035726,LED PHILIPS 43PFD6927/77,PHILIPS,Electro,TV y audio,""
8718863029541,LED PHILIPS 50PUD7406/77,PHILIPS,Electro,TV y audio,""
7796941251252,LED RCA 40 R40GL100-F,RCA,Electro,TV y audio,""
7796941250989,LED RCA 40C40AND-F,RCA,Electro,TV y audio,""
7796941251344,LED RCA R32GL100-F,RCA,Electro,TV y audio,""
8806095214672,LED SAMSUNG 43 UHD S BECH,SAMSUNG,Electro,TV y audio,""
8806092191006,LED SAMSUNG 50 AU7000,SAMSUNG,Electro,TV y audio,""
8806095478128,LED SAMSUNG UN50DU7000GCZ,SAMSUNG,Electro,TV y audio,""
7796941328985,LED TCL 50 L50P755 UHD,TCL,Electro,TV y audio,""
7796941329289,"LED TV 32"""" 32S5KF, TCL, 1 cu",TCL,Electro,TV y audio,""
7796941329203,"LED TV 55"""" 55C655A, TCL, 1 cu",TCL,Electro,TV y audio,""
7796941251320,"LED TV 55"""" G55P7UHD, RCA, 1 cu",RCA,Electro,TV y audio,""
8806097301165,"LED TV 65"""" UN65U8000FGCZB, SAMSUNG, 1 cu",SAMSUNG,Electro,TV y audio,""
7797026960649,MICROFONO METAL ECHO,STROMBERG CARLSON,Electro,TV y audio,""
7797026970204,PARLA MEGA TWIN,STROMBERG CARLSON,Electro,TV y audio,""
7797026970037,PARLA PORTATIL FORCE,STROMBERG CARLSON,Electro,TV y audio,""
7797026960847,PARLA POTEN LUMOS 2,STROMBERG CARLSON,Electro,TV y audio,""
4895229111011,PARLANTE TAS1505B,PHILIPS,Electro,TV y audio,""
4895229111028,PARLANTE TAS2505B,PHILIPS,Electro,TV y audio,""
4895229111042,PARLANTE TAS2505W,PHILIPS,Electro,TV y audio,""
4895229136588,PARTY SPEAKR 3206 77,PHILIPS,Electro,TV y audio,""
4895229120877,PHILIPS PARLANTE POT,PHILIPS,Electro,TV y audio,""
7796885403052,QLED BGH B5026US7G GOOGLE,BGH,Electro,TV y audio,""
7796941251085,QLED RCA 50 QL50CH100,RCA,Electro,TV y audio,""
7796941329296,QLED TCL 43 43S5K FHD,TCL,Electro,TV y audio,""
0829610004471,ROKU EXPRESS 3930 51,ROKU,Electro,TV y audio,""
0829610004945,ROKU EXPRESS 3960MX,ROKU,Electro,TV y audio,""
0829610004679,ROKU EXPRESS 4K 3940,ROKU,Electro,TV y audio,""
7796885402802,SMART TV 32 BGH ANDROID HD PNE040280,S/D,Electro,TV y audio,""
7796885402918,SMART TV 43 BGH ANDROID FHD B4325FS5A,BGH,Electro,TV y audio,""
7796962000402,SMART TV 43 NOBLEX ROKU FHD DB43X3100,NOBLEX,Electro,TV y audio,""
7796941329241,SMART TV 75 TCL QLED GOOGLE TV RV UHD 75P8K,S/D,Electro,TV y audio,""
8718863040669,SMART TV PHILIPS 65 65PML9118/77,PHILIPS,Electro,TV y audio,""
7799111679771,STEREO PHILCOCSP2950,PHILCO,Electro,TV y audio,""
7798111354664,TORRE AIWA BT AW T22,AIWA,Electro,TV y audio,""
4895229133525,TORRE DE SONIDO PHLP,PHILIPS,Electro,TV y audio,""
7798111356675,TORRE TWS AIWA P180,AIWA,Electro,TV y audio,""
7798111356682,TORRE TWS AIWA T280L,AIWA,Electro,TV y audio,""
7798111356637,TORRE TWS AIWA T512,AIWA,Electro,TV y audio,""
7799111674882,TOWER NOBLEX 94MNT2X,NOBLEX,Electro,TV y audio,""
7799111678941,TOWER PHILCO TP6500,PHILCO,Electro,TV y audio,""
7796962997603,TV LED 32ANDRO NOBLX,NOBLEX,Electro,TV y audio,""
7796962999935,TV LED 40VIDA PHILCO,PHILCO,Electro,TV y audio,""
7796962002314,TV LG 50UHD 50UA8050PSA,LG,Electro,TV y audio,""
7790400031096,CINTA PYTHON GRIS,PYTHON,Útiles y librería,Adhesivos y cintas,""
7790400031102,CINTA PYTHON NEGRA,PYTHON,Útiles y librería,Adhesivos y cintas,""
0026000703048,ELMERS ADH VINILICO,ELMERS,Útiles y librería,Adhesivos y cintas,""
7790400928136,PEGAMENTO TRANSPAREN,UNIPO,Útiles y librería,Adhesivos y cintas,""
7790400927146,PLASTICO COLO SUR x6,SIN MARCA,Útiles y librería,Adhesivos y cintas,""
7790400926996,PLASTICO TRADIC 237G,SIN MARCA,Útiles y librería,Adhesivos y cintas,""
7790400928044,PLASTICO VINILICAX2,SIN MARCA,Útiles y librería,Adhesivos y cintas,""
7790400928037,PLASTICOLA TRADI 35,SIN MARCA,Útiles y librería,Adhesivos y cintas,""
7790400927375,PLASTIFLUO CO SURx 6,SIN MARCA,Útiles y librería,Adhesivos y cintas,""
0000077993502,PYTHON  BUJE CHICO G,PYTHON,Útiles y librería,Adhesivos y cintas,""
0000077993489,PYTHON  BUJE CHICO N,PYTHON,Útiles y librería,Adhesivos y cintas,""
0021200011139,SCOTCH CINTA MAG DIS,SCOTCH,Útiles y librería,Adhesivos y cintas,""
0068060465702,SCOTCH SCOTCH CINTA,SCOTCH,Útiles y librería,Adhesivos y cintas,""
7799133028502,AGENDA GALA 10X15 DP,MOOVING,Útiles y librería,Cuadernos y repuestos,""
7799133028113,AGENDA HOP PO ESP SV,MOOVING,Útiles y librería,Cuadernos y repuestos,""
7792216003502,ANOTADOR RAYADO CONG,SIN MARCA,Útiles y librería,Cuadernos y repuestos,""
7796893103258,BLOCK A4 COLOR X 24H,SIN MARCA,Útiles y librería,Cuadernos y repuestos,""
7792216856177,BLOCK A5 ESP RAY PS,PLAYSCHOOL,Útiles y librería,Cuadernos y repuestos,""
7792216006848,BLOCK ABC RAYA 21 27,ABC,Útiles y librería,Cuadernos y repuestos,""
7792216851936,BLOCK COLOR N6 EL NE,EL NENE,Útiles y librería,Cuadernos y repuestos,""
7791762812880,BLOCK CUADRI OFICIO,AVON,Útiles y librería,Cuadernos y repuestos,""
7796893000649,BLOCK DIBUJO N5 COLO,SIN MARCA,Útiles y librería,Cuadernos y repuestos,""
7796893000663,BLOCK DIBUJO N6 COLO,SIN MARCA,Útiles y librería,Cuadernos y repuestos,""
7791762319426,BLOCK EXITO DIBUJO OFICIO APAISADO 24H.B,LEDESMA S.A.A.I. BOIXADOS,Útiles y librería,Cuadernos y repuestos,""
7791762812484,BLOCK RAYADO A4 AVON,SIN MARCA,Útiles y librería,Cuadernos y repuestos,""
7798302935641,CARP 3 SOLAP PUSHEEN,MOOVING,Útiles y librería,Cuadernos y repuestos,""
7798302933623,CARP 3 SOLAP SIMPSON,MOOVING,Útiles y librería,Cuadernos y repuestos,""
7798166460488,CARP3 SOLAP SPIDERM,MOOVING,Útiles y librería,Cuadernos y repuestos,""
7799133001949,CARPE ESCOL 3X40 AFA,SIN MARCA,Útiles y librería,Cuadernos y repuestos,""
7798166460020,CARPETA ESCOLAR 3X40,MOOVING,Útiles y librería,Cuadernos y repuestos,""
7798373412324,CU ASA ESP22X29 80HR,ASAMBLEA,Útiles y librería,Cuadernos y repuestos,""
7799133002045,CUAD 19X24 TDX48 AFA,MOOVING,Útiles y librería,Cuadernos y repuestos,""
7792216050643,CUADERNO ABC TAPA CA,ABC,Útiles y librería,Cuadernos y repuestos,""
7792216050698,CUADERNO ABC TAPA CA,ABC,Útiles y librería,Cuadernos y repuestos,""
7792216050704,CUADERNO ABC TAPA CA,ABC,Útiles y librería,Cuadernos y repuestos,""
7791762110375,CUADERNO CUADRICULA,GLORIA,Útiles y librería,Cuadernos y repuestos,""
7791762255106,CUADERNO FOTO RAYADO,AVON,Útiles y librería,Cuadernos y repuestos,""
7791762120046,CUADERNO RAY T D ARA,GLORIA,Útiles y librería,Cuadernos y repuestos,""
7791762123047,CUADERNO RAY T D ARA,GLORIA,Útiles y librería,Cuadernos y repuestos,""
7791762128042,CUADERNO RAY T D ARA,GLORIA,Útiles y librería,Cuadernos y repuestos,""
7791762422072,CUADERNO RAYA T D AR,EXITO,Útiles y librería,Cuadernos y repuestos,""
7791762424076,CUADERNO RAYA T D AR,EXITO,Útiles y librería,Cuadernos y repuestos,""
7791762428074,CUADERNO RAYA T D AR,EXITO,Útiles y librería,Cuadernos y repuestos,""
7791762297076,CUADERNO RAYA TD AZU,EXITO,Útiles y librería,Cuadernos y repuestos,""
7791762298073,CUADERNO RAYA TD ROJ,EXITO,Útiles y librería,Cuadernos y repuestos,""
7791762299070,CUADERNO RAYA TD VER,EXITO,Útiles y librería,Cuadernos y repuestos,""
7792216155300,CUADRIVAZUL50HRA,RIVADAVIA,Útiles y librería,Cuadernos y repuestos,""
7792216155324,CUADRIVCELE50HRA,RIVADAVIA,Útiles y librería,Cuadernos y repuestos,""
7792216000112,CUADRIVROJO50HRA,RIVADAVIA,Útiles y librería,Cuadernos y repuestos,""
7792216155317,CUADRIVVERD50HRA,RIVADAVIA,Útiles y librería,Cuadernos y repuestos,""
7796893001554,FUNDA PARA CUADERNO,SIN MARCA,Útiles y librería,Cuadernos y repuestos,""
9789506447625,LA WEDDING PLANNER,PRH,Útiles y librería,Cuadernos y repuestos,""
7790250092322,NOBLE RC 3X40,NOBLE,Útiles y librería,Cuadernos y repuestos,""
9789502817279,PLANNER  MINDFULNESS,PRH,Útiles y librería,Cuadernos y repuestos,""
9786316620019,PLANNER DE POKEMON,PRH,Útiles y librería,Cuadernos y repuestos,""
9786316592095,PLANNER KAWAII,PRH,Útiles y librería,Cuadernos y repuestos,""
9789877363852,PRH PLANNER DE LYNA,PRH,Útiles y librería,Cuadernos y repuestos,""
7792216041900,REP A4 RIV 48H C C B,SIN MARCA,Útiles y librería,Cuadernos y repuestos,""
7792216210498,REP NENE N3 COLOR,EL NENE,Útiles y librería,Cuadernos y repuestos,""
7792216211235,REP NENE N5 COLOR 6H,EL NENE,Útiles y librería,Cuadernos y repuestos,""
7796893002339,REPU DIBUJ BLANC N3,SIN MARCA,Útiles y librería,Cuadernos y repuestos,""
7796893001110,REPU DIBUJO BLNCO N6,LUMA,Útiles y librería,Cuadernos y repuestos,""
7796893002346,REPU DIBUJO COLOR N3,SIN MARCA,Útiles y librería,Cuadernos y repuestos,""
7796893001127,REPU DIBUJO COLOR N6,LUMA,Útiles y librería,Cuadernos y repuestos,""
7792216210672,REPUESTO BLANCO N5 E,EL NENE,Útiles y librería,Cuadernos y repuestos,""
7791762400421,REPUESTO CUADRICU A4,SIN MARCA,Útiles y librería,Cuadernos y repuestos,""
7791762181320,REPUESTO CUADRICULAD,GLORIA,Útiles y librería,Cuadernos y repuestos,""
7792216004325,REPUESTO NENE N3 BCO,EL NENE,Útiles y librería,Cuadernos y repuestos,""
7792216048572,RIVADAVIA CUADERNO R,RIVADAVIA,Útiles y librería,Cuadernos y repuestos,""
0070330370210,BIC KIT BIC UNI AMAR,BIC,Útiles y librería,Escritura,""
3086123465664,BIC LAPIS EVOL AMARI,BIC,Útiles y librería,Escritura,""
0070330316072,BIC MARCADOR PERMANE,BIC,Útiles y librería,Escritura,""
0070330321298,BIC MARCADOR PERMANE,BIC,Útiles y librería,Escritura,""
0070330132665,BOL RET 4 COLOR MEDI,BIC,Útiles y librería,Escritura,""
0070330187757,BOL ROUND STIC X4 SU,BIC,Útiles y librería,Escritura,""
7754111033084,BOLI ECOTRILUX X4,FABER CASTELL,Útiles y librería,Escritura,""
0071641159228,BOLIG GEL PM SURTIDO,PAPER MATE,Útiles y librería,Escritura,""
7794360935838,BOLIGR BORRABLE AZUL,FABER CASTELL,Útiles y librería,Escritura,""
7798100969268,BOLIGR RETRAC FAST,FILGO,Útiles y librería,Escritura,""
0070330176539,BOLIGRAFO CRISTAL DU,BIC,Útiles y librería,Escritura,""
0071641159266,BOLIGRAFO GEL PAPER,PAPER MATE,Útiles y librería,Escritura,""
0070330176676,BOLIGRAFO OPACO DURA,BIC,Útiles y librería,Escritura,""
0071641136045,BOLIGRAFO PAPER MATE INKJOY FUN AZUL X2 P.FINA,PAPER MATE,Útiles y librería,Escritura,""
7795513043431,BOLIGRAFO RET FILGO,FILGO,Útiles y librería,Escritura,""
7795513044773,BOLIGRAFO STICK 026,FILGO,Útiles y librería,Escritura,""
7795513044780,BOLIGRAFO STICK 026,FILGO,Útiles y librería,Escritura,""
7795513044797,BOLIGRAFO STICK 026,FILGO,Útiles y librería,Escritura,""
7795513049532,BOLIGRAFO SURTIDOS X,FILGO,Útiles y librería,Escritura,""
7794360000253,BOLIGRAFO TRILUX 032,FABER CASTELL,Útiles y librería,Escritura,""
7794360000277,BOLIGRAFO TRILUX 032,FABER CASTELL,Útiles y librería,Escritura,""
0071641212183,CINTA CORRECTORA X1,PAPER MATE,Útiles y librería,Escritura,""
9789878207339,COL LAPICES Y BORRAD,GUADAL,Útiles y librería,Escritura,""
3154141915109,COMPAS PLASTICO MAPED SURTIDO 1 PIEZA KIDZ,MAPED,Útiles y librería,Escritura,""
7798093917680,CRAYONES C GLITTER X,SIN MARCA,Útiles y librería,Escritura,""
7795513075135,CRAYONES CERA FILGO PINTO X12,FILGO,Útiles y librería,Escritura,""
7796374069967,CRAYONES DE CERA KIN,SIN MARCA,Útiles y librería,Escritura,""
3154148610113,CRAYONES MAPED COLORPEPS WAX X12,MAPED,Útiles y librería,Escritura,""
7792833260395,CRAYONES SURTIDOS AL,SIN MARCA,Útiles y librería,Escritura,""
7798093917772,CRAYONES SURTIDOS CO,SIN MARCA,Útiles y librería,Escritura,""
3154140182113,CUTTER START 18MM BO,MAPED,Útiles y librería,Escritura,""
7891360674634,ECOLAPSSOFT X15,FABER CASTELL,Útiles y librería,Escritura,""
7891360674603,ECOPPIZ X24 LARGOS 4,FABER CASTELL,Útiles y librería,Escritura,""
7754111019569,FABER CASTELL ESCRIT,FABER CASTELL,Útiles y librería,Escritura,""
7795513044728,FILGO LAPICES COLORE,FILGO,Útiles y librería,Escritura,""
7795513075111,FILGO MARCADORES X20,FILGO,Útiles y librería,Escritura,""
7795513078341,FILGO PERMANENTE 1U,FILGO,Útiles y librería,Escritura,""
7794757113009,GOMA DE BORRAR LAPIZ MAPED TECHNIC X2,MAPED,Útiles y librería,Escritura,""
7794757117106,GOMA DE BORRAR LAPIZ TINTA MAPED TECHNIC DUO X2,MAPED,Útiles y librería,Escritura,""
3154140158019,GOMA DE BORRAR MAPED CROC CROC PUZZLE BUNNY X1,MAPED,Útiles y librería,Escritura,""
3154141129124,GOMA ESSENTIALS SOFT,MAPED,Útiles y librería,Escritura,""
7798184918473,HERMOSURA CARTUCHERA,HERMOSURA,Útiles y librería,Escritura,""
0071641222892,KIT 4 MARCAD BORRA,EXPO,Útiles y librería,Escritura,""
7501843503992,KIT B JRAL B 10,BIC,Útiles y librería,Escritura,""
7501843503978,KIT INFANTIL CMP 16,BIC,Útiles y librería,Escritura,""
7501843507013,KIT WRITING PASTEL,BIC,Útiles y librería,Escritura,""
3154148616009,LA COLORES INFINIX12,MAPED,Útiles y librería,Escritura,""
3154148518037,LAP GRAFIT GLITTERX6,MAPED,Útiles y librería,Escritura,""
3154148627128,LAPICES COLORES MAPED COLORPEPS STRONG X12,MAPED,Útiles y librería,Escritura,""
0070330433625,LAPICES DE COLORES B,BIC,Útiles y librería,Escritura,""
7792700006170,LAPIZ COLOR LARGOX12,PELIKAN,Útiles y librería,Escritura,""
7794360939072,LAPIZ CORRECTORX2,FABER CASTELL,Útiles y librería,Escritura,""
0071641198159,LAPIZ GRAFI VINT HEX,PAPER MATE,Útiles y librería,Escritura,""
7795513043851,LAPIZ GRAFITO FILGO PINTO 2B X4,FILGO,Útiles y librería,Escritura,""
7501030676621,LIQUID PAPER BOTELLA,LIQUID PAPER,Útiles y librería,Escritura,""
7703064846203,M COLORELLA STARX50,PELIKAN,Útiles y librería,Escritura,""
3026982011817,MARC ACRIL 2 PBALA,SHARPIE,Útiles y librería,Escritura,""
3026982010698,MARC ACRIL 5 PBALA,SHARPIE,Útiles y librería,Escritura,""
0071641212824,MARC DOBLE PUNTA 8,PAPER MATE,Útiles y librería,Escritura,""
0071641212268,MARC FINO PERMANE 5,SHARPIE,Útiles y librería,Escritura,""
7501030627401,MARC FINO SURT 4,SHARPIE,Útiles y librería,Escritura,""
0071641033931,MARC PIZARRA NEGROX1,EXPO,Útiles y librería,Escritura,""
0041540843245,MARC ROTULADOR FLAIR,PAPER MATE,Útiles y librería,Escritura,""
7501030666998,MARC SHARPIE TWIN T,SHARPIE,Útiles y librería,Escritura,""
0071641371019,MARC SHARPIE UFIN NE,SHARPIE,Útiles y librería,Escritura,""
7754111022330,MARCAD FIESTA KITX18,FABER CASTELL,Útiles y librería,Escritura,""
3086123465305,MARCADOR ESCOLAR BIC,BIC,Útiles y librería,Escritura,""
3154148454205,MARCADOR ESCOLAR MAPED COLORPEPS JUNGLE X12,MAPED,Útiles y librería,Escritura,""
3154148457237,MARCADOR ESCOLAR MAPED COLORPEPS OCEAN X6,MAPED,Útiles y librería,Escritura,""
7754111024990,MARCADOR FIESTA 45 E,FABER CASTELL,Útiles y librería,Escritura,""
3154148457244,MARCADOR OCEAN X10 U,MAPED,Útiles y librería,Escritura,""
7798100967493,MARCADOR PINT DECO,FILGO,Útiles y librería,Escritura,""
0070330348134,MARCADOR PIZARRA MAR,BIC,Útiles y librería,Escritura,""
0070330348141,MARCADOR PIZARRA MAR,BIC,Útiles y librería,Escritura,""
7795513053645,MARCADOR RESALTA X6,SIN MARCA,Útiles y librería,Escritura,""
0071641051508,MARCADOR SHARPIE FIN,SHARPIE,Útiles y librería,Escritura,""
0071641189508,MARCADORES BICOLOR 1,PAPER MATE,Útiles y librería,Escritura,""
3154147490501,MICROF GRAPH ESTX10,MAPED,Útiles y librería,Escritura,""
7795513045169,MICROFI AL AGUA LINE,FILGO,Útiles y librería,Escritura,""
7795513043950,MINAS DE GRAFICO 05,FILGO,Útiles y librería,Escritura,""
0071641178236,PAPER MATE BOL PTA F,PAPER MATE,Útiles y librería,Escritura,""
0071641178212,PAPER MATE BOLIGRAFO,PAPER MATE,Útiles y librería,Escritura,""
0071641178366,PAPER MATE LAPIZ GRA,PAPER MATE,Útiles y librería,Escritura,""
7703486037449,PAPER RETR SURTI BX3,PAPER MATE,Útiles y librería,Escritura,""
7794757271013,PLASTI COL PEP X6SUR,MAPED,Útiles y librería,Escritura,""
7501015207291,PLASTILINA GLI 10 40,PELIKAN,Útiles y librería,Escritura,""
7794757272010,PLASTILINA MAPED COLORPEPS X12,MAPED,Útiles y librería,Escritura,""
0071641203402,RE POCK FLUO SURTIX4,SHARPIE,Útiles y librería,Escritura,""
0071641203471,RE TANK PASTEL SURX4,SHARPIE,Útiles y librería,Escritura,""
7501843504210,REFIL GEL ILLUS BL3,BIC,Útiles y librería,Escritura,""
7501843504227,REFIL GEL ILLUS BLK3,BIC,Útiles y librería,Escritura,""
3154141461125,REGLA MAPED 20 CM X1 TRANSPARENTE,MAPED,Útiles y librería,Escritura,""
7794360935845,REPUESTO ROLLER MAGI,FABER CASTELL,Útiles y librería,Escritura,""
3154147409015,RESALT FLUOX12 COL,MAPED,Útiles y librería,Escritura,""
0071641188662,RESALT NOTE PAST 4,SHARPIE,Útiles y librería,Escritura,""
0071641188648,RESALT NOTE SURT 4,SHARPIE,Útiles y librería,Escritura,""
0070330348080,RESALTADOR BIC MARKING AMARILLO X1,BIC,Útiles y librería,Escritura,""
0070330342637,RESALTADOR BRITE LIN,BIC,Útiles y librería,Escritura,""
0070330342651,RESALTADOR BRITE LIN,BIC,Útiles y librería,Escritura,""
0070330342668,RESALTADOR BRITE LIN,BIC,Útiles y librería,Escritura,""
7792700371193,RESALTADOR FLASH AMA,PELIKAN,Útiles y librería,Escritura,""
7792700371230,RESALTADOR FLASH VER,PELIKAN,Útiles y librería,Escritura,""
7795513043509,RESALTADOR LIGHTER F,FILGO,Útiles y librería,Escritura,""
7795513043516,RESALTADOR LIGHTER F,FILGO,Útiles y librería,Escritura,""
7795513043523,RESALTADOR LIGHTER F,FILGO,Útiles y librería,Escritura,""
7795513044674,RESALTADOR LIGHTER F,FILGO,Útiles y librería,Escritura,""
0070330348110,RESALTADOR MARKING,BIC,Útiles y librería,Escritura,""
0070330358645,RESALTADOR MARKING B,BIC,Útiles y librería,Escritura,""
0071641188631,RESALTADOR SHARPIE NOTE SURTIDO X2,SHARPIE,Útiles y librería,Escritura,""
7795513076378,ROLLER GEL POPX6F,FILGO,Útiles y librería,Escritura,""
3154140176105,SACAPUNTA MAPED CROC CROC CONEJITO 1 ORIF X1,MAPED,Útiles y librería,Escritura,""
3154140177102,SACAPUNTA PLASTICO 1 ORIFICIO CROC CROC X1,MAPED,Útiles y librería,Escritura,""
3154140632106,SACAPUNTA PLASTICO MAPED BOOGY 1 ORIFICIO BX3,MAPED,Útiles y librería,Escritura,""
3154140492304,SACAPUNTAS GOMA PTEL,MAPED,Útiles y librería,Escritura,""
3154140066000,SACAPUNTAS METAL ECO,MAPED,Útiles y librería,Escritura,""
7798100965864,SACAPUNTAS METALICO,FILGO,Útiles y librería,Escritura,""
7798100965888,SET GOMAS PINTO 3020,FILGO,Útiles y librería,Escritura,""
7798100965871,SET SACAPUNTAS,FILGO,Útiles y librería,Escritura,""
3154144644105,TIJERA ESCOLAR MAPED ESSENTIAL SOFT 13CM,MAPED,Útiles y librería,Escritura,""
7806810263023,TIJERA MULTIUSO B,SIN MARCA,Útiles y librería,Escritura,""
3154144642101,TIJERAS ESSENTIALS 1,MAPED,Útiles y librería,Escritura,""
3154140696009,TIJERAS SENSOFT 16CM,MAPED,Útiles y librería,Escritura,""
9789878201498,26 CUENTOS REIN EMOC,GUADAL,Útiles y librería,Libros,""
9789878203003,365 ANIMALES PREHIST,GUADAL,Útiles y librería,Libros,""
9789877977110,365 CTOS DE ANIMALES,GUADAL,Útiles y librería,Libros,""
9789878208930,365CUENTOS DORMI AZ,GUADAL,Útiles y librería,Libros,""
9789878208947,365CUENTOS DORMI FUC,GUADAL,Útiles y librería,Libros,""
9789878203447,500 STICKERS ARGENTI,PRH,Útiles y librería,Libros,""
9789878222189,7 HABITOS ALT EFECT,PLANETA,Útiles y librería,Libros,""
9786313070251,A PASEAR CON DINO RU,GUADAL,Útiles y librería,Libros,""
9786313070268,A PASEAR CON UNI RU,GUADAL,Útiles y librería,Libros,""
9789877257380,AJUSTE DE CUENTAS,PRH,Útiles y librería,Libros,""
9789878121383,AMANECER LA COSECHA,PRH,Útiles y librería,Libros,""
9789877950908,AMISTAD,PRH,Útiles y librería,Libros,""
9789877257564,AMOR TIEMP COL NE,PRH,Útiles y librería,Libros,""
9789873203893,ANIMALES MOSHI MOSHI,GUADAL,Útiles y librería,Libros,""
9789877364590,ANIMALES PRIMERA INF,PRH,Útiles y librería,Libros,""
9789506446567,ANTES DE QUE SE ENFR,PRH,Útiles y librería,Libros,""
9789877364040,APRENDE JUGANDO CON,PRH,Útiles y librería,Libros,""
9786316620415,ARTA GAME 5 JUNGLA M,PRH,Útiles y librería,Libros,""
9789878223155,ASESINATO ORIENT EXP,PLANETA,Útiles y librería,Libros,""
9789878203157,ATENCION PLEN CAM JU,GUADAL,Útiles y librería,Libros,""
9786313034239,AVENGERS JUE Y PINTA,VERTICE,Útiles y librería,Libros,""
9786313070381,AVENTURA SOBRE RUEDA,GUADAL,Útiles y librería,Libros,""
9789877364026,AVENTURAS DE LYNA Y,PRH,Útiles y librería,Libros,""
9789873202919,AVENTURAS ENLATADASD,VERTICE,Útiles y librería,Libros,""
9789877518887,AVENTURAS ENLATADASP,VERTICE,Útiles y librería,Libros,""
9789877365375,AVIONES MIS PRI ORIG,PRH,Útiles y librería,Libros,""
9789500771986,BIO LIONEL SCALONI,PRH,Útiles y librería,Libros,""
9789878453507,BLACKWATE 1 LA RIADA,PRH,Útiles y librería,Libros,""
9786316592354,BLANCANIEVES,PRH,Útiles y librería,Libros,""
9789878203119,BONDAD CAMINAND JUN,GUADAL,Útiles y librería,Libros,""
9789877365184,BUSCA ENCUENT LYNA,PRH,Útiles y librería,Libros,""
9789506447526,CAFE LUNA LLENA,PRH,Útiles y librería,Libros,""
9786313071951,CALEIDOSCO PINT DINO,GUADAL,Útiles y librería,Libros,""
9786313071968,CALEIDOSCO PINT UNIC,GUADAL,Útiles y librería,Libros,""
9789505473113,CALLIOPE VOZ LLAMAS,PLANETA,Útiles y librería,Libros,""
9789878208886,CALMA RINCON EMOCION,GUADAL,Útiles y librería,Libros,""
9789877256710,CAMINO HACIA EL AMOR,PRH,Útiles y librería,Libros,""
9789877257069,CAOS NE,PRH,Útiles y librería,Libros,""
9786313073559,CAPI GRAN LIB P COL,GUADAL,Útiles y librería,Libros,""
9786316592491,CAPIBARA DIVERLIBRO,PRH,Útiles y librería,Libros,""
9786316718105,CAPIBARA JUEGO SUPER,PRH,Útiles y librería,Libros,""
9786313036950,CAPIBARA LIBRO ACT,VERTICE,Útiles y librería,Libros,""
9786316592484,CAPIBARAS STICKERLAN,PRH,Útiles y librería,Libros,""
9789504993490,CAPIVIBES LIBRO COL,PLANETA,Útiles y librería,Libros,""
9789877364941,CASITA JUE DE LYNIEL,PRH,Útiles y librería,Libros,""
9786313074211,CATS DULCE CAFE VALI,GUADAL,Útiles y librería,Libros,""
9789878223162,CIANURO ESPUMOSO,PLANETA,Útiles y librería,Libros,""
9789877257540,CIEN ANOS SOLE NE,PRH,Útiles y librería,Libros,""
9789878223186,CINCO CERDITOS,PLANETA,Útiles y librería,Libros,""
9789878203058,COL  AL AGUA PEP PIG,GUADAL,Útiles y librería,Libros,""
9789878209715,COL  JUGAR AGUA MAG,GUADAL,Útiles y librería,Libros,""
9789878208060,COL  PEQUENOS AMIGOS,GUADAL,Útiles y librería,Libros,""
9789876349727,COL 1001 ANIM DIVER,SIN MARCA,Útiles y librería,Libros,""
9789876342483,COL 26 CUENTOS,GUADAL,Útiles y librería,Libros,""
9786313070008,COL ACOLCHADITOS,GUADAL,Útiles y librería,Libros,""
9789878207360,COL AFA PERSON FAV,GUADAL,Útiles y librería,Libros,""
9789877976847,COL AGUA MAGICA,GUADAL,Útiles y librería,Libros,""
9789878202792,COL ANIMALES AMIGOS,GUADAL,Útiles y librería,Libros,""
9789878209272,COL APRENDE A DIBUJ,GUADAL,Útiles y librería,Libros,""
9789877975512,COL APRENDO CON STIC,GUADAL,Útiles y librería,Libros,""
9789878201399,COL ARTERAPIA 2,SIN MARCA,Útiles y librería,Libros,""
9789871713967,COL AVATAR LA BUSQUE,GUADAL,Útiles y librería,Libros,""
9786313030576,COL BLISTER 1001 STI,SIN MARCA,Útiles y librería,Libros,""
9786313031436,COL BLISTER ARCOIRIS,VERTICE,Útiles y librería,Libros,""
9786313035380,COL BLISTER MAGICOL4,VERTICE,Útiles y librería,Libros,""
9786313031429,COL BLISTER MAGICOLO,VERTICE,Útiles y librería,Libros,""
9786313035410,COL BLISTER MEGA ACU,VERTICE,Útiles y librería,Libros,""
9786313030590,COL BLISTER PINTEMOS,SIN MARCA,Útiles y librería,Libros,""
9786313035403,COL BLISTER SCRATCH,VERTICE,Útiles y librería,Libros,""
9789878205014,COL BRILLITOS,GUADAL,Útiles y librería,Libros,""
9789878208121,COL BURBUJAS Y LUCES,GUADAL,Útiles y librería,Libros,""
9789878206493,COL BUSCA Y ESCUCHA,GUADAL,Útiles y librería,Libros,""
9789878206486,COL CAMINANDO JUNTO,GUADAL,Útiles y librería,Libros,""
9789878205762,COL CHISPAS DE COLOR,GUADAL,Útiles y librería,Libros,""
9786313071272,COL COLOREO Y REGALO,GUADAL,Útiles y librería,Libros,""
9786313030538,COL COLORES,VERTICE,Útiles y librería,Libros,""
9789878207353,COL CREA ARTE,GUADAL,Útiles y librería,Libros,""
9789878204918,COL CUENT CLA POP UP,SIN MARCA,Útiles y librería,Libros,""
9789878209869,COL CUENT CON TITERE,GUADAL,Útiles y librería,Libros,""
9789878202419,COL CUENTOS ANIMADOS,GUADAL,Útiles y librería,Libros,""
9789878203362,COL CUENTOS EN MOV,GUADAL,Útiles y librería,Libros,""
9786313036042,COL FINGER PAINT 2,VERTICE,Útiles y librería,Libros,""
9786313035526,COL FLOW PACK DIV 14,VERTICE,Útiles y librería,Libros,""
9786313030521,COL FLOW PACK DIVE,VERTICE,Útiles y librería,Libros,""
9786313030545,COL FLOW PACK IMAGIN,VERTICE,Útiles y librería,Libros,""
9786313035175,COL FLOW PINT SORP,VERTICE,Útiles y librería,Libros,""
9789878200262,COL HORA DEL BANO 2,GUADAL,Útiles y librería,Libros,""
9789876346528,COL HORA DEL CUENTO,SIN MARCA,Útiles y librería,Libros,""
9786313032426,COL IMAGINA MASAS,VERTICE,Útiles y librería,Libros,""
9786313070565,COL JUEGA Y BOR GEN,GUADAL,Útiles y librería,Libros,""
9789878209647,COL JUEGA Y BOR LAB,GUADAL,Útiles y librería,Libros,""
9789878988245,COL JUEGO Y APRENDO,PRH,Útiles y librería,Libros,""
9786313070473,COL JUEGO Y DESCUBRO,GUADAL,Útiles y librería,Libros,""
9789876342728,COL LIBRO DE LAS PRE,PRH,Útiles y librería,Libros,""
9789877180831,COL LIBRO DE PREGS,PRH,Útiles y librería,Libros,""
9789878205007,COL LUCES MAGICAS,GUADAL,Útiles y librería,Libros,""
9786313032495,COL MAGICOLORES 3,VERTICE,Útiles y librería,Libros,""
9789873203749,COL MANOS A LA OBRA,PLANETA,Útiles y librería,Libros,""
9789876342896,COL MASCOTAS,PRH,Útiles y librería,Libros,""
9786313030552,COL MEGA IMAGINA MAS,VERTICE,Útiles y librería,Libros,""
9789878207575,COL MEGA LABERINTOS,GUADAL,Útiles y librería,Libros,""
9786313034529,COL MI BLOCK PARA CO,VERTICE,Útiles y librería,Libros,""
9789878205946,COL MINITEXTURAS,GUADAL,Útiles y librería,Libros,""
9789877518580,COL MINITITERES DE L,GUADAL,Útiles y librería,Libros,""
9789878201665,COL MUNDO DE SONIDOS,GUADAL,Útiles y librería,Libros,""
9789873203688,COL NEUR EN ACCION 4,GUADAL,Útiles y librería,Libros,""
9789878200378,COL NICK JUNIOR PF,PRH,Útiles y librería,Libros,""
9789876343039,COL NOVELA JUVENILES,PLANETA,Útiles y librería,Libros,""
9789877979619,COL NUEVOS CUENTOS M,PLANETA,Útiles y librería,Libros,""
9789502816982,COL NUEVOS MANDALAS,PRH,Útiles y librería,Libros,""
9789878200217,COL NUEVOS SUAVECITO,GUADAL,Útiles y librería,Libros,""
9786313037520,COL PACK IMAG MASAS,VERTICE,Útiles y librería,Libros,""
9789878208282,COL PER FAVORITOS RE,GUADAL,Útiles y librería,Libros,""
9786313070633,COL PF INTENSAMENTE2,SIN MARCA,Útiles y librería,Libros,""
9786313032433,COL PINTA Y CREA 3,VERTICE,Útiles y librería,Libros,""
9789878201764,COL POP IT 3,PRH,Útiles y librería,Libros,""
9789878200651,COL POP UP CLASICOS,VERTICE,Útiles y librería,Libros,""
9786313070954,COL PRACTI NVA ED,GUADAL,Útiles y librería,Libros,""
9786313070978,COL PRACTICARTAS,GUADAL,Útiles y librería,Libros,""
9786313034536,COL SOBRE PINT PEG,VERTICE,Útiles y librería,Libros,""
9786313035045,COL SOBRE STICKERS P,VERTICE,Útiles y librería,Libros,""
9789878206363,COL SONIDOS SQUISHY,GUADAL,Útiles y librería,Libros,""
9789878048918,COL SUPER COLOREA 13,VERTICE,Útiles y librería,Libros,""
9786313030514,COL SUPER COLOREA 14,VERTICE,Útiles y librería,Libros,""
9786313036011,COL SUPER COLOREA ME,VERTICE,Útiles y librería,Libros,""
9789878048888,COL VAMOS AL COLE,VERTICE,Útiles y librería,Libros,""
9786316718099,COLAPINTO STICKERMAN,PRH,Útiles y librería,Libros,""
9786313032525,COLOREA FINGER 2,VERTICE,Útiles y librería,Libros,""
9789506447830,COLORES FELICIDAD,PRH,Útiles y librería,Libros,""
9789877364583,COLORES PRIMERA INF,PRH,Útiles y librería,Libros,""
9789878208053,COLORES Y STICKERS,GUADAL,Útiles y librería,Libros,""
9789878988979,COLORESJUEGO Y APREN,PRH,Útiles y librería,Libros,""
9789873203916,COMFY TRAVEL MOSHI M,GUADAL,Útiles y librería,Libros,""
9786313071852,CONEJIT MIMI LIB PEL,GUADAL,Útiles y librería,Libros,""
9789878208916,CONFIA RINCO EMOCION,GUADAL,Útiles y librería,Libros,""
9789877257557,CRONICA MUERT AN NE,PRH,Útiles y librería,Libros,""
9789878201207,CUENTOS EN 5 MIN,GUADAL,Útiles y librería,Libros,""
9789877256741,CUERPOS SIN EDAD MEN,PRH,Útiles y librería,Libros,""
9789877976939,CURIOSIDADES Y PRE,GUADAL,Útiles y librería,Libros,""
9789878988191,CURSIVAJUEGO Y APRE,PRH,Útiles y librería,Libros,""
9789502817934,DE COMERC A EMPRES,PRH,Útiles y librería,Libros,""
9789502817736,DECIR NO ES POSITIVO,PRH,Útiles y librería,Libros,""
9789871886357,DEJA DE SER TU,URANO,Útiles y librería,Libros,""
9786313011551,DEMASIADO LEJOS,PRH,Útiles y librería,Libros,""
9789502817767,DESCONECTAME POR FAV,PRH,Útiles y librería,Libros,""
9789878209708,DESCUB DEST CUEN COR,GUADAL,Útiles y librería,Libros,""
9789877364033,DESCUBRE EL MUNDO CO,PRH,Útiles y librería,Libros,""
9789501211009,DESTROZA ESTE DIARIO,PLANETA,Útiles y librería,Libros,""
9789877365436,DIARIO ABUE RITA 2,PRH,Útiles y librería,Libros,""
9789871138678,DIARIO DE ANA FRANK,PRH,Útiles y librería,Libros,""
9789502818115,DIARIO PARA BIENESTA,PRH,Útiles y librería,Libros,""
9789878222868,DINERO BOOKET,PLANETA,Útiles y librería,Libros,""
9789878988757,DINOS DIVERLIBROS,PRH,Útiles y librería,Libros,""
9786316592453,DINOSAUR BLOCK ANILL,PRH,Útiles y librería,Libros,""
9786316592774,DINOSAURIOS ANILLADO,PRH,Útiles y librería,Libros,""
9789873612732,DINOSAURIOS AVENTURA,GUADAL,Útiles y librería,Libros,""
9789878988412,DINOSAURIOS LIBRO DE,PRH,Útiles y librería,Libros,""
9786313070244,DINOSAURIOS MIS MINI,GUADAL,Útiles y librería,Libros,""
9786313072972,DIVERSION CON BANDER,GUADAL,Útiles y librería,Libros,""
9789877257595,DOCE CUENT PEREG NE,PRH,Útiles y librería,Libros,""
9789878208572,DOROTEA MODISTA RIMA,GUADAL,Útiles y librería,Libros,""
9786313034260,DRAGON BALL Z JUEGA,VERTICE,Útiles y librería,Libros,""
9789878220079,DUELO EL BOOKET,PRH,Útiles y librería,Libros,""
9789877256109,EL METODO IKIGAI,PRH,Útiles y librería,Libros,""
9789878203911,EL PRINCIPITO BLANCO,GUADAL,Útiles y librería,Libros,""
9789873993794,EL PRINCIPITO T DBLA,GUADAL,Útiles y librería,Libros,""
9786313036844,ELIO COLOREA,VERTICE,Útiles y librería,Libros,""
9789878209258,EMOCIONES AVENT ENLA,GUADAL,Útiles y librería,Libros,""
9789878209166,EMOCIONES DIAR SECR,GUADAL,Útiles y librería,Libros,""
9789878988955,EMPEZAR A LEER 2,PRH,Útiles y librería,Libros,""
9789878988986,EMPEZAR A LEER JUEGO,PRH,Útiles y librería,Libros,""
9786313070237,EN EL MAR MIS MINI P,GUADAL,Útiles y librería,Libros,""
9786313070213,EN LA GRANJA MIS MIN,GUADAL,Útiles y librería,Libros,""
9786313070220,EN LA SELVA MIS MINI,GUADAL,Útiles y librería,Libros,""
9789878221243,ENCUENTROS BOOKET,PLANETA,Útiles y librería,Libros,""
9789877257212,ESPIA LA NE,PRH,Útiles y librería,Libros,""
9789877365399,ESTACI PINT NUM PLIM,PRH,Útiles y librería,Libros,""
9786313070466,EXPLO CONST DATOS CU,GUADAL,Útiles y librería,Libros,""
9789877365290,EXPLO TUS EMOC PLIM,PRH,Útiles y librería,Libros,""
9786316592019,FANATICOS DEL FUTBOL,PRH,Útiles y librería,Libros,""
9789504988250,FELICIDAD LA NUEVA E,PLANETA,Útiles y librería,Libros,""
9789878988917,FIESTA DE CAMPEONES,PRH,Útiles y librería,Libros,""
9789502818207,FILOSOFIA JAPO BIEN,PRH,Útiles y librería,Libros,""
9788419743473,FIVE NIGHT FR OJ PLA,PRH,Útiles y librería,Libros,""
9789878988962,FORMAS JUEGO Y APREN,PRH,Útiles y librería,Libros,""
9789500769785,GATURRO DE ORO 3,PRH,Útiles y librería,Libros,""
9789878988207,GRAFISMOS 3JUEGO,PRH,Útiles y librería,Libros,""
9789877365320,GRAN VIAJE LYNIEL,PRH,Útiles y librería,Libros,""
9789878988597,GRANJA LA DIVERLIBRO,PRH,Útiles y librería,Libros,""
9789878208848,GRANJA PINTO ACUA,GUADAL,Útiles y librería,Libros,""
9789878203133,GRATITUD CAMINAN JUN,GUADAL,Útiles y librería,Libros,""
9789878202723,GUADAL COL AV DE UNI,GUADAL,Útiles y librería,Libros,""
9789877977417,GUADAL COL BB BOCHIN,GUADAL,Útiles y librería,Libros,""
9789877977691,GUADAL COL MIS PRIME,GUADAL,Útiles y librería,Libros,""
9789877978292,GUADAL COL SUPERPACK,GUADAL,Útiles y librería,Libros,""
9789877977622,GUADAL CTO CO COMPAR,GUADAL,Útiles y librería,Libros,""
9789877977639,GUADAL CTO CO PARA S,GUADAL,Útiles y librería,Libros,""
9789878222806,HABITOS ATOMIC,PLANETA,Útiles y librería,Libros,""
9789878220062,HABITOS ATOMICOS BOO,PRH,Útiles y librería,Libros,""
9789506447441,HASTA EL PROXIMO CAF,PRH,Útiles y librería,Libros,""
9789877392661,HASTA ORILLA RIO,PRH,Útiles y librería,Libros,""
9786313034550,HELLO KITTY 1001 STI,VERTICE,Útiles y librería,Libros,""
9786313034383,HELLO KITTY BLIST AC,VERTICE,Útiles y librería,Libros,""
9786313034628,HELLO KITTY FR JUCOL,VERTICE,Útiles y librería,Libros,""
9786313034659,HELLO KITTY FR S COL,VERTICE,Útiles y librería,Libros,""
9786313034611,HELLO KITTY JUE COL,VERTICE,Útiles y librería,Libros,""
9786313034215,HELLO KITTY JUE PINT,VERTICE,Útiles y librería,Libros,""
9789878220628,HISTORIAS DE DIVAN,PLANETA,Útiles y librería,Libros,""
9789878221151,HISTORIAS INCONSCIEN,PLANETA,Útiles y librería,Libros,""
9789878222684,HOBBIT EL BOOKET TD,PLANETA,Útiles y librería,Libros,""
9789877805499,HOROSCOPO CHINO 2026,PRH,Útiles y librería,Libros,""
9786313034420,HP CASAS HOGWARTS,VERTICE,Útiles y librería,Libros,""
9786313034444,HP DISFRAZ HOGWARTS,VERTICE,Útiles y librería,Libros,""
9786313034437,HPJUEGOS MAGICOS,VERTICE,Útiles y librería,Libros,""
9789877256444,IDEAS EN LA DUCHA NE,PRH,Útiles y librería,Libros,""
9789878208909,IMAGINACION RINC EMO,GUADAL,Útiles y librería,Libros,""
9789877693843,IMPOSIBLE DECIR ADIO,PRH,Útiles y librería,Libros,""
9789873688720,INTELIGE ART APL FIN,URANO,Útiles y librería,Libros,""
9786313070046,INTENSAMENTE 2 500,GUADAL,Útiles y librería,Libros,""
9786313012558,ISADORA MOON 14,PRH,Útiles y librería,Libros,""
9789878207711,JUAN ASTRONAUTA RIMA,GUADAL,Útiles y librería,Libros,""
9789877362992,JUEGA CON LYNA,PRH,Útiles y librería,Libros,""
9786313070015,JUEGA LA SELECCION,GUADAL,Útiles y librería,Libros,""
9786313030507,JUEGA Y COLOREA 13,VERTICE,Útiles y librería,Libros,""
9789878988900,JUGAR CON CAMPEONES,PRH,Útiles y librería,Libros,""
9789878988924,JUGUEMOS EN FAM 4,PRH,Útiles y librería,Libros,""
9789878205090,JURASSIC W AVENT ENL,GUADAL,Útiles y librería,Libros,""
9786313034314,JURASSIC WORLD COL,VERTICE,Útiles y librería,Libros,""
9786313036936,JURASSIC WORLD PINTA,VERTICE,Útiles y librería,Libros,""
9786316592446,KAWAII BLOCK ANILL,PRH,Útiles y librería,Libros,""
9789878206790,KAWAII DIARIO SECRE,GUADAL,Útiles y librería,Libros,""
9786316592392,KAWAII VALIJITA PINT,PRH,Útiles y librería,Libros,""
9786313034161,KUROMI PINT Y BRILLA,VERTICE,Útiles y librería,Libros,""
9786313034178,KUROMI PINTAR,VERTICE,Útiles y librería,Libros,""
9786313037032,KUROMI SUPER COL ME,VERTICE,Útiles y librería,Libros,""
9789877693232,LA CLASE DE GRIEGO,SIN MARCA,Útiles y librería,Libros,""
9789878206103,LA COLA DE LA SIRENA,GUADAL,Útiles y librería,Libros,""
9789878222707,LA FELICIDAD BOOKET,PLANETA,Útiles y librería,Libros,""
9786316592149,LA GRANJA MIS PRIMER,PRH,Útiles y librería,Libros,""
9789506447151,LA HIJA VILLA TEL NE,PRH,Útiles y librería,Libros,""
9789877257373,LA LISTA DEL JUEZ,PRH,Útiles y librería,Libros,""
9786313011797,LA MUERTE AJENA,VERTICE,Útiles y librería,Libros,""
9789877392685,LA PROFESORA,PRH,Útiles y librería,Libros,""
9789504991441,LA SOLEDAD,PLANETA,Útiles y librería,Libros,""
9789506447144,LA VILLA DE L TEL NE,PRH,Útiles y librería,Libros,""
9789877256819,LAZOS DE AMOR NE,PRH,Útiles y librería,Libros,""
9786316592798,LB BLOCK PARA COLOREAR PATOS,GENERICO,Útiles y librería,Libros,""
9786313036943,LB CAPIBARA COLOREA,GENERICO,Útiles y librería,Libros,""
9786313074006,LB CAPIBARAS 500 STICKERS,GENERICO,Útiles y librería,Libros,""
9786316592644,LB COL COLORES MAGICOS,GENERICO,Útiles y librería,Libros,""
9789878209388,LB COL DESCUBRO EN VALIJITA,GENERICO,Útiles y librería,Libros,""
9789878209807,LB COL TRAZA Y CREA,GENERICO,Útiles y librería,Libros,""
9789878205816,LB COL. AMIGOS SQUISHY,GENERICO,Útiles y librería,Libros,""
9786313036059,LB COL. BLISTER ARCOIRIS POCKET,GENERICO,Útiles y librería,Libros,""
9789877978735,LB COL. BLOCK JUNIOR 2,GENERICO,Útiles y librería,Libros,""
9786313072606,LB COL. CAPIBARA PARA COLOREAR,GENERICO,Útiles y librería,Libros,""
9789877978544,LB COL. CLASICOS DE HOY Y DE SIEMPRE 2,GENERICO,Útiles y librería,Libros,""
9786313070961,LB COL. DESAFIO NVA EDICION,GENERICO,Útiles y librería,Libros,""
9786313035021,LB COL. DISE A Y PINTA SELLOS,GENERICO,Útiles y librería,Libros,""
9789878208046,LB COL. ESPEJITO ESPEJITO,GENERICO,Útiles y librería,Libros,""
9786313073399,LB COL. HORA DEL CUENTO CLASICOS T D,GENERICO,Útiles y librería,Libros,""
9789878209500,LB COL. INFANTILES SO CUTE,GENERICO,Útiles y librería,Libros,""
9786313034963,LB COL. JUEGA Y COLOREA 15,GENERICO,Útiles y librería,Libros,""
9786313037599,LB COL. JUEGA Y COLOREA 16,GENERICO,Útiles y librería,Libros,""
9789878204802,LB COL. JUEGO Y COLOREO SO CUTE,GENERICO,Útiles y librería,Libros,""
9789876345941,LB COL. LIBRO DE LAS PREGUNTAS,GENERICO,Útiles y librería,Libros,""
9789502817699,LB COL. MANDALAS MAGICOS 2,GENERICO,Útiles y librería,Libros,""
9786313038169,LB COL. MI BLOCK PARA COLOREAR 2,GENERICO,Útiles y librería,Libros,""
9789878204574,LB COL. MULTIMARCA LICENCIAS PFML,GENERICO,Útiles y librería,Libros,""
9789873203930,LB COL. NEURONAS EN ACCION 5,GENERICO,Útiles y librería,Libros,""
9786316592309,LB COL. NUEVO JUEGA Y COLOREA,GENERICO,Útiles y librería,Libros,""
9789878206912,LB COL. NUEVOS EDUCAJUEGOS,GENERICO,Útiles y librería,Libros,""
9789871713851,LB COL. PERSONAJES F. AFA NUEVO,GENERICO,Útiles y librería,Libros,""
9786313036783,LB COL. PINTA Y CREA 4,GENERICO,Útiles y librería,Libros,""
9786313034970,LB COL. SUPER COLOREA 16,GENERICO,Útiles y librería,Libros,""
9786313037582,LB COL. SUPER COLOREA 17,GENERICO,Útiles y librería,Libros,""
9786313034987,LB COL. TATUAJES. COLORES PARA MI,GENERICO,Útiles y librería,Libros,""
9786316592736,LB COLAPINTO DIVERLIBRO 64 PAG.,GENERICO,Útiles y librería,Libros,""
9789873203909,LB CUTE Y COZY ART MOSHI MOSHI,GENERICO,Útiles y librería,Libros,""
9786313074204,LB DIA CON CAPIBARA VALIJITA,GENERICO,Útiles y librería,Libros,""
9786316592675,LB GATOS. STICKERMANIA,GENERICO,Útiles y librería,Libros,""
9786316592668,LB GATURRO. EL GRAN LIBRO DE JUEGOS,GENERICO,Útiles y librería,Libros,""
9786316592781,LB HALLOWEEN. LIBRO DE MASCARAS,GENERICO,Útiles y librería,Libros,""
9786313012244,LB MANUELITA,GENERICO,Útiles y librería,Libros,""
9786313072699,LB MEGALIBRO PERSONAJES ADORABLES,GENERICO,Útiles y librería,Libros,""
9789878223179,LB MUERTE EN EL NILO BOOKET,GENERICO,Útiles y librería,Libros,""
9789506447168,LEGADO VILLA TEL,PRH,Útiles y librería,Libros,""
9789878203720,LEO Y JUEGO PUZZLE,GUADAL,Útiles y librería,Libros,""
9786313071845,LEONCITO NINB LIB PE,GUADAL,Útiles y librería,Libros,""
9786316592088,LIBRO DE LAS PREGUNT,PRH,Útiles y librería,Libros,""
9789877256758,LIBRO DE LOS SECRETO,PRH,Útiles y librería,Libros,""
9789878209852,LILO Y STICH 500 STI,GUADAL,Útiles y librería,Libros,""
9786313036882,LILO YSTITCH JUE ACT,VERTICE,Útiles y librería,Libros,""
9789878208657,LOLA CANTANTE RIMAS,GUADAL,Útiles y librería,Libros,""
9789877257366,LOS GUARDIANES,PRH,Útiles y librería,Libros,""
9789878208480,LUNA DICE AMIG PELUC,GUADAL,Útiles y librería,Libros,""
9789500772587,MAFALDA 1,PRH,Útiles y librería,Libros,""
9789500772600,MAFALDA 2,PRH,Útiles y librería,Libros,""
9789500772617,MAFALDA 3,PRH,Útiles y librería,Libros,""
9789500772648,MAFALDA 6,PRH,Útiles y librería,Libros,""
9789500772662,MAFALDA 8,PRH,Útiles y librería,Libros,""
9789500772686,MAFALDA TODAS TIRAS,PRH,Útiles y librería,Libros,""
9786319085983,MALIBU RENACE,URANO,Útiles y librería,Libros,""
9786313034376,MARGA DIARIO SECRET,VERTICE,Útiles y librería,Libros,""
9786313033829,MARGARITA,VERTICE,Útiles y librería,Libros,""
9786313036738,MARGARITA ESCENARIO,VERTICE,Útiles y librería,Libros,""
9786313034956,MARGARITA ORG FIEST,VERTICE,Útiles y librería,Libros,""
9789506447748,MAS ALLA DEL MAR,PRH,Útiles y librería,Libros,""
9789877800944,MAS PLATON PROZAC,PRH,Útiles y librería,Libros,""
9786316592170,MASCOTAS BLOCK ANILL,PRH,Útiles y librería,Libros,""
9789878988436,MASCOTAS DIVERLIBROS,PRH,Útiles y librería,Libros,""
9789878988740,MASCOTAS DIVERLIBROS,PRH,Útiles y librería,Libros,""
9789878202105,MASCOTAS FAMILI ANIM,GUADAL,Útiles y librería,Libros,""
9786316592163,MASCOTAS FIESTA DE,PRH,Útiles y librería,Libros,""
9789878988993,MAYUSC JUEGO APRENDO,PRH,Útiles y librería,Libros,""
9786313072705,MEGALIBRO PINT UNICO,GUADAL,Útiles y librería,Libros,""
9789502817446,MEJORA TU SUENO,PRH,Útiles y librería,Libros,""
9789877256802,MENSAJE DE LOS SABIO,PRH,Útiles y librería,Libros,""
9789877979183,MI DIARIO SECRETO UN,GUADAL,Útiles y librería,Libros,""
9786313072682,MI GRAN LIBRO KAWAII,GUADAL,Útiles y librería,Libros,""
9786316592316,MI MASCOTA Y YO,PRH,Útiles y librería,Libros,""
9789506447786,MI PEQUENA MARIPOSA,PRH,Útiles y librería,Libros,""
9789500771474,MI PRIMER LIBRO,PRH,Útiles y librería,Libros,""
9789878204123,MI PRIMERA BIBLIOTEC,GUADAL,Útiles y librería,Libros,""
9789878208640,MIEDO NO ME QUEDO,GUADAL,Útiles y librería,Libros,""
9789502817118,MINDFULNESS PREMIUM,PRH,Útiles y librería,Libros,""
9786313070558,MINI CTO GABY,GUADAL,Útiles y librería,Libros,""
9786313070541,MINI CTOS PAW PAT,GUADAL,Útiles y librería,Libros,""
9786313070596,MINI LIBROS PARA PIN,GUADAL,Útiles y librería,Libros,""
9789878206561,MINICUENT GABBY DOLL,GUADAL,Útiles y librería,Libros,""
9786313012343,MISION EN PARIS,PRH,Útiles y librería,Libros,""
9789502817576,MONEY MINDFULNESS,PRH,Útiles y librería,Libros,""
9789878988771,MONSTRUO DIVERLIBROS,PRH,Útiles y librería,Libros,""
9789502817248,MOVIMIENTO MAS VIDA,PRH,Útiles y librería,Libros,""
9789877256772,MUCHAS VIDAS MUCHOS,PRH,Útiles y librería,Libros,""
9789506447793,MUJER SAMURAI,PRH,Útiles y librería,Libros,""
9786316696038,MUNDO DE ARIANA GRAN,GUADAL,Útiles y librería,Libros,""
9789877362985,MUNDO DE LYNA EL,PRH,Útiles y librería,Libros,""
9786316696021,MUNDO DE MR BEAST EL,GUADAL,Útiles y librería,Libros,""
9786316592538,MY CRAZY BOOK 2 PR,PRH,Útiles y librería,Libros,""
9789877364927,MY CRAZY BOOK DE LYN,SIN MARCA,Útiles y librería,Libros,""
9786316592125,MY CRAZY BOOK PREMIUM,PRH,Útiles y librería,Libros,""
9789500771870,NOMB EMILIA DEL VALL,PRH,Útiles y librería,Libros,""
9789877257588,NOTICIAS SECUEST NE,PRH,Útiles y librería,Libros,""
9789878208619,OCTAVIO COCINERO RIM,GUADAL,Útiles y librería,Libros,""
9789877365276,ORIG UNICORN PRIN,PRH,Útiles y librería,Libros,""
9789877255928,PADRE RICO PADRE POB,SIN MARCA,Útiles y librería,Libros,""
9789877694185,PAJAROS BOCA CUENT,PRH,Útiles y librería,Libros,""
9789877364606,PALABRAS PRIMERA INF,PRH,Útiles y librería,Libros,""
9789877974027,PATROL PRIMERA BIBLI,GUADAL,Útiles y librería,Libros,""
9786313032136,PAW PAT JUEGA Y PIN,VERTICE,Útiles y librería,Libros,""
9789877365351,PEPPA CUADERNO DE AC,PRH,Útiles y librería,Libros,""
9789878988344,PEQUENAS DULZURAS PR,PRH,Útiles y librería,Libros,""
9789502817309,PERRO FELIZ NUEVA ED,PRH,Útiles y librería,Libros,""
9789502818085,PERRO VIDA Y YO MASC,PRH,Útiles y librería,Libros,""
9789877254082,PIENSE Y HAGASE RICO,PRH,Útiles y librería,Libros,""
9789878221069,PRECIO DE LA PASION,PLANETA,Útiles y librería,Libros,""
9789504993575,PRECIO PASION NE,PLANETA,Útiles y librería,Libros,""
9789878988160,PRH A LEERJUEGO Y AP,PRH,Útiles y librería,Libros,""
9789878443850,PRH ANIMALES DOMESTI,PRH,Útiles y librería,Libros,""
9789878988177,PRH IMPR MAYU JUE Y,PRH,Útiles y librería,Libros,""
9789877950465,PRH PODER DE LAS PAL,PRH,Útiles y librería,Libros,""
9789877363722,PRH U FLIA AN UNAS V,PRH,Útiles y librería,Libros,""
9789877363326,PRH UNA FAMILIA ANOR,PRH,Útiles y librería,Libros,""
9789506447069,PRIMER CAFE DEL DIA,PRH,Útiles y librería,Libros,""
9789878202174,PRINCESAS Y PALABRAS,GUADAL,Útiles y librería,Libros,""
9789878201863,PRINCIP DIARIO SECR,GUADAL,Útiles y librería,Libros,""
9789878201887,PRINCIPITO EL 365 AC,GUADAL,Útiles y librería,Libros,""
9789504989127,QUE HACEN CAM BOMB,PLANETA,Útiles y librería,Libros,""
9789504989110,QUE HACEN TRACTORES,PLANETA,Útiles y librería,Libros,""
9789878208084,QUE NO INQ EL CHUPET,GUADAL,Útiles y librería,Libros,""
9789506447779,REGALO CAFE LUNA LLE,PRH,Útiles y librería,Libros,""
9789878049946,REINO INFAN COLOREAR,VERTICE,Útiles y librería,Libros,""
9789877257571,RELATO DE UN NAUF NE,PRH,Útiles y librería,Libros,""
9786313033591,RIVER SUPER COLOR,VERTICE,Útiles y librería,Libros,""
9789502817293,SALUD BIENEST DESCON,PRH,Útiles y librería,Libros,""
9789877257229,SANGRE AZUL NE,PRH,Útiles y librería,Libros,""
9789877392326,SECRETO D L ASISTENT,PRH,Útiles y librería,Libros,""
9789877365061,SEMANA DE MASCOTAS,PRH,Útiles y librería,Libros,""
9786313070770,SHOW MAGI AVENT ENLA,GUADAL,Útiles y librería,Libros,""
9789871886265,SIETE MARID EVELYN H,URANO,Útiles y librería,Libros,""
9789504993926,SIGUE LLOVIENDO,PLANETA,Útiles y librería,Libros,""
9789504989158,SIGUE TUS SUENOS,PLANETA,Útiles y librería,Libros,""
9789878208473,SIMON DICE AMI PELUC,GUADAL,Útiles y librería,Libros,""
9786313034857,SPIDEY BLOCK COL,VERTICE,Útiles y librería,Libros,""
9789878940984,TERAPIA PARA LLEVAR,PRH,Útiles y librería,Libros,""
9786313070442,TIEMPO CUENT COL ORO,GUADAL,Útiles y librería,Libros,""
9789504989097,TIGRE HIST SUAV DIV,PLANETA,Útiles y librería,Libros,""
9789502817729,TIME MINDFULNESS,PRH,Útiles y librería,Libros,""
9789877257243,TRAS HUELLAS PAD NE,PRH,Útiles y librería,Libros,""
9789878988580,TRAZADO DE LETRAS,PRH,Útiles y librería,Libros,""
9789878208114,TREX DINOOLIMP,GUADAL,Útiles y librería,Libros,""
9789504992646,ULTIMO SECRETO EL,PLANETA,Útiles y librería,Libros,""
9786316592422,ULTRAJUEG SUPERDIVER,PRH,Útiles y librería,Libros,""
9786316592767,ULTRAZOMBIE CRAZ BOO,PRH,Útiles y librería,Libros,""
9789877364262,UNA FAMILIA ANORMAL,PRH,Útiles y librería,Libros,""
9786313071944,UNIC KIT VIAJ,GUADAL,Útiles y librería,Libros,""
9789504989103,UNICOR HIST SUAV DIV,PLANETA,Útiles y librería,Libros,""
9786316592804,UNICOR VALIJ JUE COL,PRH,Útiles y librería,Libros,""
9786316592521,UNICORN FIEST STIC,PRH,Útiles y librería,Libros,""
9789504989141,UNICORNIO HIST MAG,PLANETA,Útiles y librería,Libros,""
9786313031382,UNICORNIOS,VERTICE,Útiles y librería,Libros,""
9786313033553,UNICORNIOS PINT CAL,VERTICE,Útiles y librería,Libros,""
9789878988542,UNIVERSOLIBRO DE LAS,PRH,Útiles y librería,Libros,""
9789878203126,VALENTIA CAMINAN JUN,GUADAL,Útiles y librería,Libros,""
9789877257250,VECINOS NE,PRH,Útiles y librería,Libros,""
9789878221441,VERITY BOOKET,PLANETA,Útiles y librería,Libros,""
9789501533149,VIDA NUTRITIVA,PRH,Útiles y librería,Libros,""
9789878221526,VOZ AUSENTE LA BOOKE,PLANETA,Útiles y librería,Libros,""
9789878223148,Y NO QUEDO NINGUNO,PLANETA,Útiles y librería,Libros,""
9786313037469,ZOOTOPIA 2 BLIS SEL,VERTICE,Útiles y librería,Libros,""
9786313037445,ZOOTOPIA 2 COL ARMAR,VERTICE,Útiles y librería,Libros,""
9786313038992,ZOOTOPIA 2 LIBRO COL,VERTICE,Útiles y librería,Libros,""
9786313037421,ZOOTOPIA JUEG COL,VERTICE,Útiles y librería,Libros,""
3154145403008,ABROCHADORA VIVO N10,SIN MARCA,Útiles y librería,Papelería,""
7798167436673,BLIS ADHE COLOX40SUR,SIN MARCA,Útiles y librería,Papelería,""
7798167436680,BLIS ADHE GLITX 38SU,SIN MARCA,Útiles y librería,Papelería,""
7791911760024,BLOCK CART DISENOS E,MURESCO,Útiles y librería,Papelería,""
7791911760031,BLOCK CART GEOM FLUO,MURESCO,Útiles y librería,Papelería,""
7791911760192,BLOCK PAP AFICHE 50H,MURESCO,Útiles y librería,Papelería,""
7796893001165,CARTU BLANCA 1 ROLLO,SIN MARCA,Útiles y librería,Papelería,""
7796893001189,CARTUL CSURTIDOS 1 R,SIN MARCA,Útiles y librería,Papelería,""
7796893001219,CARTUL FLUO C SURTID,SIN MARCA,Útiles y librería,Papelería,""
7796893001196,CARTUL METALIZADA CS,SIN MARCA,Útiles y librería,Papelería,""
7796893000052,FOLIO OFI STANDX10UN,SIN MARCA,Útiles y librería,Papelería,""
7798165401703,GOMA EVA ROLLO 43X60,REGALERIA,Útiles y librería,Papelería,""
7798165402397,GOMA EVA X1 GLITTER,BLYWARD,Útiles y librería,Papelería,""
7798136892110,LAMINAS P COLOREAR,SIN MARCA,Útiles y librería,Papelería,""
7796893000168,LUMA PAPEL GLACE 6 G,LUMA,Útiles y librería,Papelería,""
7791911549445,MURESCO PAPEL REGALO,MURESCO,Útiles y librería,Papelería,""
7791911564912,MURESCO PAPEL REGALO,MURESCO,Útiles y librería,Papelería,""
7796893000991,PA CREPE X2 AMARILLO,SIN MARCA,Útiles y librería,Papelería,""
7791911529997,PAP ARAN ECOL SURT,MURESCO,Útiles y librería,Papelería,""
7796893000830,PAPEL CALCAR N3X8HJS,SIN MARCA,Útiles y librería,Papelería,""
7796893001011,PAPEL CREPE AZUL LUM,SIN MARCA,Útiles y librería,Papelería,""
7796893000960,PAPEL CREPE BLANCO L,SIN MARCA,Útiles y librería,Papelería,""
7796893001004,PAPEL CREPE VERDE LU,SIN MARCA,Útiles y librería,Papelería,""
7796893000076,PAPEL GLACE LUSTRE,SIN MARCA,Útiles y librería,Papelería,""
7796893000113,PAPEL GLACE METALIZ,SIN MARCA,Útiles y librería,Papelería,""
7798165401871,PAPEL SEDA COLORES L,REGALERIA,Útiles y librería,Papelería,""
7703486037487,PAPER FUN COLOR BX4,SIN MARCA,Útiles y librería,Papelería,""
0021200588495,POST IT MARCA PAGINA,POST IT,Útiles y librería,Papelería,""
0638060858684,POST IT NOTAS TRANSP,POST IT,Útiles y librería,Papelería,""
7791911211014,PVC TRANSPARENTE X2,SIN MARCA,Útiles y librería,Papelería,""
7891173022868,RESMA A4 CHAMEX 75G,SIN MARCA,Útiles y librería,Papelería,""
7798043561680,RESMA A4 PAMPA 70GR 500H,PAMPA,Útiles y librería,Papelería,""
7791911424612,ROLLOS AFICHE SURT,MURESCO,Útiles y librería,Papelería,""
7798165400898,SOBRE CARTA 240X305O,REGALERIA,Útiles y librería,Papelería,""
7798165400966,SOBRE OF ESP 270X370,REGALERIA,Útiles y librería,Papelería,""
9789878049922,SPIDEY STICKERS,SIN MARCA,Útiles y librería,Papelería,""
7798167435836,TEM COLO FLUO ESTUX5,SIN MARCA,Útiles y librería,Papelería,""
7798167435676,TEM MAGIC PASTE X5U,SIN MARCA,Útiles y librería,Papelería,""
7798167436994,TEMP AMARI GTTE X100,ALBA,Útiles y librería,Papelería,""
7798167437052,TEMP CBRE MTZDO X100,ALBA,Útiles y librería,Papelería,""
7798167436987,TEMP NJA GLITTE X100,ALBA,Útiles y librería,Papelería,""
7798167437045,TEMP ORO MTZDO X100,ALBA,Útiles y librería,Papelería,""
7798167437021,TEMP ROSA GTTE X100,ALBA,Útiles y librería,Papelería,""
7798167436970,TEMP VDE GLITTE X100,ALBA,Útiles y librería,Papelería,""
7798093917482,TEMPALBAMAGIC POMO 1,ALBA,Útiles y librería,Papelería,""
7798093917536,TEMPALBAMAGIC POMO 1,ALBA,Útiles y librería,Papelería,""
7798093917567,TEMPALBAMAGIC POMO 1,ALBA,Útiles y librería,Papelería,""
7794757260017,TEMPERA COLORPEPS BRILLANTES X12 POMOS,MAPED,Útiles y librería,Papelería,""
7798093912135,TEMPERA ESCOLAR COLO,SIN MARCA,Útiles y librería,Papelería,""
7794757267108,TEMPERA POMO 250GR B,MAPED,Útiles y librería,Papelería,""
9789878973999,TEMPERA SOLIDA DINO,SIN MARCA,Útiles y librería,Papelería,""
9789878973326,TEMPERA SOLIDA GRAN,SIN MARCA,Útiles y librería,Papelería,""
9789878973333,TEMPERA SOLIDA ILU,SIN MARCA,Útiles y librería,Papelería,""
9786316571007,TEMPERA SOLIDA MONST,SIN MARCA,Útiles y librería,Papelería,""
